cpp0000	proj/leveldb	util/crc32c_test.cc	17	2	call	ASSERT_EQ
cpp0001	proj/leveldb	include/leveldb/status.h	116	7	path	swap
cpp0002	proj/leveldb	table/table.cc	265	36	member	offset
cpp0003	proj/leveldb	util/env_posix.cc	367	26	name	filename_
cpp0004	proj/leveldb	benchmarks/db_bench.cc	743	25	member	Report
cpp0005	proj/leveldb	benchmarks/db_bench_sqlite3.cc	146	23	member	data
cpp0006	proj/leveldb	table/iterator_wrapper.h	85	2	type	Iterator
cpp0007	proj/leveldb	db/log_reader.cc	128	19	member	append
cpp0008	proj/leveldb	db/recovery_test.cc	298	21	call	Get
cpp0009	proj/leveldb	db/version_set.cc	1111	20	member	files_
cpp0010	proj/leveldb	db/db_iter.cc	21	49	member	Next
cpp0011	proj/leveldb	db/c.cc	363	9	member	Iterate
cpp0012	proj/leveldb	table/table_test.cc	636	21	member	Valid
cpp0013	proj/leveldb	db/log_test.cc	438	7	type	LogTest
cpp0014	proj/leveldb	db/db_impl.h	205	33	path	kNumLevels
cpp0015	proj/leveldb	db/db_impl.cc	959	29	member	Compare
cpp0016	proj/leveldb	db/version_set.cc	342	6	type	State
cpp0017	proj/leveldb	db/db_test.cc	395	31	member	TEST_NewInternalIterator
cpp0018	proj/leveldb	table/format.cc	54	19	path	Corruption
cpp0019	proj/leveldb	table/merger.cc	77	14	member	Next
cpp0020	proj/leveldb	helpers/memenv/memenv_test.cc	155	35	member	Flush
cpp0021	proj/leveldb	db/version_set.cc	256	2	type	SaverState
cpp0022	proj/leveldb	benchmarks/db_bench_tree_db.cc	186	8	name	kyotocabinet
cpp0023	proj/leveldb	include/leveldb/filter_policy.h	27	21	type	FilterPolicy
cpp0024	proj/leveldb	util/histogram.cc	266	6	member	append
cpp0025	proj/leveldb	db/version_set.cc	1406	50	member	inputs_
cpp0026	proj/leveldb	db/write_batch.cc	76	11	type	Status
cpp0027	proj/leveldb	helpers/memenv/memenv_test.cc	154	35	member	Sync
cpp0028	proj/leveldb	db/db_test.cc	92	4	type	Status
cpp0029	proj/leveldb	util/coding.h	27	5	call	PutLengthPrefixedSlice
cpp0030	proj/leveldb	benchmarks/db_bench.cc	1009	31	member	shared
cpp0031	proj/leveldb	util/coding.h	25	5	call	PutVarint32
cpp0032	proj/leveldb	db/db_impl.cc	434	15	member	Corruption
cpp0033	proj/leveldb	db/version_set_test.cc	221	2	call	ASSERT_EQ
cpp0034	proj/leveldb	db/version_set.cc	193	2	type	Slice
cpp0035	proj/leveldb	db/repair.cc	79	37	member	size
cpp0036	proj/leveldb	util/env_posix.cc	620	34	name	errno
cpp0037	proj/leveldb	util/coding_test.cc	183	18	member	ToString
cpp0038	proj/leveldb	db/db_test.cc	2072	7	type	DBTest
cpp0039	proj/leveldb	db/recovery_test.cc	90	19	name	current
cpp0040	proj/leveldb	db/db_impl.cc	751	55	member	level
cpp0041	proj/leveldb	db/version_set.cc	927	26	member	log_number_
cpp0042	proj/leveldb	table/two_level_iterator.cc	97	14	member	SeekToLast
cpp0043	proj/leveldb	db/c.cc	207	8	member	ok
cpp0044	proj/leveldb	benchmarks/db_bench_sqlite3.cc	687	15	call	sscanf
cpp0045	proj/leveldb	db/version_set.cc	1140	30	member	ApproximateOffsetOf
cpp0046	proj/leveldb	db/db_impl.cc	721	35	member	level
cpp0047	proj/leveldb	db/db_test.cc	2248	19	name	stderr
cpp0048	proj/leveldb	util/env_posix.cc	573	2	type	Status
cpp0049	proj/leveldb	db/db_test.cc	2221	71	member	Next
cpp0050	proj/leveldb	db/write_batch_test.cc	81	2	type	WriteBatchInternal
cpp0051	proj/leveldb	db/db_impl.h	135	14	call	BuildBatchGroup
cpp0052	proj/leveldb	table/table_test.cc	693	18	path	RandomKey
cpp0053	proj/leveldb	db/write_batch.cc	86	34	type	WriteBatch
cpp0054	proj/leveldb	db/corruption_test.cc	265	2	call	Build
cpp0055	proj/leveldb	util/env_posix.cc	649	2	type	Status
cpp0056	proj/leveldb	benchmarks/db_bench.cc	388	18	member	FinishedSingleOp
cpp0057	proj/leveldb	util/env_windows.cc	190	36	member	get
cpp0058	proj/leveldb	db/db_impl.cc	1068	8	call	mu
cpp0059	proj/leveldb	table/table_builder.cc	151	2	type	CompressionType
cpp0060	proj/leveldb	util/no_destructor_test.cc	35	22	name	instance
cpp0061	proj/leveldb	db/repair.cc	94	4	type	FileMetaData
cpp0062	proj/leveldb	db/version_set.cc	532	18	member	clear
cpp0063	proj/leveldb	db/dumpfile.cc	115	21	member	dst_
cpp0064	proj/leveldb	db/db_impl.cc	1113	29	call	ReadOptions
cpp0065	proj/leveldb	db/db_test.cc	2258	13	member	Seek
cpp0066	proj/leveldb	include/leveldb/db.h	5	8	type	STORAGE_LEVELDB_INCLUDE_DB_H_
cpp0067	proj/leveldb	util/status.cc	72	11	member	append
cpp0068	proj/leveldb	util/cache.cc	175	11	type	LRUHandle
cpp0069	proj/leveldb	table/table_test.cc	292	9	call	status
cpp0070	proj/leveldb	table/filter_block_test.cc	78	10	member	StartBlock
cpp0071	proj/leveldb	db/skiplist.h	328	6	call	rnd_
cpp0072	proj/leveldb	util/testutil.cc	44	9	member	append
cpp0073	proj/leveldb	db/log_test.cc	449	0	call	TEST_F
cpp0074	proj/leveldb	db/version_set.cc	487	52	member	options_
cpp0075	proj/leveldb	table/table_builder.cc	21	21	path	Rep
cpp0076	proj/leveldb	util/env_posix.cc	920	2	type	PosixDefaultEnv
cpp0077	proj/leveldb	db/db_test.cc	2022	2	type	MTState
cpp0078	proj/leveldb	db/version_set_test.cc	162	2	name	disjoint_sorted_files_
cpp0079	proj/leveldb	db/db_test.cc	130	20	name	non_writable_
cpp0080	proj/leveldb	helpers/memenv/memenv.cc	247	23	name	fname
cpp0081	proj/leveldb	db/repair.cc	335	50	member	meta
cpp0082	proj/leveldb	db/table_cache.cc	78	0	type	Iterator
cpp0083	proj/leveldb	table/table_test.cc	409	2	call	Harness
cpp0084	proj/leveldb	table/merger.cc	67	22	call	key
cpp0085	proj/leveldb	db/c.cc	280	44	member	rep
cpp0086	proj/leveldb	table/table_test.cc	65	28	name	reverse_key_comparator
cpp0087	proj/leveldb	util/coding.cc	149	11	member	remove_prefix
cpp0088	proj/leveldb	db/fault_injection_test.cc	506	7	call	NoWriteTestPreFault
cpp0089	proj/leveldb	db/recovery_test.cc	85	14	call	ManifestFileName
cpp0090	proj/leveldb	table/merger.h	21	10	call	NewMergingIterator
cpp0091	proj/leveldb	issues/issue178_test.cc	38	36	path	kNoCompression
cpp0092	proj/leveldb	db/builder.cc	32	19	member	DecodeFrom
cpp0093	proj/leveldb	db/repair.cc	348	2	type	Status
cpp0094	proj/leveldb	db/db_test.cc	1233	24	call	Size
cpp0095	proj/leveldb	db/db_impl.cc	989	13	member	user_key
cpp0096	proj/leveldb	db/filename_test.cc	92	14	call	ParseFileName
cpp0097	proj/leveldb	db/version_set.cc	663	9	member	allowed_seeks
cpp0098	proj/leveldb	include/leveldb/c.h	258	0	type	LEVELDB_EXPORT
cpp0099	proj/leveldb	benchmarks/db_bench.cc	978	4	type	Status
cpp0100	proj/leveldb	benchmarks/db_bench_log.cc	86	35	member	Arg
cpp0101	proj/leveldb	port/port_stdcxx.h	78	26	path	mutex
cpp0102	proj/leveldb	db/skiplist.h	222	12	type	SkipList
cpp0103	proj/leveldb	util/windows_logger.h	62	25	member	wHour
cpp0104	proj/leveldb	db/version_set_test.cc	142	2	call	ASSERT_TRUE
cpp0105	proj/leveldb	db/log_reader.cc	128	35	member	data
cpp0106	proj/leveldb	include/leveldb/env.h	402	2	type	Env
cpp0107	proj/leveldb	util/coding_test.cc	185	21	member	ToString
cpp0108	proj/leveldb	benchmarks/db_bench.cc	230	12	call	AppendWithSpace
cpp0109	proj/leveldb	util/histogram.h	29	9	call	StandardDeviation
cpp0110	proj/leveldb	db/db_iter.cc	21	13	member	SeekToFirst
cpp0111	proj/leveldb	helpers/memenv/memenv_test.cc	133	41	name	result
cpp0112	proj/leveldb	db/repair.cc	108	13	name	number
cpp0113	proj/leveldb	db/db_iter.cc	296	6	name	iter_
cpp0114	proj/leveldb	table/table_test.cc	433	11	type	DB_TEST
cpp0115	proj/leveldb	db/repair.cc	137	60	member	c_str
cpp0116	proj/leveldb	benchmarks/db_bench.cc	946	12	member	Seek
cpp0117	proj/leveldb	table/two_level_iterator.cc	38	22	member	value
cpp0118	proj/leveldb	include/leveldb/c.h	75	64	name	errptr
cpp0119	proj/leveldb	util/arena.cc	15	33	member	size
cpp0120	proj/leveldb	table/table_builder.cc	278	23	path	FileSize
cpp0121	proj/leveldb	table/block_builder.cc	80	54	member	size
cpp0122	proj/leveldb	util/bloom_test.cc	22	2	call	BloomTest
cpp0123	proj/leveldb	db/write_batch.cc	51	16	member	empty
cpp0124	proj/leveldb	db/db_iter.cc	74	20	member	status
cpp0125	proj/leveldb	db/db_impl.h	41	9	call	Delete
cpp0126	proj/leveldb	db/repair.cc	351	4	type	Status
cpp0127	proj/leveldb	db/db_test.cc	1747	32	path	TempDir
cpp0128	proj/leveldb	issues/issue178_test.cc	74	13	member	SeekToFirst
cpp0129	proj/leveldb	benchmarks/db_bench_sqlite3.cc	553	8	call	ErrorCheck
cpp0130	proj/leveldb	include/leveldb/c.h	167	15	name	leveldb_options_t
cpp0131	proj/leveldb	db/log_reader.cc	179	13	name	bytes
cpp0132	proj/leveldb	db/db_test.cc	851	2	call	ASSERT_EQ
cpp0133	proj/leveldb	db/filename.h	73	5	call	ParseFileName
cpp0134	proj/leveldb	benchmarks/db_bench.cc	515	58	member	c_str
cpp0135	proj/leveldb	db/log_test.cc	491	19	call	Read
cpp0136	proj/leveldb	db/skiplist_test.cc	76	31	path	Iterator
cpp0137	proj/leveldb	helpers/memenv/memenv_test.cc	34	21	member	FileExists
cpp0138	proj/leveldb	db/leveldbutil.cc	18	19	path	OK
cpp0139	proj/leveldb	db/db_test.cc	220	22	member	load
cpp0140	proj/leveldb	db/builder.cc	46	19	member	file_size
cpp0141	proj/leveldb	db/version_set_test.cc	220	2	call	AddBoundaryInputs
cpp0142	proj/leveldb	db/db_impl.h	203	2	type	Status
cpp0143	proj/leveldb	include/leveldb/c.h	74	26	call	leveldb_open
cpp0144	proj/leveldb	table/table_test.cc	629	11	member	cachable
cpp0145	proj/leveldb	db/db_impl.cc	307	19	member	info_log
cpp0146	proj/leveldb	table/table_test.cc	165	10	type	Status
cpp0147	proj/leveldb	util/cache.cc	262	30	path	Handle
cpp0148	proj/leveldb	benchmarks/db_bench_log.cc	33	32	path	TempDir
cpp0149	proj/leveldb	benchmarks/db_bench.cc	839	16	type	FLAGS_num
cpp0150	proj/leveldb	db/version_set.cc	733	12	path	VersionSet
cpp0151	proj/leveldb	table/block.cc	92	24	member	Compare
cpp0152	proj/leveldb	db/db_impl.cc	1087	32	member	LastSequence
cpp0153	proj/leveldb	table/table.cc	180	43	member	fill_cache
cpp0154	proj/leveldb	helpers/memenv/memenv.cc	27	26	call	size_
cpp0155	proj/leveldb	benchmarks/db_bench_sqlite3.cc	649	13	call	sqlite3_finalize
cpp0156	proj/leveldb	db/leveldbutil.cc	21	43	path	OK
cpp0157	proj/leveldb	db/log_reader.cc	128	52	member	size
cpp0158	proj/leveldb	db/db_test.cc	2286	7	path	fprintf
cpp0159	proj/leveldb	db/db_test.cc	1751	10	name	opts
cpp0160	proj/leveldb	db/snapshot.h	84	21	member	prev_
cpp0161	proj/leveldb	db/skiplist_test.cc	256	50	call	key
cpp0162	proj/leveldb	db/version_set.cc	1444	36	member	Encode
cpp0163	proj/leveldb	table/table_test.cc	785	14	call	Between
cpp0164	proj/leveldb	db/fault_injection_test.cc	477	32	member	DropUnsyncedFileData
cpp0165	proj/leveldb	db/skiplist.h	180	69	path	NewNode
cpp0166	proj/leveldb	db/db_impl.cc	1226	4	type	WriteBatch
cpp0167	proj/leveldb	db/db_impl.cc	397	16	member	status
cpp0168	proj/leveldb	benchmarks/db_bench.cc	152	21	member	FindShortSuccessor
cpp0169	proj/leveldb	db/db_test.cc	1883	34	path	memory_order_release
cpp0170	proj/leveldb	db/db_test.cc	1579	16	member	ToString
cpp0171	proj/leveldb	db/c.cc	163	35	path	malloc
cpp0172	proj/leveldb	util/cache.cc	297	49	member	key
cpp0173	proj/leveldb	util/histogram.h	27	9	call	Percentile
cpp0174	proj/leveldb	db/log_test.cc	179	26	type	Slice
cpp0175	proj/leveldb	db/repair.cc	308	40	member	meta
cpp0176	proj/leveldb	db/version_set.cc	632	51	member	first
cpp0177	proj/leveldb	issues/issue200_test.cc	45	2	call	ASSERT_EQ
cpp0178	proj/leveldb	include/leveldb/c.h	223	0	type	LEVELDB_EXPORT
cpp0179	proj/leveldb	db/db_test.cc	907	2	call	ASSERT_EQ
cpp0180	proj/leveldb	table/iterator.cc	62	2	type	Status
cpp0181	proj/leveldb	port/port_stdcxx.h	135	4	type	HAVE_ZSTD
cpp0182	proj/leveldb	db/filename.cc	44	2	call	assert
cpp0183	proj/leveldb	table/table.cc	153	0	type	Iterator
cpp0184	proj/leveldb	util/status_test.cc	34	35	name	self_moved
cpp0185	proj/leveldb	db/repair.cc	340	16	member	push_back
cpp0186	proj/leveldb	util/env_windows.cc	449	42	member	QuadPart
cpp0187	proj/leveldb	db/log_test.cc	433	2	call	ASSERT_EQ
cpp0188	proj/leveldb	db/fault_injection_test.cc	295	5	type	FaultInjectionTestEnv
cpp0189	proj/leveldb	include/leveldb/env.h	95	10	type	Status
cpp0190	proj/leveldb	table/filter_block.cc	63	29	member	data
cpp0191	proj/leveldb	db/dbformat.h	76	36	call	type
cpp0192	proj/leveldb	util/env_posix_test.cc	156	2	call	ASSERT_EQ
cpp0193	proj/leveldb	benchmarks/db_bench.cc	944	28	member	rand
cpp0194	proj/leveldb	db/db_test.cc	580	4	call	ASSERT_LEVELDB_OK
cpp0195	proj/leveldb	util/logging.cc	55	11	name	value
cpp0196	proj/leveldb	db/db_impl.cc	607	9	member	level
cpp0197	proj/leveldb	db/fault_injection_test.cc	301	7	type	FaultInjectionTestEnv
cpp0198	proj/leveldb	db/write_batch.cc	116	44	path	Handler
cpp0199	proj/leveldb	db/fault_injection_test.cc	222	16	call	SyncParent
cpp0200	proj/leveldb	util/testutil.h	54	8	call	writable_file_error_
cpp0201	proj/leveldb	db/db_impl.cc	198	12	member	AddRecord
cpp0202	proj/leveldb	helpers/memenv/memenv.cc	129	26	member	back
cpp0203	proj/leveldb	db/dbformat.cc	23	45	member	sequence
cpp0204	proj/leveldb	db/db_test.cc	1199	2	call	dbfull
cpp0205	proj/leveldb	db/c.cc	301	27	name	klen
cpp0206	proj/leveldb	util/env_posix_test.cc	139	20	call	fd_buffer
cpp0207	proj/leveldb	util/env_test.cc	237	61	name	appendable_file
cpp0208	proj/leveldb	db/skiplist.h	356	35	path	memory_order_relaxed
cpp0209	proj/leveldb	db/version_set.cc	861	19	path	Recover
cpp0210	proj/leveldb	util/hash_test.cc	37	6	call	Hash
cpp0211	proj/leveldb	db/db_test.cc	355	4	type	ReadOptions
cpp0212	proj/leveldb	table/table.cc	180	23	member	cachable
cpp0213	proj/leveldb	db/fault_injection_test.cc	235	14	call	state
cpp0214	proj/leveldb	db/db_test.cc	92	25	member	GetChildren
cpp0215	proj/leveldb	db/c.cc	301	8	member	rep
cpp0216	proj/leveldb	util/cache.cc	331	6	call	assert
cpp0217	proj/leveldb	db/recovery_test.cc	219	21	type	LogFileReuse
cpp0218	proj/leveldb	benchmarks/db_bench_tree_db.cc	304	20	member	GetTestDirectory
cpp0219	proj/leveldb	db/repair.cc	215	17	member	info_log
cpp0220	proj/leveldb	db/log_test.cc	485	2	call	Write
cpp0221	proj/leveldb	port/thread_annotations.h	100	2	call	THREAD_ANNOTATION_ATTRIBUTE__
cpp0222	proj/leveldb	include/leveldb/slice.h	72	16	call	size
cpp0223	proj/leveldb	db/dumpfile.cc	173	6	member	clear
cpp0224	proj/leveldb	table/table.cc	175	54	member	Value
cpp0225	proj/leveldb	db/db_test.cc	2077	30	path	memory_order_release
cpp0226	proj/leveldb	helpers/memenv/memenv.cc	210	9	call	Sync
cpp0227	proj/leveldb	benchmarks/db_bench_sqlite3.cc	380	26	type	RANDOM
cpp0228	proj/leveldb	db/version_set.cc	871	36	call	CurrentFileName
cpp0229	proj/leveldb	util/env_test.cc	167	15	member	Wait
cpp0230	proj/leveldb	db/skiplist.h	327	6	call	max_height_
cpp0231	proj/leveldb	db/c.cc	362	10	member	deleted_
cpp0232	proj/leveldb	util/env_windows_test.cc	62	11	path	EnvWindowsTest
cpp0233	proj/leveldb	db/log_test.cc	254	13	path	kBlockSize
cpp0234	proj/leveldb	db/db_test.cc	1508	7	type	DBTest
cpp0235	proj/leveldb	db/repair.cc	186	28	type	Status
cpp0236	proj/leveldb	table/block.cc	128	9	call	status
cpp0237	proj/leveldb	util/env_posix.cc	586	9	call	NewAppendableFile
cpp0238	proj/leveldb	db/repair.cc	105	29	name	dbname_
cpp0239	proj/leveldb	table/table.cc	230	22	member	Valid
cpp0240	proj/leveldb	table/block.cc	97	19	member	data
cpp0241	proj/leveldb	port/port_stdcxx.h	210	19	path	Extend
cpp0242	proj/leveldb	db/recovery_test.cc	139	27	call	dbfull
cpp0243	proj/leveldb	db/db_impl.cc	883	56	member	compaction
cpp0244	proj/leveldb	util/env_posix_test.cc	313	21	type	TestCloseOnExecLogger
cpp0245	proj/leveldb	db/log_test.cc	460	16	type	MissingLastIsIgnored
cpp0246	proj/leveldb	db/db_test.cc	508	16	call	NumTableFilesAtLevel
cpp0247	proj/leveldb	helpers/memenv/memenv_test.cc	256	9	name	db
cpp0248	proj/leveldb	db/db_test.cc	1363	4	call	ASSERT_EQ
cpp0249	proj/leveldb	db/db_test.cc	1295	4	call	ASSERT_LEVELDB_OK
cpp0250	proj/leveldb	util/env_windows.cc	337	11	path	WriteFile
cpp0251	proj/leveldb	benchmarks/db_bench_tree_db.cc	78	52	name	db_
cpp0252	proj/leveldb	db/recovery_test.cc	74	14	call	Get
cpp0253	proj/leveldb	include/leveldb/env.h	368	2	type	Status
cpp0254	proj/leveldb	util/env_test.cc	194	21	member	IsIOError
cpp0255	proj/leveldb	db/version_set.cc	1464	30	member	file_size
cpp0256	proj/leveldb	db/db_impl.cc	712	4	call	CompactMemTable
cpp0257	proj/leveldb	util/crc32c_test.cc	41	20	call	ASSERT_NE
cpp0258	proj/leveldb	benchmarks/db_bench_tree_db.cc	512	6	type	FLAGS_compression
cpp0259	proj/leveldb	table/merger.cc	112	21	member	key
cpp0260	proj/leveldb	util/env_test.cc	52	2	type	SequentialFile
cpp0261	proj/leveldb	benchmarks/db_bench.cc	1021	63	member	c_str
cpp0262	proj/leveldb	util/env_posix_test.cc	212	2	call	ASSERT_LEVELDB_OK
cpp0263	proj/leveldb	db/db_test.cc	1555	9	path	fflush
cpp0264	proj/leveldb	util/arena.h	52	7	path	atomic
cpp0265	proj/leveldb	db/version_set.cc	1136	8	type	Table
cpp0266	proj/leveldb	util/env_windows.cc	697	13	type	BackgroundWorkItem
cpp0267	proj/leveldb	issues/issue320_test.cc	86	53	name	test_map
cpp0268	proj/leveldb	benchmarks/db_bench_sqlite3.cc	87	17	name	stderr
cpp0269	proj/leveldb	helpers/memenv/memenv_test.cc	210	39	name	kFileDataLen
cpp0270	proj/leveldb	util/arena_test.cc	34	8	name	rnd
cpp0271	proj/leveldb	db/db_test.cc	1825	8	member	data_sync_error_
cpp0272	proj/leveldb	db/db_test.cc	1772	2	type	Status
cpp0273	proj/leveldb	table/two_level_iterator.cc	80	0	type	TwoLevelIterator
cpp0274	proj/leveldb	table/table_builder.cc	213	7	type	TableBuilder
cpp0275	proj/leveldb	db/c.cc	248	5	call	leveldb_approximate_sizes
cpp0276	proj/leveldb	include/leveldb/env.h	348	2	type	Status
cpp0277	proj/leveldb	db/version_set.cc	1088	33	member	size
cpp0278	proj/leveldb	db/db_impl.cc	1299	13	type	Writer
cpp0279	proj/leveldb	benchmarks/db_bench_sqlite3.cc	521	13	call	sqlite3_prepare_v2
cpp0280	proj/leveldb	util/env_windows_test.cc	32	2	type	FILE
cpp0281	proj/leveldb	db/dbformat.h	139	2	call	InternalKey
cpp0282	proj/leveldb	db/db_test.cc	590	4	call	ASSERT_EQ
cpp0283	proj/leveldb	db/db_impl.cc	817	8	member	largest
cpp0284	proj/leveldb	issues/issue178_test.cc	56	8	member	Clear
cpp0285	proj/leveldb	helpers/memenv/memenv.cc	280	4	type	FileState
cpp0286	proj/leveldb	db/skiplist_test.cc	38	11	type	Key
cpp0287	proj/leveldb	table/filter_block.h	34	2	call	FilterBlockBuilder
cpp0288	proj/leveldb	db/version_set.h	268	9	name	buffer
cpp0289	proj/leveldb	util/testutil.h	58	2	type	Status
cpp0290	proj/leveldb	db/version_edit.h	34	7	call	Clear
cpp0291	proj/leveldb	db/db_test.cc	816	2	call	ASSERT_EQ
cpp0292	proj/leveldb	db/autocompact_test.cc	101	48	call	Key
cpp0293	proj/leveldb	db/c.cc	489	11	member	state_
cpp0294	proj/leveldb	db/db_impl.cc	1148	23	name	value
cpp0295	proj/leveldb	benchmarks/db_bench.cc	869	26	member	NewIterator
cpp0296	proj/leveldb	db/version_set_test.cc	146	14	call	Overlaps
cpp0297	proj/leveldb	port/port_stdcxx.h	93	25	path	MaxCompressedLength
cpp0298	proj/leveldb	db/db_test.cc	936	8	member	Prev
cpp0299	proj/leveldb	table/table_test.cc	694	56	member	ToString
