python0000	proj/paperless-ngx	src/paperless/parsers/tesseract.py	516	32	call	is_born_digital_text
python0001	proj/paperless-ngx	src/documents/filters.py	672	26	type	CustomFieldInstance
python0002	proj/paperless-ngx	src/paperless_ai/base_model.py	260	23	call	_choice
python0003	proj/paperless-ngx	src/paperless/tests/test_checks.py	545	17	call	check_v3_minimum_upgrade_version
python0004	proj/paperless-ngx	src/paperless_ai/tests/test_embedding.py	198	16	call	get_embedding_model
python0005	proj/paperless-ngx	src/documents/tests/test_workflows.py	5915	22	member	make_action
python0006	proj/paperless-ngx	src/documents/search/_query.py	584	30	name	_widen_leaf
python0007	proj/paperless-ngx	src/documents/tests/test_task_signals.py	381	19	type	PaperlessTask
python0008	proj/paperless-ngx	src/documents/management/commands/mixins.py	126	22	call	Fernet
python0009	proj/paperless-ngx	src/paperless_ai/base_model.py	12	18	type	Final
python0010	proj/paperless-ngx	src/documents/tests/test_workflows.py	3068	12	name	title
python0011	proj/paperless-ngx	src/documents/tests/test_file_handling.py	1865	16	call	Path
python0012	proj/paperless-ngx	src/documents/tests/test_api_app_config.py	667	54	member	HTTP_200_OK
python0013	proj/paperless-ngx	src/paperless/tests/test_api_auth.py	33	25	name	username
python0014	proj/paperless-ngx	src/paperless_ai/base_model.py	96	19	type	MAX_SINGLE_VALUE_NAMES
python0015	proj/paperless-ngx	src/documents/tests/test_api_profile.py	219	39	member	data
python0016	proj/paperless-ngx	src/documents/tests/search/test_query.py	15	22	member	_errors
python0017	proj/paperless-ngx	src/paperless_mail/tests/factories.py	40	22	member	MailAction
python0018	proj/paperless-ngx	src/documents/views.py	3609	21	call	When
python0019	proj/paperless-ngx	src/paperless_ai/vector_store.py	89	21	type	Sequence
python0020	proj/paperless-ngx	src/paperless_ai/tests/test_ai_indexing.py	47	20	member	metadata
python0021	proj/paperless-ngx	src/documents/tests/search/test_highlight_query_guard.py	32	23	member	factories
python0022	proj/paperless-ngx	src/paperless_ai/indexing.py	18	15	member	utils
python0023	proj/paperless-ngx	src/documents/tests/search/test_backend.py	1087	19	name	ids
python0024	proj/paperless-ngx	src/documents/tests/test_document_model.py	151	12	name	created
python0025	proj/paperless-ngx	src-ui/e2e/backend.py	85	16	member	objects
python0026	proj/paperless-ngx	src/paperless_mail/tests/test_api.py	103	28	type	MailAccount
python0027	proj/paperless-ngx	src/documents/management/commands/document_importer.py	498	12	call	disable_signal
python0028	proj/paperless-ngx	src/documents/tests/test_management_consumer.py	26	17	member	management
python0029	proj/paperless-ngx	src/documents/tests/search/test_fuzzy_widening.py	342	18	type	SettingsWrapper
python0030	proj/paperless-ngx	src/documents/tests/search/test_schema_fingerprint.py	327	21	call	field_descriptors
python0031	proj/paperless-ngx	src/documents/views.py	834	40	name	serializers
python0032	proj/paperless-ngx	src/documents/tests/search/test_migration_fulltext_query_field_prefixes.py	117	27	member	refresh_from_db
python0033	proj/paperless-ngx	src/documents/tests/test_consumer.py	473	32	member	objects
python0034	proj/paperless-ngx	src/paperless_mail/tests/test_api.py	132	52	member	data
python0035	proj/paperless-ngx	src/paperless/parsers/mail.py	811	12	name	html_clean_file
python0036	proj/paperless-ngx	src/documents/export/sinks.py	279	20	call	PurePosixPath
python0037	proj/paperless-ngx	src/documents/tasks.py	333	23	member	batch_update
python0038	proj/paperless-ngx	src/documents/tests/test_api_documents.py	2471	24	member	uuid4
python0039	proj/paperless-ngx	src/paperless_ai/tests/test_vector_store.py	333	37	call	_nin_filter
python0040	proj/paperless-ngx	src/paperless/parsers/tesseract.py	456	12	call	copy_file_with_basic_stats
python0041	proj/paperless-ngx	src/documents/consumer.py	68	4	type	NoCleanupPluginMixin
python0042	proj/paperless-ngx	src/documents/management/commands/document_exporter.py	360	34	type	ShareLinkBundle
python0043	proj/paperless-ngx	src/documents/management/commands/convert_mariadb_uuid.py	29	17	member	stdout
python0044	proj/paperless-ngx	src/paperless/parsers/registry.py	287	19	member	info
python0045	proj/paperless-ngx	src/documents/double_sided.py	74	33	member	SCRATCH_DIR
python0046	proj/paperless-ngx	src/documents/tests/search/test_checksum_prefix_queries.py	82	24	member	_ids
python0047	proj/paperless-ngx	src/paperless_ai/tests/test_embedding.py	173	76	member	OLLAMA
python0048	proj/paperless-ngx	src/documents/tests/search/test_widen_leaf.py	62	15	call	_widen
python0049	proj/paperless-ngx	src/documents/tests/test_api_custom_fields.py	437	32	type	CustomField
python0050	proj/paperless-ngx	src/paperless_ai/tests/test_vector_store.py	333	24	call	_build_where
python0051	proj/paperless-ngx	src/documents/tests/test_management_consumer.py	805	16	type	CONSUMER_IGNORE_PATTERNS
python0052	proj/paperless-ngx	src/documents/tasks.py	739	8	name	logger
python0053	proj/paperless-ngx	src/documents/tests/test_task_signals.py	303	19	call	ConsumeFileStoppedResult
python0054	proj/paperless-ngx	src/documents/tests/test_api_documents.py	952	24	member	client
python0055	proj/paperless-ngx	src/documents/tests/date_parsing/test_date_parsing.py	260	17	call	RegexDateParserPlugin
python0056	proj/paperless-ngx	src/documents/tests/export/test_sinks.py	321	28	member	MockerFixture
python0057	proj/paperless-ngx	src/paperless/consumers.py	41	33	member	filter
python0058	proj/paperless-ngx	src/documents/tests/management/test_management_base_cmd.py	511	21	member	assert_not_called
python0059	proj/paperless-ngx	src/documents/tests/export/test_sinks.py	208	16	type	Path
python0060	proj/paperless-ngx	src/paperless_mail/tests/test_preprocessor.py	128	13	call	override_settings
python0061	proj/paperless-ngx	src/documents/tests/test_workflows.py	1042	10	member	triggers
python0062	proj/paperless-ngx	src/documents/tests/test_api_bulk_edit.py	1899	34	member	status_code
python0063	proj/paperless-ngx	src/documents/tests/test_api_app_config.py	1219	13	member	assertEqual
python0064	proj/paperless-ngx	src/paperless_ai/tests/test_ai_indexing.py	366	36	member	create
python0065	proj/paperless-ngx	src/paperless/parsers/tesseract.py	534	33	type	ModeChoices
python0066	proj/paperless-ngx	src/documents/tests/test_consumer.py	1462	62	type	TestCase
python0067	proj/paperless-ngx	src/documents/tests/test_bulk_edit.py	275	22	type	CustomField
python0068	proj/paperless-ngx	src/paperless_ai/tests/test_ai_indexing.py	382	19	member	captured_queries
python0069	proj/paperless-ngx	src/documents/tests/test_sanity_check.py	259	19	call	check_sanity
python0070	proj/paperless-ngx	src/documents/filters.py	1120	40	call	OuterRef
python0071	proj/paperless-ngx	src/documents/tests/test_api_documents.py	3962	26	member	create
python0072	proj/paperless-ngx	src/documents/templating/workflows.py	6	18	member	text
python0073	proj/paperless-ngx	src/documents/tests/test_api_search.py	357	8	name	backend
python0074	proj/paperless-ngx	src/documents/tests/search/test_backend.py	340	57	name	search_mode
python0075	proj/paperless-ngx	src/documents/tests/test_api_custom_fields.py	129	17	member	dumps
python0076	proj/paperless-ngx	src/documents/tests/test_share_link_bundles.py	618	13	member	assertTrue
python0077	proj/paperless-ngx	src/paperless/parsers/tesseract.py	301	18	call	ParseError
python0078	proj/paperless-ngx	src/documents/signals/handlers.py	1387	8	call	close_old_connections
python0079	proj/paperless-ngx	src/documents/classifier.py	493	12	call	notify
python0080	proj/paperless-ngx	src/documents/tests/date_parsing/test_date_parser_plugin_loading.py	149	23	member	LogCaptureFixture
python0081	proj/paperless-ngx	src/documents/tests/test_api_objects.py	797	26	member	objects
python0082	proj/paperless-ngx	src/documents/tests/test_file_handling.py	2062	17	member	save
python0083	proj/paperless-ngx	src-ui/e2e/backend.py	198	4	call	call_command
python0084	proj/paperless-ngx	src/documents/tests/test_tasks.py	77	46	member	stat
python0085	proj/paperless-ngx	src/documents/tests/test_api_documents.py	3329	25	name	response
python0086	proj/paperless-ngx	src/documents/tests/test_tag_hierarchy.py	136	17	type	Tag
python0087	proj/paperless-ngx	src/documents/tests/test_api_search.py	2038	38	member	ImapSecurity
python0088	proj/paperless-ngx	src/paperless/config.py	282	60	member	LLM_EMBEDDING_CHUNK_SIZE
python0089	proj/paperless-ngx	src/documents/tests/test_permission_filtering_security.py	232	8	name	result_owner
python0090	proj/paperless-ngx	src/documents/bulk_edit.py	188	4	type	DocumentTagRelationship
python0091	proj/paperless-ngx	src/paperless_ai/tests/test_vector_store.py	145	39	type	DIM
python0092	proj/paperless-ngx	src/documents/tests/management/test_management_sanity_checker.py	119	45	name	output
python0093	proj/paperless-ngx	src/documents/barcodes.py	492	27	member	pdf_file
python0094	proj/paperless-ngx	src/documents/tests/test_workflows.py	1594	8	type	CustomFieldInstance
python0095	proj/paperless-ngx	src/paperless_mail/tests/test_mail.py	1858	29	member	datetime
python0096	proj/paperless-ngx	src/paperless_ai/chat.py	141	18	call	document_id_filters
python0097	proj/paperless-ngx	src/documents/bulk_edit.py	797	25	call	release_archive_serial_numbers
python0098	proj/paperless-ngx	src/documents/tests/test_api_search.py	1947	25	member	create
python0099	proj/paperless-ngx	src/documents/search/_backend.py	330	5	member	tantivy
python0100	proj/paperless-ngx	src/documents/management/commands/document_importer.py	619	31	member	mkdir
python0101	proj/paperless-ngx	src/documents/tests/test_file_handling.py	313	35	member	ORIGINALS_DIR
python0102	proj/paperless-ngx	src/documents/tests/test_api_documents.py	1834	8	type	Correspondent
python0103	proj/paperless-ngx	src/documents/tests/test_consumer.py	941	13	call	consume_version
python0104	proj/paperless-ngx	src/documents/tests/search/test_backend.py	646	17	type	TantivyBackend
python0105	proj/paperless-ngx	src/documents/serialisers.py	3587	36	member	assign_view_groups
python0106	proj/paperless-ngx	src/documents/tests/search/test_documented_syntax.py	118	38	type	Document
python0107	proj/paperless-ngx	src/documents/views.py	1606	53	member	prefetch_related
python0108	proj/paperless-ngx	src/paperless_mail/tests/test_api.py	384	19	call	MailAccountFactory
python0109	proj/paperless-ngx	src/documents/tests/test_tag_hierarchy.py	154	35	member	document
python0110	proj/paperless-ngx	src/paperless/parsers/registry.py	286	24	member	_builtins
python0111	proj/paperless-ngx	src/documents/file_handling.py	135	46	member	replace
python0112	proj/paperless-ngx	src/documents/tests/date_parsing/test_date_parsing.py	46	19	member	param
python0113	proj/paperless-ngx	src/documents/matching.py	599	15	member	filter_has_not_document_types
python0114	proj/paperless-ngx	src/paperless/tests/test_signals.py	561	20	call	Mock
python0115	proj/paperless-ngx	src/documents/tests/test_consumer_archive.py	49	8	member	fixture
python0116	proj/paperless-ngx	src/documents/tests/test_share_link_bundles.py	477	21	type	ShareLinkBundle
python0117	proj/paperless-ngx	src/documents/tests/test_api_tasks.py	110	12	type	ENDPOINT
python0118	proj/paperless-ngx	src/documents/signals/handlers.py	1438	45	type	Document
python0119	proj/paperless-ngx	src/documents/tests/test_api_search.py	1630	13	member	assertEqual
python0120	proj/paperless-ngx	src/documents/permissions.py	401	34	member	union
python0121	proj/paperless-ngx	src/documents/tests/test_api_documents.py	1458	8	call	grant_global
python0122	proj/paperless-ngx	src/documents/search/_backend.py	1098	8	call	_write_sentinels
python0123	proj/paperless-ngx	src/documents/tests/test_file_handling.py	1288	23	member	objects
python0124	proj/paperless-ngx	src/documents/models.py	1010	8	name	choices
python0125	proj/paperless-ngx	src/documents/tests/test_api_tasks.py	934	53	member	TriggerSource
python0126	proj/paperless-ngx	src/documents/tests/search/test_backend.py	948	8	call	reset_backend
python0127	proj/paperless-ngx	src/paperless_ai/tests/test_vector_store.py	555	19	call	make_node
python0128	proj/paperless-ngx	src/paperless/tests/parsers/test_remote_parser.py	95	53	call	RuntimeError
python0129	proj/paperless-ngx	src/documents/tests/test_management_exporter.py	264	25	member	assertEqual
python0130	proj/paperless-ngx	src/documents/tests/test_management_exporter.py	523	22	call	Path
python0131	proj/paperless-ngx	src/documents/search/_query.py	293	11	call	_leaf_span
python0132	proj/paperless-ngx	src/documents/filters.py	818	27	call	EffectiveContentFilter
python0133	proj/paperless-ngx	src/documents/tests/test_api_objects.py	172	17	call	next
python0134	proj/paperless-ngx	src/paperless_ai/tests/test_vector_store.py	636	16	call	make_node
python0135	proj/paperless-ngx	src/documents/tests/test_api_bulk_edit.py	1726	10	member	assert_not_called
python0136	proj/paperless-ngx	src/documents/tests/test_sanity_check.py	260	20	member	at_level
python0137	proj/paperless-ngx	src/paperless/version.py	5	44	call	map
python0138	proj/paperless-ngx	src/paperless_testing/factories.py	97	21	type	PaperlessTask
python0139	proj/paperless-ngx	src/documents/tests/test_consumer.py	1603	32	member	stop
python0140	proj/paperless-ngx	src/paperless/parsers/tesseract.py	420	20	type	Type
python0141	proj/paperless-ngx	src/documents/tests/test_api_documents.py	4400	27	member	post
python0142	proj/paperless-ngx	src/documents/tests/search/test_cjk_widening.py	437	21	member	pk
python0143	proj/paperless-ngx	src/paperless_ai/vector_store.py	460	21	member	_conn
python0144	proj/paperless-ngx	src/documents/tests/test_api_permissions.py	424	8	call	grant_object
python0145	proj/paperless-ngx	src/documents/tests/search/test_query.py	461	12	call	InvalidDateQuery
python0146	proj/paperless-ngx	src/documents/serialisers.py	2447	4	name	version_label
python0147	proj/paperless-ngx	src/documents/consumer.py	358	52	member	get_public_filename
python0148	proj/paperless-ngx	src/paperless_ai/tests/test_vector_store.py	1065	44	type	DB_FILENAME
python0149	proj/paperless-ngx	src/documents/tests/test_api_permissions.py	1384	37	member	t1
python0150	proj/paperless-ngx	src/documents/tests/test_api_workflows.py	1150	17	member	dumps
python0151	proj/paperless-ngx	src/documents/tests/test_workflows.py	1572	31	member	id
python0152	proj/paperless-ngx	src/paperless_mail/tests/test_api.py	176	8	name	returned_account1
python0153	proj/paperless-ngx	src/documents/tests/test_management_consumer.py	1307	8	name	tracker
python0154	proj/paperless-ngx	src/documents/tests/search/test_schema_fingerprint.py	544	20	call	field_descriptors
python0155	proj/paperless-ngx	src/paperless_mail/tests/test_mail.py	1758	23	call	MailAccountFactory
python0156	proj/paperless-ngx	src/documents/tests/test_filepath_nfc.py	168	17	call	generate_filename
python0157	proj/paperless-ngx	src/documents/views.py	3609	71	call	IntegerField
python0158	proj/paperless-ngx	src/documents/tests/search/test_backend.py	252	8	type	Document
python0159	proj/paperless-ngx	src/documents/tests/test_api_search_errors.py	207	27	type	ZeroDivisionError
python0160	proj/paperless-ngx	src/documents/serialisers.py	65	15	member	models
python0161	proj/paperless-ngx	src/documents/tests/test_bulk_edit.py	1465	25	name	mock_consume_file
python0162	proj/paperless-ngx	src/documents/tests/test_permission_filtering_security.py	146	18	call	DocumentFactory
python0163	proj/paperless-ngx	src/documents/views.py	176	15	member	permissions
python0164	proj/paperless-ngx	src/documents/bulk_edit.py	318	8	type	Document
python0165	proj/paperless-ngx	src/paperless_ai/tests/test_vector_store.py	887	12	call	Migration
python0166	proj/paperless-ngx	src/documents/views.py	1376	28	call	get_request_version_param
python0167	proj/paperless-ngx	src/paperless_testing/factories.py	22	46	type	Correspondent
python0168	proj/paperless-ngx	src/documents/tests/test_classifier.py	740	13	member	assertListEqual
python0169	proj/paperless-ngx	src/documents/tests/test_bulk_edit.py	1996	30	member	assert_called_once
python0170	proj/paperless-ngx	src/documents/mail.py	60	28	member	read
python0171	proj/paperless-ngx	src/paperless/urls.py	132	28	call	re_path
python0172	proj/paperless-ngx	src/paperless/tests/test_signals.py	657	12	name	settings
python0173	proj/paperless-ngx	src/documents/tests/management/test_management_base_cmd.py	528	23	member	assert_not_called
python0174	proj/paperless-ngx	src/documents/tests/test_management_retagger.py	29	0	type	TagTuple
python0175	proj/paperless-ngx	src/documents/tests/test_views.py	373	38	call	MagicMock
python0176	proj/paperless-ngx	src/documents/tests/search/test_schema_version.py	193	22	call	build_schema
python0177	proj/paperless-ngx	src/documents/models.py	1678	8	type	ASSIGNMENT
python0178	proj/paperless-ngx	src/documents/serialisers.py	3563	33	call	WorkflowActionEmailSerializer
python0179	proj/paperless-ngx	src/documents/tests/test_workflows.py	374	38	member	dt
python0180	proj/paperless-ngx	src/documents/tests/test_consumer.py	1580	24	type	ConsumerError
python0181	proj/paperless-ngx	src/documents/tests/test_api_document_versions.py	245	31	member	delete
python0182	proj/paperless-ngx	src/documents/tests/test_api_document_versions.py	551	16	call	UserFactory
python0183	proj/paperless-ngx	src/documents/tests/test_workflows.py	4951	13	type	Workflow
python0184	proj/paperless-ngx	src/documents/consumer.py	140	7	name	parser
python0185	proj/paperless-ngx	src/paperless_mail/tests/test_mail.py	162	43	name	message
python0186	proj/paperless-ngx	src/paperless/tests/parsers/test_text_parser.py	234	19	call	ParserRegistry
python0187	proj/paperless-ngx	src/documents/tests/test_workflows.py	4930	25	type	Document
python0188	proj/paperless-ngx	src/documents/tests/test_api_bulk_edit.py	49	20	type	Document
python0189	proj/paperless-ngx	src/documents/tests/test_consumer.py	283	72	member	year
python0190	proj/paperless-ngx	src/documents/tests/search/test_fuzzy_widening.py	70	21	type	Callable
python0191	proj/paperless-ngx	src/documents/tests/test_barcodes.py	657	55	type	GetReaderPluginMixin
python0192	proj/paperless-ngx	src/documents/bulk_edit.py	1198	8	type	CustomFieldInstance
python0193	proj/paperless-ngx	src/documents/tasks.py	327	12	name	document
python0194	proj/paperless-ngx	src/paperless/tests/test_celery.py	58	49	member	HIGHEST_PROTOCOL
python0195	proj/paperless-ngx	src/documents/views.py	1471	11	call	Path
python0196	proj/paperless-ngx	src/documents/tests/search/test_cjk_run_extraction.py	39	19	member	param
python0197	proj/paperless-ngx	src/documents/tests/search/test_backend.py	414	24	type	SearchMode
python0198	proj/paperless-ngx	src/documents/tests/test_workflows.py	1900	18	type	WorkflowTrigger
python0199	proj/paperless-ngx	src/documents/management/commands/document_importer.py	71	14	call	CommandError
python0200	proj/paperless-ngx	docker/rootfs/usr/local/bin/deduplicate.py	158	10	member	echo
python0201	proj/paperless-ngx	src/paperless/tests/parsers/test_tesseract_parser.py	1214	12	member	mark
python0202	proj/paperless-ngx	src/documents/tests/search/test_negated_leaf_ids.py	201	26	member	Not
python0203	proj/paperless-ngx	src/documents/tests/test_workflows.py	418	16	call	ConsumableDocument
python0204	proj/paperless-ngx	src/documents/tests/test_file_handling.py	1072	25	call	generate_filename
python0205	proj/paperless-ngx	src/documents/signals/handlers.py	726	16	type	SavedView
python0206	proj/paperless-ngx	src/documents/tests/test_api_document_versions.py	357	27	member	patch
python0207	proj/paperless-ngx	src/documents/tests/test_views.py	723	49	call	LLMTimeoutError
python0208	proj/paperless-ngx	src/documents/tests/test_api_custom_fields.py	247	8	type	CustomFieldInstance
python0209	proj/paperless-ngx	src/paperless_ai/chat.py	149	16	call	load_or_build_index
python0210	proj/paperless-ngx	src/documents/tests/test_views.py	246	8	call	grant_object
python0211	proj/paperless-ngx	src/paperless/tests/settings/test_environment_parsers.py	108	17	call	parse_dict_from_str
python0212	proj/paperless-ngx	src/paperless/tests/parsers/test_tesseract_parser.py	840	28	name	produce_archive
python0213	proj/paperless-ngx	src/documents/tests/search/test_cjk_leaf_rewrite.py	57	19	member	param
python0214	proj/paperless-ngx	src/documents/tests/test_api_custom_fields.py	1308	14	type	Document
python0215	proj/paperless-ngx	src/paperless/tests/settings/test_settings.py	16	28	type	TestCase
python0216	proj/paperless-ngx	src/documents/tests/export/test_sinks.py	104	30	name	parents
python0217	proj/paperless-ngx	src/documents/tests/test_api_workflows.py	877	12	name	json
python0218	proj/paperless-ngx	src/documents/workflows/actions.py	371	14	call	StopConsumeTaskError
python0219	proj/paperless-ngx	src/documents/tests/test_permission_filtering_security.py	316	8	name	hidden
python0220	proj/paperless-ngx	src/documents/tests/test_api_search.py	1967	66	member	id
python0221	proj/paperless-ngx	src/documents/tests/test_api_objects.py	1101	54	member	id
python0222	proj/paperless-ngx	src/documents/tests/management/test_management_sanity_checker.py	198	14	call	StringIO
python0223	proj/paperless-ngx	src/documents/tests/test_migration_saved_view_visibility.py	210	40	member	show_on_dashboard
python0224	proj/paperless-ngx	src/documents/tests/search/test_fuzzy_alternative.py	142	34	call	content
python0225	proj/paperless-ngx	src/paperless/tests/test_checks.py	312	17	call	check_deprecated_db_settings
python0226	proj/paperless-ngx	src/documents/tests/test_api_documents.py	1219	8	name	doc3
python0227	proj/paperless-ngx	src/documents/tests/test_api_search.py	78	34	member	data
python0228	proj/paperless-ngx	src/documents/tests/test_file_handling.py	933	26	name	doc
python0229	proj/paperless-ngx	src/documents/tests/test_migration_saved_view_visibility.py	202	61	member	id
python0230	proj/paperless-ngx	src/documents/tests/test_api_remote_version.py	72	46	member	HTTP_200_OK
python0231	proj/paperless-ngx	src/documents/filters.py	94	16	type	Correspondent
python0232	proj/paperless-ngx	src/documents/tests/test_barcodes.py	592	8	name	test_file
python0233	proj/paperless-ngx	src/paperless_ai/tests/test_vector_store.py	23	18	member	vector_store
python0234	proj/paperless-ngx	src/paperless_mail/mail.py	944	8	type	ProcessedMail
python0235	proj/paperless-ngx	src/documents/tests/test_api_workflows.py	1291	24	member	client
python0236	proj/paperless-ngx	src/documents/tests/test_file_handling.py	506	22	member	make_aware
python0237	proj/paperless-ngx	src/documents/tests/test_workflows.py	709	17	member	assertIsNone
python0238	proj/paperless-ngx	src/documents/tests/test_api_app_config.py	282	24	call	Path
python0239	proj/paperless-ngx	src/documents/tests/search/test_schema_version.py	126	27	type	Path
python0240	proj/paperless-ngx	src/documents/tests/test_workflows.py	3679	17	type	WorkflowAction
python0241	proj/paperless-ngx	src/documents/tests/test_permission_filtering_security.py	375	15	call	DocumentFactory
python0242	proj/paperless-ngx	src/paperless_mail/mail.py	268	11	type	MailRule
python0243	proj/paperless-ngx	src/documents/tests/test_file_handling.py	619	8	call	Path
python0244	proj/paperless-ngx	src/documents/tests/test_workflows.py	143	17	type	WorkflowTrigger
python0245	proj/paperless-ngx	src/documents/tests/test_consumer.py	393	13	type	Tag
python0246	proj/paperless-ngx	src/documents/tests/test_management_retagger.py	365	17	member	usefixtures
python0247	proj/paperless-ngx	src/documents/tests/management/test_management_base_cmd.py	111	12	member	stderr
python0248	proj/paperless-ngx	src/documents/tests/test_bulk_edit.py	1581	19	member	return_value
python0249	proj/paperless-ngx	src/documents/tests/test_api_workflows.py	1409	70	member	MOVE_TO_TRASH
python0250	proj/paperless-ngx	src/documents/tests/search/test_query_negation.py	54	15	call	matched_ids
python0251	proj/paperless-ngx	src/documents/tests/test_management_consumer.py	836	31	type	MagicMock
python0252	proj/paperless-ngx	src/documents/barcodes.py	132	23	type	Path
python0253	proj/paperless-ngx	src/paperless/tests/test_compression_middleware.py	4	12	member	test
python0254	proj/paperless-ngx	src/documents/tests/test_sanity_check.py	122	23	call	check_sanity
python0255	proj/paperless-ngx	src/documents/serialisers.py	1880	30	member	ValidationError
python0256	proj/paperless-ngx	src/paperless_ai/tests/test_vector_store.py	1008	63	type	Path
python0257	proj/paperless-ngx	src/documents/tests/test_matchables.py	16	8	member	fixture
python0258	proj/paperless-ngx	src/paperless_mail/tests/test_mail.py	2068	41	member	url
python0259	proj/paperless-ngx	src/documents/tests/management/test_management_base_cmd.py	160	16	call	ValueError
python0260	proj/paperless-ngx	src/paperless/settings/custom.py	321	19	call	get_int_from_env
python0261	proj/paperless-ngx	src/documents/serialisers.py	392	16	member	user
python0262	proj/paperless-ngx	src/documents/tests/export/test_sinks.py	107	17	member	write_bytes
python0263	proj/paperless-ngx	src/documents/tests/search/test_acceptance.py	57	24	call	index_document
python0264	proj/paperless-ngx	src/paperless/tests/parsers/test_remote_parser.py	422	22	type	Mock
python0265	proj/paperless-ngx	src/documents/tests/test_barcodes.py	1020	8	type	CONSUMER_ENABLE_BARCODES
python0266	proj/paperless-ngx	src/paperless/tests/test_auth_middleware.py	1	12	member	contrib
python0267	proj/paperless-ngx	src/documents/tests/search/test_backend.py	380	12	name	content
python0268	proj/paperless-ngx	src/documents/tests/test_api_documents.py	2966	8	type	UiSettings
python0269	proj/paperless-ngx	src/paperless/tests/settings/test_custom_parsers.py	221	24	call	crontab
