php0000	proj/koel	app/Values/SmartPlaylist/SmartPlaylistQueryModifier.php	113	22	path	NOT_CONTAIN
php0001	proj/koel	config/queue.php	39	23	call	env
php0002	proj/koel	app/Values/SmartPlaylist/SmartPlaylistRuleGroup.php	27	16	member	transform
php0003	proj/koel	app/Policies/UserPolicy.php	28	26	member	hasPermissionTo
php0004	proj/koel	app/Services/Podcast/PodcastService.php	114	18	member	update
php0005	proj/koel	app/Console/Commands/CleanUpDuplicateUploadsCommand.php	41	15	member	components
php0006	proj/koel	app/Services/Scanners/Strategies/ParallelScanStrategy.php	185	12	call	trim
php0007	proj/koel	app/Services/Image/ImageStorage.php	86	15	member	put
php0008	proj/koel	app/Services/SettingService.php	36	15	type	AiSettings
php0009	proj/koel	app/Http/Controllers/API/Upload/UploadSongController.php	12	8	type	Http
php0010	proj/koel	app/Http/Resources/SongResource.php	113	35	member	song
php0011	proj/koel	app/Http/Controllers/API/SongController.php	37	50	path	resolve
php0012	proj/koel	app/Http/Controllers/Subsonic/ScrobbleController.php	13	33	type	Controller
php0013	proj/koel	app/Services/Scanners/IndividualFileHandler.php	29	40	member	scan
php0014	proj/koel	config/logging.php	39	22	call	storage_path
php0015	proj/koel	app/Listeners/WriteScanLog.php	24	29	call	implode
php0016	proj/koel	app/Services/License/LicenseService.php	123	22	call	sha1
php0017	proj/koel	app/Http/Resources/AlbumResource.php	102	82	member	album
php0018	proj/koel	app/Services/Integrations/EncyclopediaService.php	113	41	member	storeImage
php0019	proj/koel	app/Http/Integrations/Lastfm/Requests/GetAlbumInfoRequest.php	56	20	call	array_map
php0020	proj/koel	app/Http/Requests/API/ProfileUpdateRequest.php	27	15	type	UserUpdateData
php0021	proj/koel	app/Repositories/SongRepository.php	149	18	path	query
php0022	proj/koel	app/Repositories/Repository.php	1	2	name	php
php0023	proj/koel	app/Console/Commands/ScanCommand.php	184	27	path	INVALID
php0024	proj/koel	app/Builders/ArtistBuilder.php	7	8	type	Models
php0025	proj/koel	config/scout.php	19	16	call	env
php0026	proj/koel	app/Services/Integrations/EncyclopediaService.php	47	21	member	is_unknown
php0027	proj/koel	app/Ai/Tools/PlayRecentlyAddedArtist.php	36	44	member	getRecentlyAdded
php0028	proj/koel	app/Services/DotenvEditor.php	35	43	member	get
php0029	proj/koel	app/Values/Downloadable.php	25	49	member	redirectTo
php0030	proj/koel	app/Services/Image/ImageWriter.php	10	15	type	Support
php0031	proj/koel	app/Services/Image/ImageStorage.php	79	8	call	throw_if
php0032	proj/koel	app/Console/Commands/DoctorCommand.php	201	23	member	reportError
php0033	proj/koel	app/Policies/PlaylistPolicy.php	38	24	path	isPlus
php0034	proj/koel	app/Helpers/SyncedLyricsConverter.php	21	48	path	get
php0035	proj/koel	app/Services/SongStorages/S3CompatibleStorage.php	118	22	member	copyToLocal
php0036	proj/koel	app/Console/Commands/InitCommand.php	270	21	path	call
php0037	proj/koel	app/Services/Auth/Support/NullQrCodeProvider.php	12	18	call	LogicException
php0038	proj/koel	app/Services/Playlist/PlaylistFolderService.php	84	27	member	save
php0039	proj/koel	app/Services/Streamer/Streamer.php	37	19	call	app
php0040	proj/koel	app/Http/Controllers/API/FetchSongsToQueueByGenreController.php	22	17	call	request
php0041	proj/koel	app/Ai/Agents/KoelAssistant.php	61	20	name	lyrics
php0042	proj/koel	app/Builders/AlbumBuilder.php	164	22	call	strtolower
php0043	proj/koel	app/Http/Controllers/API/Auth/LoginWithCredentialsController.php	26	19	call	response
php0044	proj/koel	app/Ai/Tools/RemoveFromPlaylist.php	54	104	member	context
php0045	proj/koel	app/Http/Requests/API/Playlist/PlaylistUpdateRequest.php	30	49	call	ValidSmartPlaylistRulePayload
php0046	proj/koel	app/Services/Integrations/SpotifyService.php	42	20	member	is_unknown
php0047	proj/koel	app/Repositories/DuplicateUploadRepository.php	19	90	member	get
php0048	proj/koel	app/Ai/Agents/KoelAssistant.php	61	31	name	stored
php0049	proj/koel	app/Http/Responses/Subsonic/SubsonicResponse.php	6	15	type	Http
php0050	proj/koel	app/Http/Controllers/API/ChangePasswordController.php	29	48	path	HTTP_FORBIDDEN
php0051	proj/koel	app/Providers/StreamerServiceProvider.php	16	26	call	config
php0052	proj/koel	app/Console/Commands/Storage/SetupS3StorageCommand.php	54	32	call	text
php0053	proj/koel	app/Console/Commands/FetchArtworkCommand.php	44	30	call	cache_key
php0054	proj/koel	app/Http/Responses/Subsonic/Resources/ArtistResource.php	33	52	member	id
php0055	proj/koel	app/Services/SongService.php	199	52	member	map
php0056	proj/koel	app/Ai/Tools/AddToPlaylist.php	82	15	member	result
php0057	proj/koel	app/Console/Commands/SyncPodcastsCommand.php	16	28	name	of
php0058	proj/koel	app/Casts/Podcast/EpisodeMetadataCast.php	12	85	type	EpisodeMetadata
php0059	proj/koel	app/Console/Commands/Admin/ChangePasswordCommand.php	39	33	member	hash
php0060	proj/koel	app/Http/Resources/SongResource.php	149	68	member	author
php0061	proj/koel	app/Pipelines/Encyclopedia/GetArtistImageUsingWikidataId.php	28	17	call	cache_key
php0062	proj/koel	app/Ai/Tools/GetArtistInfo.php	57	20	member	url
php0063	proj/koel	app/Http/Controllers/API/Auth/LogoutController.php	5	13	type	Controllers
php0064	proj/koel	app/Services/Integrations/SpotifyService.php	42	42	member	artist
php0065	proj/koel	app/Models/Folder.php	8	15	type	Database
php0066	proj/koel	app/Console/Commands/ScanChunkCommand.php	18	28	name	to
php0067	proj/koel	app/Console/Commands/Storage/SetupDropboxStorageCommand.php	96	62	member	getMessage
php0068	proj/koel	app/Http/Controllers/API/PaginateSongsByGenreController.php	8	15	type	Genre
php0069	proj/koel	app/Policies/RadioStationPolicy.php	21	19	member	hasPermissionTo
php0070	proj/koel	app/Models/Concerns/Users/HasUserAttributes.php	22	80	member	shouldCache
php0071	proj/koel	app/Builders/RadioStationBuilder.php	36	41	member	organization_id
php0072	proj/koel	app/Pipelines/Encyclopedia/GetArtistImageUsingWikidataId.php	29	29	call	now
php0073	proj/koel	app/Console/Commands/CheckLicenseStatusCommand.php	33	29	member	status
php0074	proj/koel	app/Console/Commands/FetchMbidsCommand.php	9	21	type	AlbumRepository
php0075	proj/koel	app/Http/Controllers/ViewSongOnITunesController.php	1	2	name	php
php0076	proj/koel	config/services.php	44	26	call	env
php0077	proj/koel	app/Http/Responses/Subsonic/Resources/SearchResultResource.php	38	79	path	toArray
php0078	proj/koel	app/Builders/SongBuilder.php	147	18	member	addSelect
php0079	proj/koel	app/Services/Auth/TokenManager.php	38	19	path	forget
php0080	proj/koel	app/Pipelines/Encyclopedia/GetReleaseAndReleaseGroupMbidsForAlbum.php	36	29	path	get
php0081	proj/koel	app/Http/Controllers/API/Settings/UpdateBrandingController.php	8	22	type	API
php0082	proj/koel	app/Http/Requests/API/ResetPasswordRequest.php	20	40	type	Password
php0083	proj/koel	bootstrap/app.php	50	21	member	api
php0084	proj/koel	app/Http/Controllers/API/AiController.php	71	15	call	response
php0085	proj/koel	app/Console/Commands/SyncPodcastsCommand.php	16	13	name	jobs
php0086	proj/koel	app/Socialite/OpenIDConnect/Provider.php	79	45	call	filled
php0087	proj/koel	app/Http/Integrations/MusicBrainz/Requests/GetRecordingsRequest.php	6	16	type	Request
php0088	proj/koel	app/Http/Controllers/Subsonic/UpdatePlaylistController.php	48	30	member	get
php0089	proj/koel	app/Services/SongService.php	168	17	path	requirePlus
php0090	proj/koel	app/Services/Auth/TwoFactorAuthenticator.php	36	28	member	getQRText
php0091	proj/koel	app/Exceptions/ProxyAuthIpNotAllowedException.php	20	35	member	allowList
php0092	proj/koel	app/Builders/ArtistBuilder.php	85	23	member	on
php0093	proj/koel	app/Services/Streamer/Adapters/Concerns/StreamsLocalPath.php	14	27	path	isReadable
php0094	proj/koel	app/Console/Commands/DoctorCommand.php	216	30	call	Exception
php0095	proj/koel	resources/views/lastfm/callback.blade.php	16	40	name	in
php0096	proj/koel	app/Http/Requests/API/UpdateUserPreferencesRequest.php	1	2	name	php
php0097	proj/koel	app/Observers/ThemeObserver.php	17	61	member	bgImage
php0098	proj/koel	app/Services/Podcast/PodcastService.php	273	41	path	last
php0099	proj/koel	app/Console/Commands/DoctorCommand.php	102	31	member	error
php0100	proj/koel	app/Services/Podcast/PodcastService.php	138	46	member	value
php0101	proj/koel	app/Ai/Services/SongRequestResolver.php	32	8	type	Request
php0102	proj/koel	app/Console/Commands/DoctorCommand.php	287	23	member	reportSuccess
php0103	proj/koel	app/Services/SongService.php	201	54	member	findBySongIds
php0104	proj/koel	app/Http/Controllers/API/QueueStateController.php	27	69	member	songs
php0105	proj/koel	app/Ai/Tools/DeletePlaylist.php	7	30	type	Access
php0106	proj/koel	app/Ai/Tools/UpdateAlbumDetails.php	10	15	type	Contracts
php0107	proj/koel	config/mail.php	41	26	call	env
php0108	proj/koel	config/app.php	32	15	type	Support
php0109	proj/koel	app/Http/Controllers/Subsonic/Concerns/LoadsAlbumsByType.php	42	81	member	type
php0110	proj/koel	app/Services/Podcast/PodcastService.php	203	39	member	id
php0111	proj/koel	routes/subsonic.php	53	8	type	Http
php0112	proj/koel	routes/console.php	7	18	call	RunCommandJob
php0113	proj/koel	app/Repositories/ArtistRepository.php	158	12	name	ids
php0114	proj/koel	app/Ai/Agents/KoelAssistant.php	27	42	name	helper
php0115	proj/koel	app/Builders/SongBuilder.php	102	67	member	orWhere
php0116	proj/koel	app/Http/Requests/API/Playlist/PlaylistStoreRequest.php	54	85	path	wrap
php0117	proj/koel	app/Services/License/LicenseService.php	161	35	member	isValid
php0118	proj/koel	app/Http/Controllers/API/ListenBrainzTokenController.php	20	15	member	listenBrainz
php0119	proj/koel	routes/api.base.php	31	8	type	Http
php0120	proj/koel	app/Services/Integrations/EncyclopediaService.php	65	23	member	encyclopedia
php0121	proj/koel	app/Ai/Tools/GetCurrentSong.php	72	41	member	encyclopediaService
php0122	proj/koel	config/ai.php	88	21	call	env
php0123	proj/koel	app/Console/Commands/Storage/SetupWebDAVStorageCommand.php	68	16	name	hint
php0124	proj/koel	bootstrap/app.php	88	21	member	render
php0125	proj/koel	config/mail.php	44	30	call	env
php0126	proj/koel	app/Console/Commands/Storage/SetupWebDAVStorageCommand.php	88	19	member	error
php0127	proj/koel	app/Console/Commands/InitCommand.php	422	19	member	pwaManifestService
php0128	proj/koel	app/Console/Commands/CheckLicenseStatusCommand.php	38	27	member	components
php0129	proj/koel	app/Values/Branding.php	26	39	call	config
php0130	proj/koel	app/Repositories/SongRepository.php	541	12	name	ids
php0131	proj/koel	app/Services/Integrations/CoverArtArchiveService.php	5	8	type	Http
php0132	proj/koel	app/Http/Requests/API/Playlist/PlaylistStoreRequest.php	52	26	member	cover
php0133	proj/koel	app/Console/Commands/InitCommand.php	246	21	path	error
php0134	proj/koel	app/Values/SmartPlaylist/SmartPlaylistQueryModifier.php	52	52	member	getManyToManyRelation
php0135	proj/koel	routes/channels.php	12	55	type	User
php0136	proj/koel	app/Http/Controllers/API/RadioStationController.php	36	53	member	response
php0137	proj/koel	app/Http/Responses/Subsonic/Resources/StructuredLyricsResource.php	1	2	name	php
php0138	proj/koel	app/Services/Image/ImageStorage.php	36	37	member	imageWriter
php0139	proj/koel	app/Services/Podcast/PodcastService.php	226	56	member	url
php0140	proj/koel	app/Console/Commands/ScanChunkCommand.php	7	24	type	ScanConfiguration
php0141	proj/koel	app/Http/Controllers/Subsonic/GetSongController.php	8	8	type	Http
php0142	proj/koel	app/Http/Controllers/API/FetchAlbumInformationController.php	13	15	call	response
php0143	proj/koel	app/Services/SongService.php	82	42	member	pluck
php0144	proj/koel	app/Repositories/AlbumRepository.php	128	14	member	orderBy
php0145	proj/koel	app/Services/Playlist/PlaylistFolderService.php	37	33	type	PlaylistFolder
php0146	proj/koel	app/Models/Concerns/Playlists/ManagesPlayables.php	20	37	path	wrap
php0147	proj/koel	app/Ai/Agents/KoelAssistant.php	76	14	member	filter
php0148	proj/koel	app/Values/User/UserPreferences.php	160	75	call	ReflectionClass
php0149	proj/koel	app/Http/Middleware/AuthenticateSubsonicRequests.php	20	29	member	auth
php0150	proj/koel	app/Ai/Serializers/RadioStationResultSerializer.php	1	2	name	php
php0151	proj/koel	app/Services/Radio/RadioStreamService.php	21	19	call	StreamedResponse
php0152	proj/koel	app/Services/LibraryManager.php	1	2	name	php
php0153	proj/koel	app/Services/FavoriteService.php	102	18	member	where
php0154	proj/koel	app/Providers/YouTubeServiceProvider.php	12	68	call	app
php0155	proj/koel	app/Http/Controllers/API/Podcast/UnsubscribeFromPodcastController.php	19	25	member	unsubscribeUserFromPodcast
php0156	proj/koel	config/filesystems.php	50	18	call	trim
php0157	proj/koel	config/lemonsqueezy.php	5	20	call	env
php0158	proj/koel	app/Models/QueueState.php	8	15	type	Database
php0159	proj/koel	app/Values/User/Preferences/PodcastsFavoritesOnlyPreference.php	3	26	type	Preferences
php0160	proj/koel	resources/views/lastfm/callback.blade.php	10	6	name	style
php0161	proj/koel	app/Ai/Tools/PlaySimilarSongs.php	11	25	type	JsonSchema
php0162	proj/koel	app/Helpers.php	90	26	call	base_path
php0163	proj/koel	app/Builders/AlbumBuilder.php	122	19	member	on
php0164	proj/koel	app/Pipelines/Encyclopedia/GetWikipediaPageTitleUsingWikidataId.php	27	27	call	GetEntityDataRequest
php0165	proj/koel	app/Listeners/LoveTrackOnLastfm.php	9	44	type	ShouldQueue
php0166	proj/koel	app/Services/SongService.php	214	18	call	LibraryChanged
php0167	proj/koel	app/Console/Commands/ReleaseCommand.php	63	18	call	base_path
php0168	proj/koel	app/Casts/Podcast/CategoriesCast.php	6	33	type	Model
php0169	proj/koel	routes/api.base.php	264	19	path	get
php0170	proj/koel	app/Http/Resources/ArtistResource.php	45	23	type	CURSOR_PAGINATION_JSON_STRUCTURE
php0171	proj/koel	app/Http/Controllers/API/PlaylistSongController.php	48	52	name	ids
php0172	proj/koel	app/Http/Requests/API/Playlist/MovePlaylistSongsRequest.php	6	8	type	Http
php0173	proj/koel	app/Services/Podcast/ParallelPodcastSync.php	68	23	call	strpos
php0174	proj/koel	app/Builders/SongBuilder.php	9	15	type	Database
php0175	proj/koel	app/Facades/YouTube.php	5	31	type	Facade
php0176	proj/koel	app/Services/Integrations/WikidataService.php	23	25	path	send
php0177	proj/koel	app/Services/Auth/AuthenticationService.php	126	20	call	cache_key
php0178	proj/koel	app/Exceptions/SongPathNotFoundException.php	1	2	name	php
php0179	proj/koel	app/Http/Controllers/API/Artist/FetchArtistInformationController.php	7	8	type	Services
php0180	proj/koel	app/Values/Scanning/ScanInformation.php	93	12	name	mTime
php0181	proj/koel	app/Casts/Podcast/CategoriesCast.php	16	17	type	Throwable
php0182	proj/koel	config/services.php	20	20	call	env
php0183	proj/koel	app/Services/SettingService.php	96	16	call	rtrim
php0184	proj/koel	app/Http/Resources/SongResource.php	103	31	call	once
php0185	proj/koel	app/Providers/SongStorageServiceProvider.php	29	22	call	config
php0186	proj/koel	app/Services/Integrations/ListenBrainzService.php	48	23	member	connector
php0187	proj/koel	app/Services/Transcoding/CloudTranscodingStrategy.php	37	40	call	sprintf
php0188	proj/koel	app/Services/SongStorages/S3CompatibleStorage.php	76	15	member	uploadToStorage
php0189	proj/koel	app/Services/Integrations/EncyclopediaService.php	55	16	call	cache_key
php0190	proj/koel	app/Services/Playlist/PlaylistFolderService.php	39	22	member	updateFolder
php0191	proj/koel	app/Builders/AlbumBuilder.php	9	15	type	Database
php0192	proj/koel	app/Http/Requests/API/Radio/RadioStationUpdateRequest.php	52	25	member	has
php0193	proj/koel	app/Ai/Tools/PlayRadioStation.php	1	2	name	php
php0194	proj/koel	app/Repositories/AlbumRepository.php	244	18	member	withUserContext
php0195	proj/koel	app/Services/License/LicenseService.php	44	30	member	updateOrCreateLicenseFromApiResponseBody
php0196	proj/koel	app/Repositories/ArtistRepository.php	90	14	member	orderBy
php0197	proj/koel	app/Services/Network/SafeHttp.php	97	25	path	withMiddleware
php0198	proj/koel	app/Ai/Services/AiProviderRegistrar.php	6	8	type	Values
php0199	proj/koel	app/Services/Auth/AuthenticationService.php	67	8	call	throw_unless
php0200	proj/koel	config/app.php	172	26	type	Notification
php0201	proj/koel	app/Http/Requests/API/Artist/ArtistUpdateRequest.php	3	19	type	Requests
php0202	proj/koel	app/Services/Upload/DuplicateUploadService.php	7	16	type	Dispatcher
php0203	proj/koel	app/Providers/MacroProvider.php	63	22	member	where
php0204	proj/koel	app/Console/Commands/Storage/SetupDropboxStorageCommand.php	24	16	path	__construct
php0205	proj/koel	app/Services/Playlist/PlaylistService.php	83	29	call	rescue_if
php0206	proj/koel	app/Console/Commands/Storage/SetupS3StorageCommand.php	31	25	path	FAILURE
php0207	proj/koel	app/Services/Auth/TwoFactorAuthenticator.php	29	31	member	createSecret
php0208	proj/koel	app/Hooks/HookRegistry.php	67	46	member	actions
php0209	proj/koel	app/Http/Requests/API/UserUpdateRequest.php	44	38	member	password
php0210	proj/koel	app/Services/Radio/RadioStreamProxy.php	16	50	call	strlen
php0211	proj/koel	app/Repositories/AlbumRepository.php	168	25	path	query
php0212	proj/koel	config/ai.php	93	21	call	env
php0213	proj/koel	routes/api.base.php	160	19	path	post
php0214	proj/koel	config/database.php	70	29	call	env
php0215	proj/koel	app/Enums/ListenBrainzListenType.php	1	2	name	php
php0216	proj/koel	app/Values/Artist/ArtistUpdateData.php	16	37	name	image
php0217	proj/koel	app/Exceptions/FailedToParsePodcastFeedException.php	3	14	type	Exceptions
php0218	proj/koel	app/Ai/Tools/CreateSmartPlaylist.php	71	26	member	required
php0219	proj/koel	app/Services/Podcast/PodcastService.php	162	68	call	now
php0220	proj/koel	app/Listeners/LoveTrackOnLastfm.php	21	23	member	song
php0221	proj/koel	app/Services/SettingService.php	108	51	member	imageStorage
php0222	proj/koel	app/Services/Geolocation/IPinfoService.php	19	22	call	config
php0223	proj/koel	app/Console/Commands/ExtractFoldersCommand.php	47	15	member	progressBar
php0224	proj/koel	app/Http/Controllers/API/AiController.php	62	49	member	input
php0225	proj/koel	app/Http/Requests/API/UpdateQueueStateRequest.php	16	48	call	AllPlayablesAreAccessibleBy
php0226	proj/koel	app/Repositories/UserRepository.php	46	21	path	query
php0227	proj/koel	app/Providers/DownloadServiceProvider.php	12	8	call	app
php0228	proj/koel	app/Values/Theme/ThemeProperties.php	3	14	type	Values
php0229	proj/koel	app/Http/Controllers/API/FavoriteController.php	51	15	call	response
php0230	proj/koel	app/Models/Concerns/Songs/HasSongAttributes.php	13	15	type	SongStorageMetadata
php0231	proj/koel	app/Http/Controllers/API/Auth/TwoFactorChallengeController.php	26	15	call	response
php0232	proj/koel	app/Services/Integrations/CoverArtArchiveService.php	49	23	member	failed
php0233	proj/koel	app/Values/Artist/ArtistInformation.php	27	43	member	purify
php0234	proj/koel	app/Models/Podcast.php	91	41	member	author
php0235	proj/koel	bootstrap/app.php	19	26	type	Configuration
php0236	proj/koel	app/Console/Commands/ScanCommand.php	95	15	member	components
php0237	proj/koel	app/Http/Controllers/Subsonic/GetIndexesController.php	23	15	type	SubsonicResponse
php0238	proj/koel	app/Http/Controllers/API/Auth/TwoFactor/DisableController.php	9	30	type	Authenticatable
php0239	proj/koel	app/Services/Network/SafeHttp.php	1	2	name	php
php0240	proj/koel	app/Ai/Tools/PlayMostPlayed.php	10	15	type	Contracts
php0241	proj/koel	app/Http/Controllers/API/Artist/FetchArtistInformationController.php	11	45	type	EncyclopediaService
php0242	proj/koel	app/Ai/Agents/KoelAssistant.php	37	36	name	artists
php0243	proj/koel	config/mail.php	113	12	call	resource_path
php0244	proj/koel	app/Console/Commands/Storage/SetupS3StorageCommand.php	64	30	member	build
php0245	proj/koel	app/Console/Commands/ScanCommand.php	138	16	call	trim
php0246	proj/koel	app/Http/Controllers/API/FetchInitialDataController.php	101	32	call	config
php0247	proj/koel	app/Repositories/DuplicateUploadRepository.php	19	66	call	now
php0248	proj/koel	app/Http/Controllers/API/PlaylistSongController.php	8	8	type	Http
php0249	proj/koel	app/Services/SongService.php	232	23	member	toArray
php0250	proj/koel	config/ide-helper.php	29	8	call	base_path
php0251	proj/koel	app/Http/Controllers/API/AlbumController.php	7	13	type	Requests
php0252	proj/koel	app/Http/Controllers/Subsonic/RefreshPodcastsController.php	24	27	member	podcastRepository
php0253	proj/koel	app/Services/Contracts/Encyclopedia.php	14	40	type	Album
php0254	proj/koel	app/Pipelines/Encyclopedia/GetAlbumYearUsingReleaseMbid.php	28	31	call	GetReleaseGroupForReleaseRequest
php0255	proj/koel	config/koel.php	184	21	call	env
php0256	proj/koel	app/Models/Concerns/Users/HasUserAttributes.php	14	47	call	avatar_or_gravatar
php0257	proj/koel	app/Ai/Tools/UpdateAlbumDetails.php	11	36	type	JsonSchema
php0258	proj/koel	app/Services/Scanners/WatchRecordScanner.php	71	71	member	error
php0259	proj/koel	app/Models/PlaylistCollaborationToken.php	37	64	member	addDays
php0260	proj/koel	app/Casts/SongTitleCast.php	26	15	call	html_entity_decode
php0261	proj/koel	app/Services/Podcast/PodcastService.php	55	19	member	subscribeUserToPodcast
php0262	proj/koel	app/Http/Responses/Subsonic/Resources/ArtistResource.php	33	35	member	image
php0263	proj/koel	app/Services/SongStorages/WebDAVStorage.php	19	28	type	SongStorage
php0264	proj/koel	app/Values/Scanning/ScanInformation.php	50	25	path	get
php0265	proj/koel	app/Providers/ObjectStorageServiceProvider.php	20	19	call	app
php0266	proj/koel	app/Http/Controllers/API/MediaBrowser/PaginateFolderSongsController.php	13	44	type	Controller
php0267	proj/koel	app/Models/Organization.php	49	22	member	belongsTo
php0268	proj/koel	app/Repositories/SongRepository.php	114	27	name	type
php0269	proj/koel	app/Services/AlbumService.php	13	22	type	Finder
php0270	proj/koel	app/Repositories/SongRepository.php	166	27	path	LIST_SIZE_LIMIT
php0271	proj/koel	app/Http/Controllers/API/FetchAlbumThumbnailController.php	14	30	call	image_storage_url
php0272	proj/koel	app/Values/User/UserCreateData.php	54	12	name	name
php0273	proj/koel	app/Console/Commands/InitCommand.php	389	21	path	isDirectory
php0274	proj/koel	app/Models/PlaylistCollaborationToken.php	13	33	type	Relations
php0275	proj/koel	app/Console/Commands/ScanCommand.php	24	42	member	Consult
php0276	proj/koel	app/Models/Album.php	110	22	member	belongsTo
php0277	proj/koel	app/Http/Controllers/API/PlaylistCollaboration/PlaylistCollaboratorController.php	34	74	member	collaborator
php0278	proj/koel	app/Http/Controllers/Subsonic/GetArtistController.php	34	87	path	toArray
php0279	proj/koel	app/Services/Streamer/Adapters/Concerns/StreamsLocalPath.php	14	8	call	abort_unless
php0280	proj/koel	app/Services/Transcoding/Transcoder.php	48	40	call	TranscodingFailedException
php0281	proj/koel	app/Values/User/Preferences/HomeBlocksOrderPreference.php	24	47	call	array_filter
php0282	proj/koel	app/Services/ThemeService.php	45	16	name	fontSize
php0283	proj/koel	app/Http/Resources/RadioStationResource.php	46	34	member	station
php0284	proj/koel	app/Values/User/Preferences/GenresSortFieldPreference.php	1	2	name	php
php0285	proj/koel	app/Services/Integrations/TicketmasterService.php	1	2	name	php
php0286	proj/koel	app/Services/SongService.php	117	46	member	title
php0287	proj/koel	app/Console/Commands/ScanChunkCommand.php	63	27	member	writeln
php0288	proj/koel	app/Ai/Tools/PlayPlaylist.php	53	24	member	playbackService
php0289	proj/koel	config/broadcasting.php	58	28	call	env
php0290	proj/koel	app/Http/Controllers/Subsonic/GetInternetRadioStationsController.php	6	8	type	Http
php0291	proj/koel	scripts/koel-init.php	4	8	call	array_slice
php0292	proj/koel	app/Http/Controllers/Subsonic/SavePlayQueueController.php	29	39	member	position
php0293	proj/koel	app/Listeners/DeletePodcastIfNoSubscribers.php	17	20	member	podcast
php0294	proj/koel	app/Services/FavoriteService.php	129	63	member	max
php0295	proj/koel	routes/api.base.php	190	19	path	post
php0296	proj/koel	app/Values/Scanning/ScanResultCollection.php	23	40	type	ScanResult
php0297	proj/koel	routes/api.base.php	326	71	member	name
php0298	proj/koel	app/Console/Commands/DoctorCommand.php	343	54	call	config
php0299	proj/koel	app/Console/Commands/Storage/SetupWebDAVStorageCommand.php	67	34	call	env
