ts0000	proj/outline	shared/editor/lib/markdown/serializer.ts	392	15	name	active
ts0001	proj/outline	app/components/FilterOptions.tsx	63	26	name	option
ts0002	proj/outline	app/scenes/Document/components/Header.tsx	79	25	call	useEditingFocus
ts0003	proj/outline	server/converters/DocumentConverter.test.ts	101	32	member	toContain
ts0004	proj/outline	plugins/webhooks/server/tasks/DeliverWebhookTask.ts	318	8	call	assertUnreachable
ts0005	proj/outline	server/models/helpers/ProseMirrorHelper.test.ts	855	37	member	toBe
ts0006	proj/outline	server/queues/processors/BacklinksProcessor.test.ts	84	24	member	createdById
ts0007	proj/outline	plugins/linear/server/api/linear.test.ts	9	23	member	stringify
ts0008	proj/outline	shared/utils/rfc6902/patch.ts	113	15	call	MissingError
ts0009	proj/outline	server/routes/api/documents/documents.test.ts	1735	22	name	ownCollection
ts0010	proj/outline	server/scripts/reset-encrypted-data.ts	24	6	call	resolve
ts0011	proj/outline	server/models/decorators/Encrypted.test.ts	32	2	call	it
ts0012	proj/outline	server/tools/util.test.ts	19	3	type	NavigationNode
ts0013	proj/outline	app/utils/multiplayer/IndexeddbPersistence.ts	103	13	member	off
ts0014	proj/outline	server/utils/ZipHelper.ts	314	37	member	fileName
ts0015	proj/outline	app/components/Sidebar/components/HistoryNavigation.tsx	47	52	name	state
ts0016	proj/outline	app/components/Sidebar/components/Header.tsx	93	17	type	NudeButton
ts0017	proj/outline	server/routes/api/documents/documents.test.ts	4976	16	member	data
ts0018	proj/outline	app/scenes/Settings/components/ApiKeyListItem.tsx	98	18	member	id
ts0019	proj/outline	server/onupgrade.ts	19	43	member	includes
ts0020	proj/outline	server/routes/api/subscriptions/subscriptions.test.ts	820	25	member	toEqual
ts0021	proj/outline	app/components/Sidebar/components/CollectionLink.tsx	74	21	member	current
ts0022	proj/outline	plugins/webhooks/server/api/webhookSubscriptions.test.ts	352	23	name	res
ts0023	proj/outline	app/scenes/Search/Search.tsx	208	27	name	error
ts0024	proj/outline	shared/editor/nodes/CheckboxItemView.ts	33	24	member	createElement
ts0025	proj/outline	app/stores/IntegrationsStore.ts	9	25	type	RootStore
ts0026	proj/outline	shared/helpers/AuthenticationHelper.test.ts	165	53	member	toBe
ts0027	proj/outline	server/routes/oauth/middlewares/registrationAuth.ts	14	38	member	authorization
ts0028	proj/outline	shared/editor/components/Styles.ts	2388	7	path	after
ts0029	proj/outline	server/routes/oauth/oauth.test.ts	76	4	call	expect
ts0030	proj/outline	shared/editor/components/Styles.ts	2367	13	path	after
ts0031	proj/outline	server/utils/__mocks__/MutexLock.ts	40	34	member	mockResolvedValue
ts0032	proj/outline	server/routes/api/users/users.test.ts	453	15	member	status
ts0033	proj/outline	server/queues/tasks/DocumentImportTask.ts	95	34	name	user
ts0034	proj/outline	app/scenes/Document/hooks/useDocumentSave.ts	46	25	type	Revision
ts0035	proj/outline	shared/editor/queries/isInlineTransaction.test.ts	59	38	member	addMark
ts0036	proj/outline	app/components/primitives/Popover.tsx	75	6	call	enablePointerEvents
ts0037	proj/outline	server/routes/api/documents/documents.test.ts	4884	64	name	ctx
ts0038	proj/outline	shared/editor/components/Styles.ts	2255	7	path	before
ts0039	proj/outline	server/queues/tasks/UploadIntegrationLogoTask.ts	46	10	type	Authorization
ts0040	proj/outline	shared/editor/nodes/OrderedList.ts	61	15	member	attrs
ts0041	proj/outline	app/scenes/Settings/components/DisconnectAnalyticsDialog.tsx	18	22	call	useStores
ts0042	proj/outline	app/scenes/Settings/components/DomainManagement.tsx	102	41	call	handleRemoveDomain
ts0043	proj/outline	server/models/Collection.ts	314	10	type	CollectionPermission
ts0044	proj/outline	app/components/Notifications/NotificationListItem.tsx	79	15	type	Text
ts0045	proj/outline	server/utils/LogoutTokenStore.ts	79	22	type	Redis
ts0046	proj/outline	shared/editor/lib/ChangesetHelper.test.ts	312	13	type	ChangesetHelper
ts0047	proj/outline	app/scenes/Shared/index.tsx	119	43	member	documentId
ts0048	proj/outline	server/routes/api/notifications/schema.ts	34	21	member	optional
ts0049	proj/outline	app/hooks/useEditorClickHandlers.ts	55	10	call	isInternalUrl
ts0050	proj/outline	server/queues/tasks/DocumentImportTask.ts	7	19	type	User
ts0051	proj/outline	server/routes/api/revisions/schema.ts	43	61	member	includes
ts0052	proj/outline	server/policies/document.test.ts	688	30	member	toEqual
ts0053	proj/outline	shared/editor/components/Styles.ts	2354	7	path	after
ts0054	proj/outline	shared/editor/plugins/AnchorPlugin.ts	95	38	call	AnchorPlugin
ts0055	proj/outline	shared/editor/components/DisabledEmbed.tsx	15	21	member	href
ts0056	proj/outline	shared/editor/components/Styles.ts	2233	7	path	after
ts0057	proj/outline	server/routes/api/groups/groups.test.ts	722	63	member	toISOString
ts0058	proj/outline	server/models/helpers/NotificationHelper.test.ts	29	8	call	buildSubscription
ts0059	proj/outline	app/components/Sharing/Collection/SharePopover.tsx	280	40	member	length
ts0060	proj/outline	server/policies/document.test.ts	383	12	type	UserRole
ts0061	proj/outline	server/routes/api/documents/documents.test.ts	8297	29	member	post
ts0062	proj/outline	app/components/Sidebar/components/SidebarContext.ts	52	51	member	documentId
ts0063	proj/outline	shared/editor/commands/table.ts	513	26	member	schema
ts0064	proj/outline	server/scripts/20230827234031-migrate-emoji-in-revision-title.ts	32	25	member	changed
ts0065	proj/outline	plugins/search-postgres/server/PostgresSearchProvider.test.ts	166	12	call	buildDocument
ts0066	proj/outline	plugins/linear/server/api/linear.ts	40	14	type	APIContext
ts0067	proj/outline	shared/editor/components/Styles.ts	2309	9	path	before
ts0068	proj/outline	shared/editor/components/Styles.ts	1961	5	path	after
ts0069	proj/outline	server/converters/DocumentConverter.test.ts	80	8	call	expect
ts0070	proj/outline	shared/editor/components/Styles.ts	2610	39	path	before
ts0071	proj/outline	plugins/search-postgres/server/PostgresSearchProvider.test.ts	578	21	member	teamId
ts0072	proj/outline	app/components/Lightbox.tsx	816	49	member	ZOOMED
ts0073	proj/outline	server/routes/api/groups/groups.ts	392	48	member	body
ts0074	proj/outline	server/policies/team.test.ts	36	21	member	createTemplate
ts0075	proj/outline	server/models/UserMembership.ts	238	12	type	Document
ts0076	proj/outline	server/models/FileOperation.ts	58	10	type	FileOperationFormat
ts0077	proj/outline	shared/editor/components/Styles.ts	2714	51	path	before
ts0078	proj/outline	server/models/UserMembership.ts	391	28	member	permission
ts0079	proj/outline	server/routes/api/shares/shares.test.ts	1114	21	member	title
ts0080	proj/outline	plugins/slack/server/api/hooks.test.ts	136	23	member	toEqual
ts0081	proj/outline	server/models/oauth/OAuthAuthorizationCode.ts	79	8	type	User
ts0082	proj/outline	shared/editor/components/Styles.ts	1935	5	path	after
ts0083	proj/outline	server/tools/documents.ts	399	28	call	optionalString
ts0084	proj/outline	server/routes/api/accessRequests/accessRequests.test.ts	20	4	call	expect
ts0085	proj/outline	app/types.ts	153	44	member	ReactNode
ts0086	proj/outline	shared/editor/nodes/Mention.tsx	297	52	member	href
ts0087	proj/outline	server/routes/api/documents/documents.test.ts	7526	23	call	buildUser
ts0088	proj/outline	server/queues/tasks/DuplicateCollectionDocumentsTask.test.ts	36	6	name	actorId
ts0089	proj/outline	shared/utils/files.test.ts	41	6	call	expect
ts0090	proj/outline	server/routes/api/documents/documents.test.ts	7227	19	member	reload
ts0091	proj/outline	app/hooks/useTableRequest.ts	15	13	type	Omit
ts0092	proj/outline	app/components/Table.tsx	435	23	name	columns
ts0093	proj/outline	shared/editor/components/Styles.ts	2403	13	path	after
ts0094	proj/outline	app/components/WebsocketProvider.tsx	348	6	call	action
ts0095	proj/outline	shared/utils/parseMentionUrl.test.ts	17	59	member	toEqual
ts0096	proj/outline	shared/editor/components/Styles.ts	1967	5	path	before
ts0097	proj/outline	shared/utils/domains.test.ts	77	48	member	toMatchObject
ts0098	proj/outline	server/routes/api/shares/shares.test.ts	41	27	member	id
ts0099	proj/outline	shared/editor/queries/isMarkActive.test.ts	34	12	member	tr
ts0100	proj/outline	server/routes/api/comments/comments.test.ts	1225	15	member	status
ts0101	proj/outline	shared/helpers/FilterHelper.test.ts	72	8	member	toBe
ts0102	proj/outline	server/emails/templates/InviteReminderEmail.tsx	74	27	member	APP_NAME
ts0103	proj/outline	app/utils/i18n.test.ts	30	4	call	expect
ts0104	proj/outline	app/models/Revision.ts	59	15	type	AuthenticationType
ts0105	proj/outline	server/utils/passport.ts	57	57	type	Next
ts0106	proj/outline	server/tools/fetch.test.ts	204	36	member	text
ts0107	proj/outline	server/routes/api/documents/documents.test.ts	3515	23	call	buildUser
ts0108	proj/outline	shared/editor/lib/ExtensionManager.ts	157	12	type	Options
ts0109	proj/outline	server/routes/api/collections/collections.test.ts	208	29	member	data
ts0110	proj/outline	app/components/Icons/ArrowIcon.tsx	1	22	type	ArrowRightIcon
ts0111	proj/outline	app/components/Sidebar/components/SharedDocumentLink.tsx	98	31	member	useCallback
ts0112	proj/outline	server/presenters/oauthAuthentication.ts	11	17	call	presentPublishedOAuthClient
ts0113	proj/outline	plugins/webhooks/server/tasks/DeliverWebhookTask.ts	686	24	call	presentMembership
ts0114	proj/outline	server/commands/documentCollaborativeUpdater.test.ts	139	19	call	buildYDoc
ts0115	proj/outline	server/routes/api/notifications/notifications.test.ts	463	15	type	NotificationEventType
ts0116	proj/outline	server/policies/collection.test.ts	596	43	member	Admin
ts0117	proj/outline	app/scenes/Login/OAuthScopeHelper.test.ts	86	8	member	toEqual
ts0118	proj/outline	server/commands/documentUpdater.ts	103	13	member	insightsEnabled
ts0119	proj/outline	shared/utils/urls.test.ts	382	37	member	toBeUndefined
ts0120	proj/outline	app/components/IconPicker/utils.ts	8	2	type	Search
ts0121	proj/outline	server/routes/api/collections/collections.ts	518	6	type	UserMembership
ts0122	proj/outline	server/routes/api/templates/schema.ts	10	5	member	refine
ts0123	proj/outline	server/commands/pinCreator.test.ts	53	46	member	collectionId
ts0124	proj/outline	server/models/helpers/ProseMirrorHelper.test.ts	837	31	member	child
ts0125	proj/outline	server/routes/api/collections/collections.test.ts	1966	20	call	buildUser
ts0126	proj/outline	app/components/Sidebar/Shared.tsx	30	9	type	Share
ts0127	proj/outline	server/routes/api/documents/documents.test.ts	5258	20	member	teamId
ts0128	proj/outline	shared/editor/components/Styles.ts	2860	48	path	before
ts0129	proj/outline	server/routes/api/teams/schema.ts	38	38	member	optional
ts0130	proj/outline	app/components/Input.tsx	354	19	name	label
ts0131	proj/outline	app/scenes/DesktopRedirect.tsx	14	13	member	open
ts0132	proj/outline	shared/types.ts	272	6	name	github
ts0133	proj/outline	shared/editor/marks/Placeholder.ts	81	22	member	resolve
ts0134	proj/outline	server/tools/documents.test.ts	489	22	member	parse
ts0135	proj/outline	server/models/Share.ts	238	62	name	url
ts0136	proj/outline	shared/editor/components/Styles.ts	2611	40	path	after
ts0137	proj/outline	server/tools/collections.ts	58	34	member	describe
ts0138	proj/outline	server/routes/api/documents/documents.ts	368	31	type	StatusFilter
ts0139	proj/outline	app/hooks/useSwipe.tsx	36	8	member	stopPropagation
ts0140	proj/outline	shared/utils/date.ts	424	38	member	includes
ts0141	proj/outline	app/models/ApiKey.ts	10	9	name	modelName
ts0142	proj/outline	app/components/Sidebar/components/NavLink.tsx	231	14	member	currentTarget
ts0143	proj/outline	server/queues/tasks/APIImportTask.ts	413	23	type	AttachmentHelper
ts0144	proj/outline	app/components/IconPicker/components/GridTemplate.tsx	146	27	name	items
ts0145	proj/outline	server/storage/files/presignedPut.test.ts	73	6	call	expect
ts0146	proj/outline	server/models/helpers/ProseMirrorHelper.test.ts	1447	21	type	ProsemirrorHelper
ts0147	proj/outline	app/components/Table.tsx	107	15	type	TData
ts0148	proj/outline	shared/editor/components/Styles.ts	2716	51	path	before
ts0149	proj/outline	server/models/helpers/ProseMirrorHelper.test.ts	1101	6	call	expect
ts0150	proj/outline	shared/utils/ProsemirrorHelper.test.ts	256	6	call	expect
ts0151	proj/outline	server/tools/documents.ts	867	16	member	state
ts0152	proj/outline	server/utils/requestFilteringAgent/index.ts	247	53	member	requestFilterOptions
ts0153	proj/outline	plugins/webhooks/server/tasks/DeliverWebhookTask.ts	26	2	type	GroupUser
ts0154	proj/outline	shared/editor/nodes/CheckboxList.ts	5	10	type	ProsemirrorNode
ts0155	proj/outline	app/scenes/Settings/Groups.tsx	52	16	call	useTranslation
ts0156	proj/outline	shared/editor/components/Styles.ts	2624	39	path	before
ts0157	proj/outline	server/routes/api/userMemberships/userMemberships.test.ts	25	27	call	buildDocument
ts0158	proj/outline	app/components/InputSelect.tsx	243	10	name	options
ts0159	proj/outline	app/scenes/Shared/index.tsx	245	29	member	tree
ts0160	proj/outline	app/scenes/Document/components/ShareButton.tsx	30	21	call	useStores
ts0161	proj/outline	plugins/gitlab/server/GitLabIssueProvider.ts	361	24	member	length
ts0162	proj/outline	server/policies/collection.test.ts	402	6	call	expect
ts0163	proj/outline	app/scenes/Document/components/Comments/CommentThreadItem.tsx	138	19	name	onEditEnd
ts0164	proj/outline	app/components/Guide.tsx	46	15	call	styled
ts0165	proj/outline	shared/editor/rules/links.ts	47	40	member	children
ts0166	proj/outline	server/routes/api/documents/documents.test.ts	1879	28	member	map
ts0167	proj/outline	server/routes/api/subscriptions/subscriptions.test.ts	225	24	member	id
ts0168	proj/outline	server/routes/api/pins/pins.test.ts	209	4	call	expect
ts0169	proj/outline	server/routes/api/pins/pins.ts	68	14	type	APIContext
ts0170	proj/outline	app/components/Notice.tsx	20	3	type	Container
ts0171	proj/outline	shared/editor/nodes/ToggleBlock.ts	9	2	type	Schema
ts0172	proj/outline	server/tools/documents.test.ts	672	42	name	accessToken
ts0173	proj/outline	plugins/storage/server/api/files.ts	155	24	member	getContentDispositionType
ts0174	proj/outline	app/components/ModelSelectionContext.tsx	36	47	call	ModelSelection
ts0175	proj/outline	app/components/Lightbox.tsx	649	25	type	ImageStatus
ts0176	proj/outline	plugins/slack/server/api/hooks.test.ts	85	19	member	SLACK_VERIFICATION_TOKEN
ts0177	proj/outline	server/policies/collection.test.ts	189	4	call	it
ts0178	proj/outline	shared/editor/components/Styles.ts	2710	16	path	before
ts0179	proj/outline	plugins/webhooks/server/api/webhookSubscriptions.test.ts	28	15	member	status
ts0180	proj/outline	app/editor/extensions/HoverPreviews.tsx	58	18	call	isHoverTarget
ts0181	proj/outline	server/routes/api/developer/developer.ts	89	11	member	findAll
ts0182	proj/outline	app/editor/menus/tableCol.tsx	176	34	member	map
ts0183	proj/outline	server/routes/api/emojis/emojis.test.ts	23	2	call	it
ts0184	proj/outline	server/queues/processors/BacklinksProcessor.ts	15	8	call	perform
ts0185	proj/outline	shared/utils/ProsemirrorDataHelper.test.ts	4	0	call	describe
ts0186	proj/outline	app/models/Document.ts	708	31	member	Document
ts0187	proj/outline	shared/editor/marks/Code.ts	47	41	member	code_inline
ts0188	proj/outline	shared/utils/emoji.ts	122	42	type	GetVariantsProps
ts0189	proj/outline	server/tools/documents.test.ts	158	25	call	buildUser
ts0190	proj/outline	shared/editor/extensions/HeadingPrefix.ts	185	21	call	inject
ts0191	proj/outline	app/components/Lightbox.tsx	801	36	member	current
ts0192	proj/outline	plugins/slack/server/api/hooks.ts	160	64	call	toError
ts0193	proj/outline	shared/editor/rules/breaks.ts	35	16	member	after
ts0194	proj/outline	shared/editor/components/Styles.ts	2321	7	path	after
ts0195	proj/outline	server/models/helpers/Filters.test.ts	940	28	type	Op
ts0196	proj/outline	shared/editor/components/Styles.ts	1792	15	path	before
ts0197	proj/outline	shared/utils/TextHelper.test.ts	49	6	call	expect
ts0198	proj/outline	server/emails/templates/GroupCommentMentionedEmail.tsx	95	38	type	Props
ts0199	proj/outline	shared/editor/commands/toggleList.test.ts	215	51	member	checked
ts0200	proj/outline	server/models/helpers/ProsemirrorHelper.tsx	1003	10	member	forEach
ts0201	proj/outline	shared/editor/components/Styles.ts	2378	12	path	after
ts0202	proj/outline	shared/utils/urls.test.ts	209	4	call	it
ts0203	proj/outline	shared/editor/nodes/CheckboxItemView.ts	80	33	member	checked
ts0204	proj/outline	app/models/base/Model.test.ts	130	20	type	Reflect
ts0205	proj/outline	app/stores/RootStore.ts	84	23	type	EmojisStore
ts0206	proj/outline	server/models/FileOperation.test.ts	61	21	call	randomUUID
ts0207	proj/outline	shared/editor/components/Styles.ts	2866	31	path	before
ts0208	proj/outline	plugins/storage/server/api/files.ts	203	10	call	AuthenticationError
ts0209	proj/outline	server/routes/api/userMemberships/userMemberships.ts	80	2	call	auth
ts0210	proj/outline	plugins/email/server/auth/email.test.ts	133	25	type	WelcomeEmail
ts0211	proj/outline	server/routes/api/documents/documents.ts	1105	12	type	Buffer
ts0212	proj/outline	shared/editor/nodes/Mention.tsx	200	11	type	MentionType
ts0213	proj/outline	app/editor/menus/formatting.tsx	81	28	member	selection
ts0214	proj/outline	server/routes/api/shares/shares.ts	453	27	member	SharesSitemapReq
ts0215	proj/outline	server/routes/api/documents/documents.test.ts	3505	36	member	Archived
ts0216	proj/outline	shared/editor/components/Styles.ts	2872	31	path	before
ts0217	proj/outline	shared/editor/nodes/Embed.tsx	145	17	type	Record
ts0218	proj/outline	server/storage/redis.test.ts	39	10	type	Redis
ts0219	proj/outline	server/commands/shareLoader.test.ts	375	54	member	rejects
ts0220	proj/outline	shared/editor/plugins/UploadPlugin.ts	163	27	call	mapNode
ts0221	proj/outline	app/scenes/Document/hooks/useDocumentSave.ts	353	36	member	id
ts0222	proj/outline	app/components/Sharing/components/AuthenticatedIsland.tsx	46	7	type	AccountMenu
ts0223	proj/outline	server/queues/tasks/ErrorTimedOutFileOperationsTask.test.ts	28	10	call	buildFileOperation
ts0224	proj/outline	shared/utils/rfc6902/diff.ts	462	11	call	diffObjects
ts0225	proj/outline	server/routes/api/fileOperations/fileOperations.test.ts	265	11	name	data
ts0226	proj/outline	server/routes/api/documents/documents.test.ts	968	19	member	teamId
ts0227	proj/outline	server/presenters/team.test.ts	30	15	type	Team
ts0228	proj/outline	plugins/search-postgres/server/PostgresSearchProvider.ts	292	64	name	rest
ts0229	proj/outline	app/editor/menus/tableCol.tsx	6	2	type	InsertLeftIcon
ts0230	proj/outline	shared/editor/components/Styles.ts	2294	13	path	after
ts0231	proj/outline	server/routes/api/urls/urls.test.ts	93	4	call	expect
ts0232	proj/outline	shared/editor/queries/table.ts	125	15	call	selectedRect
ts0233	proj/outline	server/presenters/accessRequest.ts	14	34	member	responder
ts0234	proj/outline	shared/editor/lib/listInputRule.test.ts	65	41	name	textBefore
ts0235	proj/outline	shared/editor/components/Styles.ts	2503	6	name	index
ts0236	proj/outline	server/utils/ip.ts	20	22	path	ffff
ts0237	proj/outline	server/routes/api/groups/groups.test.ts	747	4	call	expect
ts0238	proj/outline	server/routes/oauth/oauth.test.ts	48	4	call	expect
ts0239	proj/outline	shared/editor/nodes/TableRow.ts	356	20	call	buildAddRowDecoration
ts0240	proj/outline	server/queues/tasks/base/CronTask.test.ts	22	15	type	PartitionInfo
ts0241	proj/outline	shared/editor/components/Styles.ts	2451	14	path	after
ts0242	proj/outline	app/hooks/useKeyDown.ts	39	6	name	options
ts0243	proj/outline	app/scenes/Document/components/RevisionViewer.tsx	157	15	call	observer
ts0244	proj/outline	shared/editor/nodes/Mention.tsx	162	32	type	MentionType
ts0245	proj/outline	server/emails/templates/ShareDocumentUpdatedEmail.tsx	147	48	name	__html
ts0246	proj/outline	app/scenes/Invite.tsx	44	15	call	useCurrentUser
ts0247	proj/outline	app/actions/definitions/documents.tsx	574	2	name	visible
ts0248	proj/outline	server/routes/api/documents/documents.test.ts	4694	4	call	expect
ts0249	proj/outline	server/models/Reaction.ts	55	22	call	addReactionToCommentCache
ts0250	proj/outline	shared/editor/components/Styles.ts	2216	7	path	before
ts0251	proj/outline	server/commands/documentImporter.test.ts	40	4	call	expect
ts0252	proj/outline	app/components/Breadcrumb.tsx	87	10	type	Item
ts0253	proj/outline	server/routes/api/users/users.ts	169	32	member	state
ts0254	proj/outline	server/scripts/20220722000000-backfill-subscriptions.ts	23	40	name	collaboratorId
ts0255	proj/outline	server/models/Collection.ts	49	2	type	ImportableIntegrationService
ts0256	proj/outline	shared/editor/components/Frame.tsx	103	37	type	Open
ts0257	proj/outline	server/models/helpers/Filters.test.ts	350	6	call	expect
ts0258	proj/outline	shared/components/EmojiText.tsx	24	59	type	Props
ts0259	proj/outline	server/routes/api/shares/schema.ts	152	11	member	object
ts0260	proj/outline	shared/editor/nodes/Image.tsx	132	16	type	NodeSpec
ts0261	proj/outline	server/utils/ZipHelper.test.ts	178	26	call	writeZip
ts0262	proj/outline	app/components/DocumentCard.tsx	194	21	type	CloseIcon
ts0263	proj/outline	server/routes/api/shares/schema.ts	23	10	call	isEmpty
ts0264	proj/outline	app/editor/extensions/CommentGutter.tsx	75	27	call	mapDecorations
ts0265	proj/outline	app/actions/definitions/notifications.tsx	23	60	member	length
ts0266	proj/outline	shared/editor/commands/link.ts	131	35	member	tr
ts0267	proj/outline	server/queues/tasks/DeleteAttachmentTask.ts	31	16	type	TaskPriority
ts0268	proj/outline	app/editor/components/SuggestionsMenuItem.tsx	23	9	type	React
ts0269	proj/outline	server/routes/api/urls/urls.ts	285	19	call	reject
ts0270	proj/outline	app/scenes/Login/components/AuthenticationProvider.tsx	80	14	name	method
ts0271	proj/outline	server/models/base/IdModel.ts	3	2	type	UpdatedAt
ts0272	proj/outline	server/converters/DocumentConverter.test.ts	588	8	call	expect
ts0273	proj/outline	shared/editor/components/Styles.ts	2344	12	path	after
ts0274	proj/outline	server/commands/teamPermanentDeleter.test.ts	194	4	call	expect
ts0275	proj/outline	app/stores/base/StorePersistence.test.ts	258	22	member	flush
ts0276	proj/outline	server/utils/LogoutTokenStore.test.ts	61	28	name	ctx
ts0277	proj/outline	server/routes/index.test.ts	392	15	member	headers
ts0278	proj/outline	server/routes/api/searches/searches.test.ts	138	2	call	it
ts0279	proj/outline	shared/editor/components/Styles.ts	2203	13	path	after
ts0280	proj/outline	app/scenes/Login/urls.test.ts	5	48	member	toBe
ts0281	proj/outline	app/components/Lightbox.tsx	1118	36	member	Overlay
ts0282	proj/outline	shared/editor/components/Styles.ts	2409	16	path	after
ts0283	proj/outline	shared/utils/time.ts	33	25	type	Day
ts0284	proj/outline	app/editor/extensions/deburrWithMap.test.ts	53	32	call	deburrWithMap
ts0285	proj/outline	server/commands/documentDuplicator.test.ts	436	6	call	documentDuplicator
ts0286	proj/outline	server/routes/api/documents/documents.ts	1393	34	member	TwentyFivePerMinute
ts0287	proj/outline	shared/editor/rules/tables.ts	155	26	member	children
ts0288	proj/outline	server/routes/api/documents/documents.test.ts	7437	43	name	user
ts0289	proj/outline	server/queues/tasks/UpdateDocumentsPopularityScoreTask.test.ts	252	26	member	create
ts0290	proj/outline	app/scenes/DocumentDelete.tsx	56	40	name	parent
ts0291	proj/outline	server/policies/document.ts	309	36	member	id
ts0292	proj/outline	server/utils/fetch.ts	171	13	call	buildAgent
ts0293	proj/outline	shared/editor/commands/table.test.ts	234	23	call	selectColumn
ts0294	proj/outline	shared/editor/components/Styles.ts	2333	13	path	after
ts0295	proj/outline	server/routes/api/users/users.test.ts	290	4	call	expect
ts0296	proj/outline	app/scenes/Settings/GroupMembers.tsx	249	9	type	StickyFilters
ts0297	proj/outline	app/scenes/Document/components/Comments/CommentForm.tsx	129	32	member	toISOString
ts0298	proj/outline	shared/utils/rfc6902/patch.ts	209	46	member	path
ts0299	proj/outline	app/components/Notifications/Notifications.tsx	190	27	call	styled
