csharp0000	proj/eShop	src/Ordering.Infrastructure/Migrations/20231021004633_FixOrderitemseqSchema.Designer.cs	270	25	member	WithMany
csharp0001	proj/eShop	src/Ordering.API/Extensions/BasketItemExtensions.cs	18	26	name	item
csharp0002	proj/eShop	src/ClientApp/Helpers/EasingHelper.cs	12	43	member	BounceOut
csharp0003	proj/eShop	src/Webhooks.API/GlobalUsings.cs	3	0	name	global
csharp0004	proj/eShop	tests/ClientApp.UnitTests/ViewModels/MockViewModelTests.cs	26	45	member	IsValid
csharp0005	proj/eShop	src/ClientApp/Controls/ToggleButton.cs	49	15	call	SetValue
csharp0006	proj/eShop	src/IntegrationEventLogEF/IntegrationEventLogEntry.cs	30	11	type	DateTime
csharp0007	proj/eShop	src/ClientApp/Services/Basket/Protos/Basket.cs	453	20	member	Diagnostics
csharp0008	proj/eShop	src/Ordering.Domain/AggregatesModel/OrderAggregate/OrderItem.cs	3	25	member	Domain
csharp0009	proj/eShop	src/ClientApp/Models/Basket/BasketItem.cs	33	27	call	ToString
csharp0010	proj/eShop	src/ClientApp/ViewModels/SelectionViewModel.cs	3	45	type	ObservableObject
csharp0011	proj/eShop	src/Identity.API/Data/Migrations/20230925223402_InitialMigration.cs	34	39	member	Column
csharp0012	proj/eShop	src/ClientApp/Services/Settings/SettingsService.cs	42	33	call	GetUserTokenAsync
csharp0013	proj/eShop	src/Identity.API/Quickstart/Account/LoginViewModel.cs	12	41	type	ExternalProviders
csharp0014	proj/eShop	src/Identity.API/Quickstart/Grants/GrantsController.cs	66	40	member	ClientName
csharp0015	proj/eShop	src/ClientApp/Services/Basket/Protos/BasketGrpc.cs	137	29	path	eShop
csharp0016	proj/eShop	src/ClientApp/Services/Basket/Protos/Basket.cs	129	13	path	System
csharp0017	proj/eShop	tests/ClientApp.UnitTests/Mocks/MockSettingsService.cs	88	15	call	GetValueOrDefault
csharp0018	proj/eShop	src/WebApp/Extensions/Extensions.cs	36	13	member	AddAuthToken
csharp0019	proj/eShop	src/ClientApp/Services/Basket/Protos/Basket.cs	946	37	member	GeneratedCode
csharp0020	proj/eShop	src/ClientApp/Services/Basket/Protos/Basket.cs	115	13	call	Equals
csharp0021	proj/eShop	src/Identity.API/Data/Migrations/ApplicationDbContextModelSnapshot.cs	138	12	name	modelBuilder
csharp0022	proj/eShop	src/ClientApp/Services/Settings/ISettingsService.cs	2	22	member	Models
csharp0023	proj/eShop	tests/Ordering.FunctionalTests/OrderingApiTests.cs	204	69	name	responseData
csharp0024	proj/eShop	src/ClientApp/ViewModels/BasketViewModel.cs	15	11	call	BasketViewModel
csharp0025	proj/eShop	src/Ordering.Domain/AggregatesModel/OrderAggregate/Order.cs	134	12	call	StatusChangeException
csharp0026	proj/eShop	src/Catalog.API/Infrastructure/Migrations/20231009153249_Initial.Designer.cs	35	25	member	HasSequence
csharp0027	proj/eShop	tests/Ordering.UnitTests/GlobalUsings.cs	21	11	call	Parallelize
csharp0028	proj/eShop	src/ClientApp/ViewModels/OrderDetailViewModel.cs	33	14	call	IsBusyFor
csharp0029	proj/eShop	src/Ordering.Domain/AggregatesModel/BuyerAggregate/IBuyerRepository.cs	9	17	type	Buyer
csharp0030	proj/eShop	src/Ordering.API/Application/DomainEventHandlers/ValidateOrAddBuyerAggregateWhenOrderStartedDomainEventHandler.cs	47	14	name	_buyerRepository
csharp0031	proj/eShop	src/Ordering.API/Application/Behaviors/ValidatorBehavior.cs	32	22	call	OrderingDomainException
csharp0032	proj/eShop	tests/Catalog.FunctionalTests/CatalogApiTests.cs	226	46	member	ContentType
csharp0033	proj/eShop	tests/Ordering.UnitTests/Domain/OrderAggregateTest.cs	168	55	call	Address
csharp0034	proj/eShop	src/eShop.ServiceDefaults/AuthenticationExtensions.cs	31	55	member	Remove
csharp0035	proj/eShop	src/Identity.API/Quickstart/Device/DeviceController.cs	200	12	type	Checked
csharp0036	proj/eShop	src/IntegrationEventLogEF/IntegrationEventLogEntry.cs	30	20	type	CreationTime
csharp0037	proj/eShop	src/Catalog.API/Apis/CatalogApi.cs	325	49	member	CatalogItems
csharp0038	proj/eShop	src/Catalog.API/Infrastructure/Migrations/20231009153249_Initial.Designer.cs	6	20	member	API
csharp0039	proj/eShop	tests/Application.UnitTests/IdentityConfigurationTests.cs	49	42	member	ExtractRedirectUriFromReturnUrl
csharp0040	proj/eShop	src/WebhookClient/Extensions/Extensions.cs	52	12	name	options
csharp0041	proj/eShop	src/Ordering.Infrastructure/OrderingContext.cs	16	27	type	CardTypes
csharp0042	proj/eShop	src/ClientApp/Extensions/VisualElementExtensions.cs	392	23	call	Lerp
csharp0043	proj/eShop	src/Ordering.Infrastructure/Migrations/20230925222426_Initial.Designer.cs	160	22	member	HasIndex
csharp0044	proj/eShop	src/ClientApp/ViewModels/SettingsViewModel.cs	147	12	call	SetProperty
csharp0045	proj/eShop	src/Catalog.API/Infrastructure/CatalogContextSeed.cs	13	32	type	CatalogContext
csharp0046	proj/eShop	src/Ordering.API/Application/DomainEventHandlers/ValidateOrAddBuyerAggregateWhenOrderStartedDomainEventHandler.cs	20	29	type	OrderStartedDomainEvent
csharp0047	proj/eShop	src/ClientApp/Controls/ToggleButton.cs	11	8	type	BindableProperty
csharp0048	proj/eShop	tests/Catalog.FunctionalTests/CatalogApiTests.cs	463	62	type	PaginatedItems
csharp0049	proj/eShop	tests/ClientApp.UnitTests/ViewModels/MockViewModelTests.cs	61	44	member	Forename
csharp0050	proj/eShop	src/Identity.API/Quickstart/Account/AccountController.cs	232	30	member	DisplayName
csharp0051	proj/eShop	tests/Application.UnitTests/CatalogAITests.cs	18	33	member	IsEnabled
csharp0052	proj/eShop	src/ClientApp/Controls/ToggleButton.cs	117	55	member	Linear
csharp0053	proj/eShop	src/ClientApp/Services/RequestProvider/RequestProvider.cs	108	25	call	GetOrCreateHttpClient
csharp0054	proj/eShop	src/ClientApp/Services/Basket/Protos/BasketGrpc.cs	61	14	path	MethodType
csharp0055	proj/eShop	src/Catalog.API/Infrastructure/Migrations/20231009153249_Initial.Designer.cs	4	36	member	Migrations
csharp0056	proj/eShop	src/Ordering.API/Application/IntegrationEvents/Events/OrderStockRejectedIntegrationEvent.cs	7	16	type	ConfirmedOrderStockItem
csharp0057	proj/eShop	tests/Application.UnitTests/IdentityConfigurationTests.cs	49	15	member	AreEqual
csharp0058	proj/eShop	tests/Ordering.UnitTests/GlobalUsings.cs	6	13	type	MediatR
csharp0059	proj/eShop	src/ClientApp/Services/RequestProvider/RequestProvider.cs	12	26	type	HttpClient
csharp0060	proj/eShop	src/Identity.API/UsersSeed.cs	87	23	member	LogDebug
csharp0061	proj/eShop	tests/Ordering.UnitTests/Domain/SeedWork/ValueObjectTests.cs	22	21	type	EqualityComparer
csharp0062	proj/eShop	src/ClientApp/Services/Catalog/CatalogMockService.cs	25	16	type	CatalogType
csharp0063	proj/eShop	src/Identity.API/Quickstart/Grants/GrantsController.cs	48	15	call	RedirectToAction
csharp0064	proj/eShop	src/Catalog.API/Infrastructure/Migrations/20231018163051_RemoveHiLoAndIndexCatalogName.Designer.cs	14	5	call	DbContext
csharp0065	proj/eShop	src/ClientApp/Views/BadgeView.cs	138	8	call	BatchCommit
csharp0066	proj/eShop	tests/Ordering.UnitTests/Application/OrdersWebApiTest.cs	62	32	call	OrderServices
csharp0067	proj/eShop	src/Catalog.API/IntegrationEvents/CatalogIntegrationEventService.cs	19	45	member	MarkEventAsPublishedAsync
csharp0068	proj/eShop	src/Catalog.API/Infrastructure/Migrations/20231026091140_Outbox.Designer.cs	43	22	member	HasKey
csharp0069	proj/eShop	src/ClientApp/App.xaml.cs	119	30	call	GeolocationRequest
csharp0070	proj/eShop	src/ClientApp/Services/Basket/Protos/BasketGrpc.cs	49	26	path	Marshaller
csharp0071	proj/eShop	src/ClientApp/Services/Basket/Protos/BasketGrpc.cs	166	15	path	System
csharp0072	proj/eShop	src/ClientApp/Services/Basket/Protos/Basket.cs	1067	28	path	CodedOutputStream
csharp0073	proj/eShop	src/ClientApp/App.xaml.cs	39	60	name	activationState
csharp0074	proj/eShop	src/ClientApp/Services/Basket/Protos/Basket.cs	919	52	path	WriteContext
csharp0075	proj/eShop	src/eShop.AppHost/Extensions.cs	3	21	member	Lifecycle
csharp0076	proj/eShop	src/ClientApp/Services/Basket/Protos/Basket.cs	324	13	path	System
csharp0077	proj/eShop	src/EventBus/Extensions/GenericTypeExtensions.cs	5	25	call	GetGenericTypeName
csharp0078	proj/eShop	src/Ordering.API/Application/Behaviors/LoggingBehavior.cs	11	16	member	LogInformation
csharp0079	proj/eShop	tests/Basket.UnitTests/BasketServiceTests.cs	113	12	name	service
