php0000	proj/koel/app/Enums/SmartPlaylistOperator.php:10	
php0001		retry
php0002		retry
php0003		retry
php0004		retry
php0005		retry
php0006	d-bench/lsp/node_modules/intelephense/lib/stub/standard/standard_1.php:920	
php0007	proj/koel/app/Services/Image/ImageStorage.php:91	
php0008	proj/koel/app/Values/AiSettings.php:8	
php0009	proj/koel/app/Http/Requests/API/Upload/UploadSongRequest.php:10	
php0010	proj/koel/app/Http/Resources/SongResource.php:81	
php0011	proj/koel/app/Repositories/Pagination/PaginationStrategyResolver.php:10	
php0012	proj/koel/app/Http/Controllers/Controller.php:9	
php0013	proj/koel/app/Services/Scanners/FileScanner.php:19	
php0014		retry
php0015	d-bench/lsp/node_modules/intelephense/lib/stub/standard/standard_1.php:1040	
php0016	d-bench/lsp/node_modules/intelephense/lib/stub/standard/standard_0.php:804	
php0017	proj/koel/app/Http/Resources/AlbumResource.php:71	
php0018	proj/koel/app/Services/Image/ImageStorage.php:27	
php0019	d-bench/lsp/node_modules/intelephense/lib/stub/standard/standard_9.php:777	
php0020	proj/koel/app/Values/User/UserUpdateData.php:8	
php0021	proj/koel/app/Models/Song.php:129	
php0022		retry
php0023		retry
php0024	proj/koel/app/Models/Artist.php:55	
php0025		retry
php0026	proj/koel/app/Models/Artist.php:40	
php0027	proj/koel/app/Repositories/ArtistRepository.php:39	
php0028		retry
php0029		retry
php0030		retry
php0031		retry
php0032	proj/koel/app/Console/Commands/DoctorCommand.php:356	
php0033	proj/koel/app/Facades/License.php:9	
php0034		retry
php0035	proj/koel/app/Services/SongStorages/CloudStorage.php:15	
php0036		retry
php0037	d-bench/lsp/node_modules/intelephense/lib/stub/SPL/SPL.php:13;d-bench/lsp/node_modules/intelephense/lib/stub/Core/Core_c.php:320	
php0038		retry
php0039		retry
php0040		retry
php0041		retry
php0042	d-bench/lsp/node_modules/intelephense/lib/stub/standard/standard_1.php:31	
php0043		retry
php0044	proj/koel/app/Ai/Tools/RemoveFromPlaylist.php:19	
php0045	proj/koel/app/Rules/ValidSmartPlaylistRulePayload.php:10	
php0046	proj/koel/app/Models/Album.php:43	
php0047		retry
php0048		retry
php0049		retry
php0050		retry
php0051		retry
php0052		retry
php0053	proj/koel/app/Helpers.php:189	
php0054	proj/koel/app/Models/Artist.php:43	
php0055		retry
php0056	proj/koel/app/Ai/Tools/AddToPlaylist.php:20	
php0057		retry
php0058		retry
php0059	proj/koel/app/Console/Commands/Admin/ChangePasswordCommand.php:19	
php0060		retry
php0061	proj/koel/app/Helpers.php:189	
php0062	proj/koel/app/Values/Artist/ArtistInformation.php:21	
php0063	proj/koel/app/Http/Controllers/Controller.php:9	
php0064	proj/koel/app/Models/Album.php:39	
php0065		retry
php0066		retry
php0067	d-bench/lsp/node_modules/intelephense/lib/stub/Core/Core_c.php:202	
php0068	proj/koel/app/Models/Genre.php:28	
php0069		retry
php0070		retry
php0071	proj/koel/app/Models/User.php:53	
php0072		retry
php0073	proj/koel/app/Values/License/LicenseStatus.php:11	
php0074	proj/koel/app/Repositories/AlbumRepository.php:24	
php0075		retry
php0076		retry
php0077	proj/koel/app/Http/Responses/Subsonic/Resources/AlbumResource.php:38	
php0078		retry
php0079		retry
php0080		retry
php0081	proj/koel/app/Http/Requests/API/Settings/UpdateBrandingRequest.php:18	
php0082		retry
php0083		retry
php0084		retry
php0085		retry
php0086		retry
php0087		retry
php0088		retry
php0089	proj/koel/app/Facades/License.php:15	
php0090		retry
php0091	proj/koel/app/Exceptions/ProxyAuthIpNotAllowedException.php:10	
php0092		retry
php0093		retry
php0094	d-bench/lsp/node_modules/intelephense/lib/stub/Core/Core_c.php:275;d-bench/lsp/node_modules/intelephense/lib/stub/Core/Core_c.php:320	
php0095		retry
php0096		retry
php0097	proj/koel/app/Values/Theme/ThemeProperties.php:12	
php0098		retry
php0099		retry
php0100		retry
php0101		retry
php0102	proj/koel/app/Console/Commands/DoctorCommand.php:361	
php0103	proj/koel/app/Repositories/TranscodeRepository.php:17	
php0104	proj/koel/app/Http/Requests/API/UpdateQueueStateRequest.php:8	
php0105		retry
php0106		retry
php0107		retry
php0108		retry
php0109	proj/koel/app/Http/Requests/Subsonic/GetAlbumList2Request.php:8	
php0110	proj/koel/app/Models/Song.php:67	
php0111	proj/koel/app/Http/Controllers/Subsonic/UpdatePlaylistController.php:15	
php0112	proj/koel/app/Jobs/RunCommandJob.php:7;proj/koel/app/Jobs/RunCommandJob.php:9	
php0113	proj/koel/app/Repositories/ArtistRepository.php:73	
php0114		retry
php0115		retry
php0116		retry
php0117	proj/koel/app/Values/License/LicenseStatus.php:15	
php0118	proj/koel/app/Http/Controllers/API/ListenBrainzTokenController.php:14	
php0119	proj/koel/app/Http/Controllers/API/FetchDemoCreditsController.php:9	
php0120	proj/koel/app/Services/Integrations/EncyclopediaService.php:17	
php0121	proj/koel/app/Ai/Tools/GetCurrentSong.php:20	
php0122		retry
php0123		retry
php0124		retry
php0125		retry
php0126		retry
php0127	proj/koel/app/Console/Commands/InitCommand.php:41	
php0128		retry
php0129		retry
php0130	proj/koel/app/Repositories/SongRepository.php:317	
php0131	proj/koel/app/Http/Integrations/CoverArtArchive/CoverArtArchiveConnector.php:9	
php0132	proj/koel/app/Http/Requests/API/Playlist/PlaylistStoreRequest.php:22	
php0133		retry
php0134	proj/koel/app/Enums/SmartPlaylistModel.php:49	
php0135	proj/koel/app/Models/User.php:91	
php0136		retry
php0137		retry
php0138	proj/koel/app/Services/Image/ImageStorage.php:17	
php0139	proj/koel/app/Models/Podcast.php:30	
php0140	proj/koel/app/Values/Scanning/ScanConfiguration.php:7	
php0141	proj/koel/app/Http/Responses/Subsonic/SubsonicResponse.php:17	
php0142		retry
php0143		retry
php0144		retry
php0145	proj/koel/app/Models/PlaylistFolder.php:32	
php0146		retry
php0147		retry
php0148	d-bench/lsp/node_modules/intelephense/lib/stub/Reflection/ReflectionClass.php:16;d-bench/lsp/node_modules/intelephense/lib/stub/Reflection/ReflectionClass.php:69	
php0149	proj/koel/app/Http/Middleware/AuthenticateSubsonicRequests.php:15	
php0150		retry
php0151		retry
php0152		retry
php0153		retry
php0154		retry
php0155	proj/koel/app/Services/Podcast/PodcastService.php:208	
php0156	d-bench/lsp/node_modules/intelephense/lib/stub/standard/standard_1.php:920	
php0157		retry
php0158		retry
php0159		retry
php0160		retry
php0161		retry
php0162		retry
php0163		retry
php0164	proj/koel/app/Http/Integrations/Wikidata/Requests/GetEntityDataRequest.php:8;proj/koel/app/Http/Integrations/Wikidata/Requests/GetEntityDataRequest.php:12	
php0165		retry
php0166	proj/koel/app/Events/LibraryChanged.php:5	
php0167		retry
php0168		retry
php0169		retry
php0170	proj/koel/app/Http/Resources/ArtistResource.php:45	
php0171	proj/koel/app/Repositories/SongRepository.php:317	
php0172	proj/koel/app/Http/Requests/API/Request.php:7	
php0173	d-bench/lsp/node_modules/intelephense/lib/stub/standard/standard_1.php:58	
php0174		retry
php0175		retry
php0176		retry
php0177	proj/koel/app/Helpers.php:189	
php0178		retry
php0179	proj/koel/app/Services/Integrations/EncyclopediaService.php:14	
php0180	proj/koel/app/Values/Scanning/ScanInformation.php:35	
php0181	d-bench/lsp/node_modules/intelephense/lib/stub/Core/Core_c.php:194	
php0182		retry
php0183	d-bench/lsp/node_modules/intelephense/lib/stub/standard/standard_1.php:790	
php0184		retry
php0185		retry
php0186	proj/koel/app/Services/Integrations/ListenBrainzService.php:17	
php0187	d-bench/lsp/node_modules/intelephense/lib/stub/standard/standard_2.php:343	
php0188	proj/koel/app/Services/SongStorages/S3CompatibleStorage.php:105	
php0189	proj/koel/app/Helpers.php:189	
php0190	proj/koel/app/Services/Playlist/PlaylistFolderService.php:43	
php0191		retry
php0192		retry
php0193		retry
php0194	proj/koel/app/Builders/AlbumBuilder.php:135	
php0195	proj/koel/app/Services/License/LicenseService.php:120	
php0196		retry
php0197		retry
php0198	proj/koel/app/Values/AiSettings.php:8	
php0199		retry
php0200		retry
php0201		retry
php0202	proj/koel/app/Facades/Dispatcher.php:12	
php0203		retry
php0204		retry
php0205	proj/koel/app/Helpers.php:98	
php0206		retry
php0207		retry
php0208	proj/koel/app/Hooks/HookRegistry.php:13	
php0209	proj/koel/app/Http/Requests/API/UserUpdateRequest.php:14	
php0210	d-bench/lsp/node_modules/intelephense/lib/stub/Core/Core.php:59	
php0211	proj/koel/app/Models/Album.php:87	
php0212		retry
php0213		retry
php0214		retry
php0215		retry
php0216	proj/koel/app/Values/Artist/ArtistUpdateData.php:11	
php0217		retry
php0218		retry
php0219		retry
php0220	proj/koel/app/Events/SongFavoriteToggled.php:11	
php0221	proj/koel/app/Services/SettingService.php:21	
php0222		retry
php0223	proj/koel/app/Console/Commands/ExtractFoldersCommand.php:16	
php0224		retry
php0225	proj/koel/app/Rules/AllPlayablesAreAccessibleBy.php:11;proj/koel/app/Rules/AllPlayablesAreAccessibleBy.php:13	
php0226	proj/koel/app/Models/User.php:131	
php0227		retry
php0228		retry
php0229		retry
php0230	proj/koel/app/Values/SongStorageMetadata/WebDAVMetadata.php:5	
php0231		retry
php0232		retry
php0233		retry
php0234		retry
php0235		retry
php0236		retry
php0237	proj/koel/app/Http/Responses/Subsonic/SubsonicResponse.php:17	
php0238		retry
php0239		retry
php0240		retry
php0241	proj/koel/app/Services/Integrations/EncyclopediaService.php:14	
php0242		retry
php0243		retry
php0244		retry
php0245	d-bench/lsp/node_modules/intelephense/lib/stub/standard/standard_1.php:920	
php0246		retry
php0247		retry
php0248	proj/koel/app/Http/Requests/API/Playlist/RemoveSongsFromPlaylistRequest.php:12	
php0249	proj/koel/app/Values/Scanning/ScanInformation.php:159	
php0250		retry
php0251	proj/koel/app/Http/Requests/API/Album/AlbumListRequest.php:12	
php0252	proj/koel/app/Http/Controllers/Subsonic/RefreshPodcastsController.php:17	
php0253	proj/koel/app/Models/Album.php:59	
php0254	proj/koel/app/Http/Integrations/MusicBrainz/Requests/GetReleaseGroupForReleaseRequest.php:8;proj/koel/app/Http/Integrations/MusicBrainz/Requests/GetReleaseGroupForReleaseRequest.php:12	
php0255		retry
php0256	proj/koel/app/Helpers.php:118	
php0257		retry
php0258	proj/koel/app/Values/Scanning/ScanResult.php:12	
php0259		retry
php0260	d-bench/lsp/node_modules/intelephense/lib/stub/standard/standard_0.php:574	
php0261	proj/koel/app/Services/Podcast/PodcastService.php:181	
php0262	proj/koel/app/Models/Artist.php:35	
php0263	proj/koel/app/Services/SongStorages/SongStorage.php:10	
php0264		retry
php0265		retry
php0266	proj/koel/app/Http/Controllers/Controller.php:9	
php0267		retry
php0268	proj/koel/app/Models/Song.php:129	
php0269		retry
php0270	proj/koel/app/Repositories/SongRepository.php:39	
php0271	proj/koel/app/Helpers.php:62	
php0272	proj/koel/app/Values/User/UserCreateData.php:14	
php0273		retry
php0274		retry
php0275		retry
php0276		retry
php0277	proj/koel/app/Http/Requests/API/PlaylistCollaboration/PlaylistCollaboratorDestroyRequest.php:8	
php0278	proj/koel/app/Http/Responses/Subsonic/Resources/AlbumResource.php:38	
php0279		retry
php0280	proj/koel/app/Exceptions/TranscodingFailedException.php:7;proj/koel/app/Exceptions/TranscodingFailedException.php:9	
php0281	d-bench/lsp/node_modules/intelephense/lib/stub/standard/standard_9.php:758	
php0282	proj/koel/app/Values/Theme/ThemeProperties.php:24	
php0283	proj/koel/app/Http/Resources/RadioStationResource.php:28	
php0284		retry
php0285		retry
php0286	proj/koel/app/Models/Song.php:70	
php0287		retry
php0288	proj/koel/app/Ai/Tools/PlayPlaylist.php:20	
php0289		retry
php0290	proj/koel/app/Http/Responses/Subsonic/Resources/RadioStationResource.php:7	
php0291	d-bench/lsp/node_modules/intelephense/lib/stub/standard/standard_8.php:1119	
php0292	proj/koel/app/Http/Requests/Subsonic/SavePlayQueueRequest.php:10	
php0293	proj/koel/app/Events/UserUnsubscribedFromPodcast.php:12	
php0294		retry
php0295		retry
php0296	proj/koel/app/Values/Scanning/ScanResult.php:7	
php0297		retry
php0298		retry
php0299		retry
