swift0000		retry
swift0001		retry
swift0002	proj/Alamofire/Source/Core/Request.swift:207	
swift0003	/private/var/folders/3_/2z6rxrbd7m7_4817ppdvtvb40000gn/T/sourcekit-lsp/GeneratedInterfaces/5482526458293327776/Darwin.MacTypes.swiftinterface:31	
swift0004	proj/Alamofire/Tests/TestHelpers.swift:63	
swift0005	proj/Alamofire/Tests/TestHelpers.swift:258	
swift0006	proj/Alamofire/Source/Core/DataRequest.swift:54	
swift0007	proj/Alamofire/Tests/AFError+AlamofireTests.swift:115	
swift0008		retry
swift0009	proj/Alamofire/Source/Features/ResponseSerialization.swift:462;proj/Alamofire/Source/Features/ResponseSerialization.swift:476	
swift0010	proj/Alamofire/Source/Core/Request.swift:29	
swift0011	proj/Alamofire/Source/Core/Session.swift:1248	
swift0012	proj/Alamofire/Source/Core/Protected.swift:28	
swift0013	proj/Alamofire/Source/Features/CachedResponseHandler.swift:50;proj/Alamofire/Source/Features/CachedResponseHandler.swift:72	
swift0014	proj/Alamofire/Tests/TestHelpers.swift:457	
swift0015	proj/Alamofire/Tests/RequestInterceptorTests.swift:29	
swift0016	proj/Alamofire/Source/Core/SessionDelegate.swift:115	
swift0017	proj/Alamofire/Source/Core/Response.swift:226	
swift0018	proj/Alamofire/Tests/ServerTrustEvaluatorTests.swift:80	
swift0019	proj/Alamofire/Tests/ServerTrustEvaluatorTests.swift:80	
swift0020	proj/Alamofire/Source/Features/URLEncodedFormEncoder.swift:62	
swift0021	proj/Alamofire/Source/Features/AuthenticationInterceptor.swift:215	
swift0022		retry
swift0023	proj/Alamofire/Source/Core/Session.swift:30	
swift0024	/private/var/folders/3_/2z6rxrbd7m7_4817ppdvtvb40000gn/T/sourcekit-lsp/GeneratedInterfaces/2050708599472381410/Foundation.swiftinterface:8944	
swift0025		retry
swift0026	proj/Alamofire/Tests/HTTPHeadersTests.swift:94	
swift0027	/private/var/folders/3_/2z6rxrbd7m7_4817ppdvtvb40000gn/T/sourcekit-lsp/GeneratedInterfaces/2893112596364755853/Combine.swiftinterface:2256	
swift0028	/private/var/folders/3_/2z6rxrbd7m7_4817ppdvtvb40000gn/T/sourcekit-lsp/GeneratedInterfaces/5840456040469098929/Swift.Math.Floating.swiftinterface:8002	
swift0029	/private/var/folders/3_/2z6rxrbd7m7_4817ppdvtvb40000gn/T/sourcekit-lsp/GeneratedInterfaces/8772362477050359555/PackageDescription.swiftinterface:1960	
swift0030	/private/var/folders/3_/2z6rxrbd7m7_4817ppdvtvb40000gn/T/sourcekit-lsp/GeneratedInterfaces/4755895417629935304/Foundation.swiftinterface:35025	
swift0031	proj/Alamofire/Source/Features/URLEncodedFormEncoder.swift:1081	
swift0032	proj/Alamofire/Source/Core/Session.swift:30;proj/Alamofire/Source/Core/Session.swift:201	
swift0033	proj/Alamofire/Source/Core/DownloadRequest.swift:118	
swift0034	proj/Alamofire/Tests/ProtectedTests.swift:111	
swift0035	proj/Alamofire/Source/Core/Session.swift:30;proj/Alamofire/Source/Core/Session.swift:201	
swift0036	proj/Alamofire/Source/Core/HTTPMethod.swift:39	
swift0037	/private/var/folders/3_/2z6rxrbd7m7_4817ppdvtvb40000gn/T/sourcekit-lsp/GeneratedInterfaces/8966550810307939946/Dispatch.swiftinterface:3565	
swift0038		retry
swift0039	/private/var/folders/3_/2z6rxrbd7m7_4817ppdvtvb40000gn/T/sourcekit-lsp/GeneratedInterfaces/4435652192077691589/Foundation.NSISO8601DateFormatter.swiftinterface:52	
swift0040	proj/Alamofire/Tests/TestHelpers.swift:291	
swift0041	proj/Alamofire/Tests/CombineTests.swift:1506	
swift0042	/private/var/folders/3_/2z6rxrbd7m7_4817ppdvtvb40000gn/T/sourcekit-lsp/GeneratedInterfaces/7551707899838734384/Swift.Result.swiftinterface:9	
swift0043		retry
swift0044		retry
swift0045		retry
swift0046	proj/Alamofire/Source/Core/Instant.swift:35	
swift0047	proj/Alamofire/Tests/InspectorEventMonitor.swift:57	
swift0048	proj/Alamofire/Tests/TestHelpers.swift:287	
swift0049	/private/var/folders/3_/2z6rxrbd7m7_4817ppdvtvb40000gn/T/sourcekit-lsp/GeneratedInterfaces/2082143577059315396/Foundation.swiftinterface:32075	
swift0050	/private/var/folders/3_/2z6rxrbd7m7_4817ppdvtvb40000gn/T/sourcekit-lsp/GeneratedInterfaces/3654450471586116955/Foundation.swiftinterface:9167	
swift0051	proj/Alamofire/Source/Core/Request.swift:250	
swift0052		retry
swift0053	proj/Alamofire/Source/Features/MultipartFormData.swift:148	
swift0054		retry
swift0055		retry
swift0056		retry
swift0057		retry
swift0058		retry
swift0059	proj/Alamofire/Tests/Result+AlamofireTests.swift:28	retry
swift0060	proj/Alamofire/Source/Features/RequestInterceptor.swift:69	
swift0061	proj/Alamofire/Tests/ConcurrencyTests.swift:718	
swift0062	proj/Alamofire/Source/Core/RequestTaskMap.swift:47	
swift0063	proj/Alamofire/Source/Core/Session.swift:30;proj/Alamofire/Source/Core/Session.swift:201	
swift0064	proj/Alamofire/Tests/RequestTests.swift:684	
swift0065	proj/Alamofire/Tests/BaseTestCase.swift:57	
swift0066		retry
swift0067	/private/var/folders/3_/2z6rxrbd7m7_4817ppdvtvb40000gn/T/sourcekit-lsp/GeneratedInterfaces/1731935948756605409/Foundation.swiftinterface:34873	
swift0068		retry
swift0069	proj/Alamofire/Tests/AuthenticationInterceptorTests.swift:32;proj/Alamofire/Tests/AuthenticationInterceptorTests.swift:40	
swift0070	proj/Alamofire/Source/Core/AFError.swift:33	
swift0071	proj/Alamofire/Source/Features/Combine.swift:258	
swift0072	proj/Alamofire/Tests/Result+AlamofireTests.swift:33	
swift0073		retry
swift0074	proj/Alamofire/Tests/AuthenticationInterceptorTests.swift:67	
swift0075		retry
swift0076	proj/Alamofire/Source/Core/DataStreamRequest.swift:301	
swift0077	/private/var/folders/3_/2z6rxrbd7m7_4817ppdvtvb40000gn/T/sourcekit-lsp/GeneratedInterfaces/8557871295305220533/Foundation.swiftinterface:8944	
swift0078	proj/Alamofire/Source/Core/RequestTaskMap.swift:102	
swift0079	proj/Alamofire/Source/Core/Request.swift:931	
swift0080	proj/Alamofire/Source/Core/Request.swift:29	
swift0081	proj/Alamofire/Tests/SessionTests.swift:90;proj/Alamofire/Tests/SessionTests.swift:114	
swift0082	proj/Alamofire/Source/Core/Session.swift:30;proj/Alamofire/Source/Core/Session.swift:201	
swift0083		retry
swift0084		retry
swift0085	/private/var/folders/3_/2z6rxrbd7m7_4817ppdvtvb40000gn/T/sourcekit-lsp/GeneratedInterfaces/1266127685115585326/Foundation.swiftinterface:35025	
swift0086		retry
swift0087	proj/Alamofire/Source/Core/DataRequest.swift:28	
swift0088	proj/Alamofire/Source/Features/URLEncodedFormEncoder.swift:450	
swift0089		retry
swift0090	proj/Alamofire/Tests/ProtectedTests.swift:95	
swift0091	/private/var/folders/3_/2z6rxrbd7m7_4817ppdvtvb40000gn/T/sourcekit-lsp/GeneratedInterfaces/4173456964283431064/Foundation.NSURLSession.swiftinterface:5	
swift0092	proj/Alamofire/Source/Core/AFError.swift:33	
swift0093	/private/var/folders/3_/2z6rxrbd7m7_4817ppdvtvb40000gn/T/sourcekit-lsp/GeneratedInterfaces/4509503893712820011/Foundation.swiftinterface:35046	
swift0094		retry
swift0095	proj/Alamofire/Source/Core/AFError.swift:220	
swift0096		retry
swift0097	proj/Alamofire/Source/Features/Validation.swift:35	
swift0098	proj/Alamofire/Source/Core/Session.swift:1220	
swift0099		retry
swift0100	proj/Alamofire/Source/Core/Protected.swift:114	
swift0101	proj/Alamofire/Source/Core/Session.swift:925	
swift0102	proj/Alamofire/Source/Features/Concurrency.swift:831	
swift0103	proj/Alamofire/Tests/RedirectHandlerTests.swift:231	
swift0104	proj/Alamofire/Source/Core/SessionDelegate.swift:388	
swift0105	proj/Alamofire/Source/Features/MultipartFormData.swift:48	
swift0106	proj/Alamofire/Source/Features/RetryPolicy.swift:266	
swift0107	proj/Alamofire/Source/Features/AuthenticationInterceptor.swift:187	
swift0108		retry
swift0109	proj/Alamofire/Source/Core/AFError.swift:119	
swift0110	proj/Alamofire/Tests/TestHelpers.swift:390	
swift0111	proj/Alamofire/Tests/ServerTrustEvaluatorTests.swift:80	
swift0112		retry
swift0113		retry
swift0114	/private/var/folders/3_/2z6rxrbd7m7_4817ppdvtvb40000gn/T/sourcekit-lsp/GeneratedInterfaces/2243397420892693624/Foundation.NSStream.swiftinterface:70;/private/var/folders/3_/2z6rxrbd7m7_4817ppdvtvb40000gn/T/sourcekit-lsp/GeneratedInterfaces/2243397420892693624/Foundation.NSStream.swiftinterface:81	
swift0115	proj/Alamofire/Source/Core/HTTPMethod.swift:43	
swift0116	/private/var/folders/3_/2z6rxrbd7m7_4817ppdvtvb40000gn/T/sourcekit-lsp/GeneratedInterfaces/2082143577059315396/Foundation.swiftinterface:35025	
swift0117		retry
swift0118		retry
swift0119		retry
swift0120		retry
swift0121		retry
swift0122		retry
swift0123		retry
swift0124	proj/Alamofire/Source/Core/Session.swift:779	
swift0125	proj/Alamofire/Source/Features/Combine.swift:330	
swift0126	proj/Alamofire/Tests/TestHelpers.swift:409	
swift0127		retry
swift0128	proj/Alamofire/Tests/AuthenticationInterceptorTests.swift:60	
swift0129	proj/Alamofire/Tests/BaseTestCase.swift:57	
swift0130	proj/Alamofire/Tests/AuthenticationInterceptorTests.swift:32;proj/Alamofire/Tests/AuthenticationInterceptorTests.swift:40	
swift0131	proj/Alamofire/Source/Core/HTTPMethod.swift:29	
swift0132	proj/Alamofire/Source/Features/Concurrency.swift:375	
swift0133	proj/Alamofire/Source/Core/Response.swift:33	
swift0134	/private/var/folders/3_/2z6rxrbd7m7_4817ppdvtvb40000gn/T/sourcekit-lsp/GeneratedInterfaces/5701023757361687536/Swift.swiftinterface:101557	
swift0135	proj/Alamofire/Source/Core/Request.swift:120	
swift0136	proj/Alamofire/Tests/TestHelpers.swift:80	
swift0137	proj/Alamofire/Source/Features/AuthenticationInterceptor.swift:160;proj/Alamofire/Source/Features/AuthenticationInterceptor.swift:258	
swift0138	proj/Alamofire/Source/Core/Session.swift:30;proj/Alamofire/Source/Core/Session.swift:201	
swift0139		retry
swift0140	proj/Alamofire/Source/Core/Session.swift:318	
swift0141	proj/Alamofire/Source/Core/Notifications.swift:87;proj/Alamofire/Source/Features/EventMonitor.swift:137;proj/Alamofire/Source/Features/EventMonitor.swift:282;proj/Alamofire/Source/Features/EventMonitor.swift:489;proj/Alamofire/Source/Features/EventMonitor.swift:844;proj/Alamofire/Tests/InspectorEventMonitor.swift:171;proj/Alamofire/Tests/NSLoggingEventMonitor.swift:143	
swift0142		retry
swift0143	proj/Alamofire/Source/Core/Request.swift:37	
swift0144	proj/Alamofire/Source/Features/RetryPolicy.swift:364	
swift0145	/private/var/folders/3_/2z6rxrbd7m7_4817ppdvtvb40000gn/T/sourcekit-lsp/GeneratedInterfaces/8966550810307939946/Dispatch.swiftinterface:203	
swift0146	proj/Alamofire/Tests/TestHelpers.swift:37	
swift0147	/private/var/folders/3_/2z6rxrbd7m7_4817ppdvtvb40000gn/T/sourcekit-lsp/GeneratedInterfaces/7175896409784234666/Security.SecPolicy.swiftinterface:169	
swift0148	proj/Alamofire/Source/Core/Instant.swift:34;proj/Alamofire/Source/Core/Instant.swift:42	
swift0149		retry
swift0150	proj/Alamofire/Source/Features/RequestInterceptor.swift:119	
swift0151	/private/var/folders/3_/2z6rxrbd7m7_4817ppdvtvb40000gn/T/sourcekit-lsp/GeneratedInterfaces/4039692752431486546/Swift.Result.swiftinterface:3	
swift0152	/private/var/folders/3_/2z6rxrbd7m7_4817ppdvtvb40000gn/T/sourcekit-lsp/GeneratedInterfaces/3654450471586116955/Swift.String.swiftinterface:19624	
swift0153	/private/var/folders/3_/2z6rxrbd7m7_4817ppdvtvb40000gn/T/sourcekit-lsp/GeneratedInterfaces/9127791835037635619/Foundation.swiftinterface:8944	
swift0154	/private/var/folders/3_/2z6rxrbd7m7_4817ppdvtvb40000gn/T/sourcekit-lsp/GeneratedInterfaces/8838275882029001028/Dispatch.swiftinterface:203;/private/var/folders/3_/2z6rxrbd7m7_4817ppdvtvb40000gn/T/sourcekit-lsp/GeneratedInterfaces/8838275882029001028/Dispatch.swiftinterface:395	
swift0155	/private/var/folders/3_/2z6rxrbd7m7_4817ppdvtvb40000gn/T/sourcekit-lsp/GeneratedInterfaces/8838275882029001028/Swift.Optional.swiftinterface:464	
swift0156	/private/var/folders/3_/2z6rxrbd7m7_4817ppdvtvb40000gn/T/sourcekit-lsp/GeneratedInterfaces/7175896409784234666/Swift.Result.swiftinterface:3;/private/var/folders/3_/2z6rxrbd7m7_4817ppdvtvb40000gn/T/sourcekit-lsp/GeneratedInterfaces/7175896409784234666/Swift.Result.swiftinterface:73	
swift0157		retry
swift0158		retry
swift0159		retry
swift0160	proj/Alamofire/Source/Core/Response.swift:53	
swift0161	proj/Alamofire/Source/Features/NetworkReachabilityManager.swift:43;proj/Alamofire/Source/Features/NetworkReachabilityManager.swift:51	
swift0162	proj/Alamofire/Source/Core/AFError.swift:234	
swift0163	proj/Alamofire/Source/Core/DataRequest.swift:34	
swift0164	proj/Alamofire/Source/Features/URLEncodedFormEncoder.swift:546	
swift0165		retry
swift0166	proj/Alamofire/Source/Core/AFError.swift:33	
swift0167		retry
swift0168	proj/Alamofire/Tests/TestHelpers.swift:37	
swift0169		retry
swift0170	proj/Alamofire/Source/Core/Response.swift:53	
swift0171	proj/Alamofire/Tests/TestHelpers.swift:494	
swift0172	/private/var/folders/3_/2z6rxrbd7m7_4817ppdvtvb40000gn/T/sourcekit-lsp/GeneratedInterfaces/5228102388173916273/PackageDescription.swiftinterface:2172	
swift0173		retry
swift0174		retry
swift0175	proj/Alamofire/Source/Core/Protected.swift:104	
swift0176	proj/Alamofire/Source/Core/Session.swift:30;proj/Alamofire/Source/Core/Session.swift:201	
swift0177	proj/Alamofire/Source/Core/Request.swift:29	
swift0178	proj/Alamofire/Source/Core/DownloadRequest.swift:278	
swift0179	proj/Alamofire/Tests/TestHelpers.swift:350	
swift0180	proj/Alamofire/Source/Features/RequestInterceptor.swift:255	
swift0181	/private/var/folders/3_/2z6rxrbd7m7_4817ppdvtvb40000gn/T/sourcekit-lsp/GeneratedInterfaces/2082143577059315396/Foundation.NSURLSession.swiftinterface:5	
swift0182	proj/Alamofire/Source/Core/HTTPMethod.swift:29	
swift0183	proj/Alamofire/Tests/SessionTests.swift:1832	
swift0184	proj/Alamofire/Source/Core/Response.swift:53	
swift0185		retry
swift0186	proj/Alamofire/Tests/TestHelpers.swift:204	
swift0187	proj/Alamofire/Tests/TestHelpers.swift:494	
swift0188	proj/Alamofire/Source/Features/ResponseSerialization.swift:462;proj/Alamofire/Source/Features/ResponseSerialization.swift:476	
swift0189	proj/Alamofire/Tests/BaseTestCase.swift:104	
swift0190		retry
swift0191	proj/Alamofire/Tests/TestHelpers.swift:457	
swift0192		retry
swift0193		retry
swift0194		retry
swift0195	proj/Alamofire/Source/Features/ResponseSerialization.swift:156	
swift0196	proj/Alamofire/Tests/MultipartFormDataTests.swift:35	
swift0197	proj/Alamofire/Source/Features/Concurrency.swift:724	
swift0198	/private/var/folders/3_/2z6rxrbd7m7_4817ppdvtvb40000gn/T/sourcekit-lsp/GeneratedInterfaces/3984403572133733833/Swift.Misc.swiftinterface:342	
swift0199		retry
swift0200		retry
swift0201	/private/var/folders/3_/2z6rxrbd7m7_4817ppdvtvb40000gn/T/sourcekit-lsp/GeneratedInterfaces/5840456040469098929/_DarwinFoundation2._time.swiftinterface:124	
swift0202	/private/var/folders/3_/2z6rxrbd7m7_4817ppdvtvb40000gn/T/sourcekit-lsp/GeneratedInterfaces/4755895417629935304/Swift.C.swiftinterface:30	
swift0203	proj/Alamofire/Tests/AFError+AlamofireTests.swift:237	
swift0204	proj/Alamofire/Source/Core/AFError.swift:33	
swift0205	proj/Alamofire/Source/Features/ResponseSerialization.swift:430	
swift0206		retry
swift0207	proj/Alamofire/Tests/BaseTestCase.swift:108	
swift0208		retry
swift0209	proj/Alamofire/Source/Core/Session.swift:98	
swift0210	proj/Alamofire/Source/Core/AFError.swift:131	
swift0211		retry
swift0212	proj/Alamofire/Source/Core/Response.swift:38	
swift0213	proj/Alamofire/Source/Core/WebSocketRequest.swift:377	
swift0214		retry
swift0215	proj/Alamofire/Tests/RetryPolicyTests.swift:303	
swift0216		retry
swift0217	proj/Alamofire/Source/Features/ResponseSerialization.swift:416	
swift0218	/private/var/folders/3_/2z6rxrbd7m7_4817ppdvtvb40000gn/T/sourcekit-lsp/GeneratedInterfaces/1731935948756605409/Foundation.swiftinterface:34466	
swift0219	proj/Alamofire/Source/Core/Request.swift:40	
swift0220	proj/Alamofire/Source/Core/AFError.swift:33	
swift0221	proj/Alamofire/Source/Core/AFError.swift:33	
swift0222	proj/Alamofire/Tests/AuthenticationInterceptorTests.swift:58	
swift0223	proj/Alamofire/Source/Features/URLEncodedFormEncoder.swift:547	
swift0224	/private/var/folders/3_/2z6rxrbd7m7_4817ppdvtvb40000gn/T/sourcekit-lsp/GeneratedInterfaces/1731935948756605409/Foundation.swiftinterface:34851	
swift0225	proj/Alamofire/Tests/ServerTrustEvaluatorTests.swift:152	
swift0226		retry
swift0227	/private/var/folders/3_/2z6rxrbd7m7_4817ppdvtvb40000gn/T/sourcekit-lsp/GeneratedInterfaces/7524616093606647074/Foundation.swiftinterface:19269	
swift0228		retry
swift0229	/private/var/folders/3_/2z6rxrbd7m7_4817ppdvtvb40000gn/T/sourcekit-lsp/GeneratedInterfaces/8710148707011373684/Swift.Misc.swiftinterface:342	
swift0230		retry
swift0231		retry
swift0232	proj/Alamofire/Tests/DataStreamTests.swift:816	
swift0233	proj/Alamofire/Source/Core/Request.swift:804	
swift0234	proj/Alamofire/Tests/AuthenticationInterceptorTests.swift:1349	
swift0235	proj/Alamofire/Source/Core/Response.swift:53	
swift0236	/private/var/folders/3_/2z6rxrbd7m7_4817ppdvtvb40000gn/T/sourcekit-lsp/GeneratedInterfaces/7747669272392579597/Security.SecBase.swiftinterface:39	
swift0237	proj/Alamofire/Source/Features/Concurrency.swift:98	
swift0238	/private/var/folders/3_/2z6rxrbd7m7_4817ppdvtvb40000gn/T/sourcekit-lsp/GeneratedInterfaces/5482526458293327776/Foundation.swiftinterface:32075	
swift0239	proj/Alamofire/Source/Features/URLEncodedFormEncoder.swift:538	
swift0240	/private/var/folders/3_/2z6rxrbd7m7_4817ppdvtvb40000gn/T/sourcekit-lsp/GeneratedInterfaces/4435652192077691589/Swift.Collection.Array.swiftinterface:2627	
swift0241		retry
swift0242	proj/Alamofire/Tests/TestHelpers.swift:29	
swift0243	proj/Alamofire/Source/Features/ResponseSerialization.swift:64	
swift0244	proj/Alamofire/Tests/BaseTestCase.swift:29	
swift0245	proj/Alamofire/Source/Core/Request.swift:441	
swift0246	proj/Alamofire/Source/Features/RequestInterceptor.swift:73	
swift0247	/private/var/folders/3_/2z6rxrbd7m7_4817ppdvtvb40000gn/T/sourcekit-lsp/GeneratedInterfaces/3999109800757355754/Foundation.NSURLResponse.swiftinterface:95	
swift0248	proj/Alamofire/Source/Features/Concurrency.swift:585	
swift0249	proj/Alamofire/Tests/BaseTestCase.swift:57	
swift0250	proj/Alamofire/Source/Features/NetworkReachabilityManager.swift:80	
swift0251		retry
swift0252	proj/Alamofire/Tests/RequestInterceptorTests.swift:628	
swift0253	/private/var/folders/3_/2z6rxrbd7m7_4817ppdvtvb40000gn/T/sourcekit-lsp/GeneratedInterfaces/9127791835037635619/Foundation.NSURLResponse.swiftinterface:32	
swift0254	/private/var/folders/3_/2z6rxrbd7m7_4817ppdvtvb40000gn/T/sourcekit-lsp/GeneratedInterfaces/2208563188016435527/Foundation.NSURLSession.swiftinterface:319	
swift0255	proj/Alamofire/Tests/BaseTestCase.swift:108	
swift0256	proj/Alamofire/Tests/MultipartFormDataTests.swift:35	
swift0257	proj/Alamofire/Source/Features/Combine.swift:391	
swift0258		retry
swift0259	proj/Alamofire/Source/Core/AFError.swift:33	
swift0260	proj/Alamofire/Source/Features/ResponseSerialization.swift:272	
swift0261	proj/Alamofire/Tests/Result+AlamofireTests.swift:33	
swift0262	proj/Alamofire/Source/Core/Session.swift:367	
swift0263	proj/Alamofire/Source/Core/Response.swift:33	
swift0264	proj/Alamofire/Source/Features/RequestCompression.swift:39;proj/Alamofire/Source/Features/RequestCompression.swift:64	
swift0265		retry
swift0266	/private/var/folders/3_/2z6rxrbd7m7_4817ppdvtvb40000gn/T/sourcekit-lsp/GeneratedInterfaces/3753028922436335779/_DarwinFoundation3.sys_wait.swiftinterface:36	
swift0267	proj/Alamofire/Tests/SessionTests.swift:212	
swift0268	/private/var/folders/3_/2z6rxrbd7m7_4817ppdvtvb40000gn/T/sourcekit-lsp/GeneratedInterfaces/5933721479833742975/Foundation.swiftinterface:32075	
swift0269	proj/Alamofire/Source/Features/RetryPolicy.swift:29	
