js0000		
js0001	proj/eslint/lib/types/index.d.ts:274	
js0002		
js0003	proj/eslint/lib/rules/keyword-spacing.js:346	
js0004	proj/eslint/lib/languages/js/source-code/token-store/index.js:22	
js0005	proj/eslint/lib/rules/no-redeclare.js:160	
js0006	proj/eslint/lib/rules/no-unreachable.js:244	
js0007	d-bench/lsp/node_modules/typescript/lib/lib.es5.d.ts:1393	
js0008		
js0009	proj/eslint/lib/rules/max-statements-per-line.js:188	
js0010		
js0011		
js0012		
js0013	d-bench/lsp/node_modules/typescript/lib/lib.es5.d.ts:273;d-bench/lsp/node_modules/typescript/lib/lib.es5.d.ts:317;d-bench/lsp/node_modules/typescript/lib/lib.es2015.core.d.ts:91;d-bench/lsp/node_modules/typescript/lib/lib.es2015.symbol.wellknown.d.ts:154;~/Library/Caches/typescript/6.0/node_modules/@types/core-js/index.d.ts:430	
js0014	proj/eslint/lib/api.js:6	
js0015		
js0016	proj/eslint/lib/rules/no-unused-vars.js:1004	
js0017	proj/eslint/lib/rules/logical-assignment-operators.js:510	
js0018	proj/eslint/node_modules/@eslint/core/dist/esm/types.d.ts:91	
js0019	proj/eslint/lib/rules/no-extra-parens.js:541	
js0020		
js0021	proj/eslint/lib/types/index.d.ts:695	
js0022	proj/eslint/lib/shared/naming.js:95	
js0023	proj/eslint/lib/rules/one-var.js:112	
js0024	proj/eslint/lib/types/index.d.ts:340	
js0025	proj/eslint/lib/rules/no-unsafe-finally.js:16	
js0026	d-bench/lsp/node_modules/typescript/lib/lib.es5.d.ts:1345	
js0027	proj/eslint/lib/rules/camelcase.js:201	
js0028	proj/eslint/lib/types/index.d.ts:171	
js0029	proj/eslint/lib/rules/radix.js:107	
js0030	proj/eslint/lib/types/index.d.ts:302;proj/eslint/lib/types/index.d.ts:488	
js0031	proj/eslint/lib/linter/code-path-analysis/code-path-segment.js:133	
js0032	proj/eslint/lib/rules/no-shadow.js:528	
js0033	d-bench/lsp/node_modules/typescript/lib/lib.es2017.sharedmemory.d.ts:20;d-bench/lsp/node_modules/typescript/lib/lib.es2017.sharedmemory.d.ts:38;d-bench/lsp/node_modules/typescript/lib/lib.es2024.sharedmemory.d.ts:41;d-bench/lsp/node_modules/typescript/lib/lib.es2024.sharedmemory.d.ts:65	
js0034	d-bench/lsp/node_modules/typescript/lib/lib.es5.d.ts:996	
js0035	proj/eslint/node_modules/@eslint-community/regexpp/index.d.ts:430	
js0036	proj/eslint/lib/rules/no-new.js:14	
js0037	proj/eslint/lib/rules/newline-after-var.js:214	
js0038	proj/eslint/lib/rules/indent-legacy.js:177	
js0039	proj/eslint/lib/rules/block-spacing.js:95	
js0040		
js0041	proj/eslint/lib/rules/no-unused-private-class-members.js:171	
js0042	proj/eslint/lib/rules/indent.js:680	
js0043	proj/eslint/lib/linter/linter.js:42;proj/eslint/node_modules/@types/debug/index.d.ts:40	
js0044	proj/eslint/lib/rules/no-dupe-keys.js:32	
js0045		
js0046		
js0047		
js0048		
js0049	proj/eslint/lib/rules/quote-props.js:125	
js0050	proj/eslint/lib/rules/indent.js:909	
js0051	proj/eslint/lib/rules/no-useless-return.js:377	
js0052		
js0053	proj/eslint/lib/linter/file-context.js:83	
js0054	proj/eslint/lib/rules/padding-line-between-statements.js:33	
js0055	proj/eslint/lib/rules/no-duplicate-imports.js:264	
js0056	proj/eslint/lib/rules/no-await-in-loop.js:12	
js0057		
js0058		
js0059	proj/eslint/lib/types/index.d.ts:310;proj/eslint/lib/types/index.d.ts:567	
js0060	proj/eslint/lib/rules/utils/ast-utils.js:2971;proj/eslint/lib/rules/utils/ast-utils.js:1333	
js0061	proj/eslint/lib/rules/quotes.js:30	
js0062		
js0063	proj/eslint/lib/types/index.d.ts:306;proj/eslint/lib/types/index.d.ts:477	
js0064		
js0065	proj/eslint/node_modules/@eslint/core/dist/esm/types.d.ts:258	
js0066	d-bench/lsp/node_modules/typescript/lib/lib.es5.d.ts:482	
js0067	proj/eslint/lib/rules/no-unreachable.js:226	
js0068		
js0069	proj/eslint/lib/config/config.js:452	
js0070	proj/eslint/lib/eslint/eslint.js:959	
js0071	proj/eslint/lib/rules/no-unused-labels.js:78	
js0072	d-bench/lsp/node_modules/typescript/lib/lib.es5.d.ts:1327	
js0073		
js0074	d-bench/lsp/node_modules/typescript/lib/lib.es5.d.ts:1462	
js0075	proj/eslint/node_modules/@eslint/core/dist/esm/types.d.ts:110	
js0076	proj/eslint/lib/rules/array-callback-return.js:435	
js0077		
js0078	proj/eslint/lib/rules/semi.js:127	
js0079	proj/eslint/lib/rules/implicit-arrow-linebreak.js:122	
js0080	proj/eslint/node_modules/@types/estree/index.d.ts:389	
js0081	proj/eslint/lib/rules/no-extra-parens.js:120;proj/eslint/lib/rules/utils/ast-utils.js:1965	
js0082	~/Library/Caches/typescript/6.0/node_modules/@types/node/globals.d.ts:113	
js0083		
js0084	proj/eslint/conf/globals.js:138	
js0085	proj/eslint/lib/linter/code-path-analysis/code-path-segment.js:133	
js0086	proj/eslint/lib/rules/quote-props.js:280	
js0087	proj/eslint/lib/rules/id-match.js:178	
js0088		
js0089		
js0090	proj/eslint/lib/rules/utils/ast-utils.js:2703	
js0091	proj/eslint/lib/rules/utils/ast-utils.js:1570	
js0092		
js0093	proj/eslint/lib/linter/code-path-analysis/code-path-state.js:1413	
js0094	proj/eslint/lib/rules/no-loss-of-precision.js:18	
js0095	proj/eslint/lib/rules/semi.js:464	
js0096	proj/eslint/lib/types/index.d.ts:658	
js0097	d-bench/lsp/node_modules/typescript/lib/lib.es5.d.ts:1468	
js0098		
js0099	proj/eslint/lib/linter/file-report.js:31	
js0100	proj/eslint/lib/rules/no-console.js:127	
js0101	proj/eslint/lib/linter/code-path-analysis/fork-context.js:193	
js0102	proj/eslint/lib/shared/traverser.js:60	
js0103	proj/eslint/lib/linter/esquery.js:289	
js0104	d-bench/lsp/node_modules/typescript/lib/lib.es5.d.ts:461;d-bench/lsp/node_modules/typescript/lib/lib.es5.d.ts:468;d-bench/lsp/node_modules/typescript/lib/lib.es2015.symbol.wellknown.d.ts:253;d-bench/lsp/node_modules/typescript/lib/lib.es2015.symbol.wellknown.d.ts:246	
js0105	proj/eslint/node_modules/@eslint/core/dist/esm/types.d.ts:367	
js0106	proj/eslint/lib/rules/yoda.js:83	
js0107		
js0108		
js0109	proj/eslint/lib/rules/utils/ast-utils.js:67	
js0110	proj/eslint/node_modules/@eslint/core/dist/esm/types.d.ts:225	
js0111	proj/eslint/lib/eslint/eslint-helpers.js:1023	
js0112	proj/eslint/lib/rules/no-loss-of-precision.js:161	
js0113	proj/eslint/lib/eslint/eslint-helpers.js:206	
js0114	proj/eslint/lib/rules/no-this-before-super.js:146	
js0115	proj/eslint/lib/rules/max-statements-per-line.js:176	
js0116	proj/eslint/lib/rules/complexity.js:20	
js0117		
js0118	proj/eslint/lib/rules/indent.js:987	
js0119	proj/eslint/lib/types/index.d.ts:340	
js0120	proj/eslint/node_modules/@eslint/core/dist/esm/types.d.ts:258	
js0121	proj/eslint/lib/rules/for-direction.js:47	
js0122		
js0123		
js0124	proj/eslint/lib/types/index.d.ts:153	
js0125	proj/eslint/lib/linter/source-code-fixer.js:49	
js0126	proj/eslint/lib/rules/utils/string-utils.js:8	
js0127	proj/eslint/lib/rules/no-import-assign.js:15	
js0128	proj/eslint/lib/rules/no-extra-boolean-cast.js:88	
js0129	proj/eslint/lib/shared/deep-merge-arrays.js:13	
js0130	proj/eslint/lib/rules/arrow-spacing.js:111	
js0131	proj/eslint/lib/rules/keyword-spacing.js:22	
js0132		
js0133	proj/eslint/lib/shared/logging.js:11	
js0134	proj/eslint/lib/rules/indent.js:1215	
js0135		
js0136	proj/eslint/node_modules/@eslint/core/dist/esm/types.d.ts:382	
js0137	proj/eslint/lib/config/config.js:87	
js0138	d-bench/lsp/node_modules/typescript/lib/lib.es2022.array.d.ts:22	
js0139	proj/eslint/node_modules/@eslint/core/dist/esm/types.d.ts:367	
js0140	d-bench/lsp/node_modules/typescript/lib/lib.es2019.string.d.ts:22	
js0141	proj/eslint/lib/languages/js/source-code/source-code.js:99	
js0142	~/Library/Caches/typescript/6.0/node_modules/@types/shelljs/index.d.ts:393;~/Library/Caches/typescript/6.0/node_modules/@types/shelljs/index.d.ts:373	
js0143		
js0144	proj/eslint/lib/api.js:12	
js0145	proj/eslint/node_modules/@eslint/core/dist/esm/types.d.ts:279	
js0146	proj/eslint/conf/globals.js:83	
js0147	proj/eslint/lib/languages/js/source-code/token-store/filter-cursor.js:32	
js0148		
js0149	proj/eslint/node_modules/@eslint/core/dist/esm/types.d.ts:367	
js0150		
js0151	proj/eslint/lib/rules/lines-around-comment.js:339	
js0152	proj/eslint/lib/config/flat-config-schema.js:320	
js0153		
js0154	proj/eslint/lib/rules/utils/ast-utils.js:1585	
js0155	proj/eslint/lib/rules/max-len.js:120	
js0156	proj/eslint/lib/rules/prefer-const.js:290	
js0157	proj/eslint/lib/rules/prefer-object-spread.js:152	
js0158	proj/eslint/node_modules/@eslint/core/dist/esm/types.d.ts:367	
js0159		
js0160	proj/eslint/lib/linter/linter.js:106	
js0161	proj/eslint/lib/rules/indent.js:630	
js0162	proj/eslint/lib/rules/max-lines-per-function.js:123	
js0163	proj/eslint/lib/languages/js/source-code/source-code.js:462	
js0164		
js0165	proj/eslint/lib/rules/prefer-regex-literals.js:366	
js0166	proj/eslint/lib/types/index.d.ts:101	
js0167	proj/eslint/lib/languages/js/source-code/source-code.js:730	
js0168	proj/eslint/lib/rules/newline-before-return.js:185	
js0169	proj/eslint/lib/rules/no-underscore-dangle.js:241	
js0170	proj/eslint/lib/linter/code-path-analysis/code-path-analyzer.js:756	
js0171	d-bench/lsp/node_modules/typescript/lib/lib.es5.d.ts:1480	
js0172	proj/eslint/lib/rules/object-curly-spacing.js:258	
js0173	d-bench/lsp/node_modules/typescript/lib/lib.es5.d.ts:1098;d-bench/lsp/node_modules/typescript/lib/lib.es5.d.ts:1107;d-bench/lsp/node_modules/typescript/lib/lib.es2022.error.d.ts:38	
js0174	proj/eslint/node_modules/@types/estree/index.d.ts:554	
js0175	proj/eslint/lib/rules/no-extra-parens.js:1570	
js0176	proj/eslint/lib/types/index.d.ts:688	
js0177		
js0178	proj/eslint/lib/rules/no-use-before-define.js:19	
js0179	proj/eslint/lib/rules/no-useless-escape.js:120	
js0180		
js0181	proj/eslint/lib/rules/new-cap.js:18	
js0182	proj/eslint/lib/rules/spaced-comment.js:347	
js0183		
js0184	proj/eslint/lib/rules/default-param-last.js:13	
js0185	proj/eslint/lib/linter/code-path-analysis/code-path-state.js:1092	
js0186	proj/eslint/lib/rules/keyword-spacing.js:337	
js0187	proj/eslint/lib/rules/preserve-caught-error.js:375	
js0188	proj/eslint/lib/rules/no-shadow.js:34	
js0189		
js0190	proj/eslint/lib/rules/require-yield.js:75	
js0191	proj/eslint/lib/rules/keyword-spacing.js:685	
js0192	proj/eslint/node_modules/@types/estree/index.d.ts:309	
js0193	proj/eslint/lib/eslint/eslint-helpers.js:457	
js0194	proj/eslint/lib/rules/complexity.js:144	
js0195	proj/eslint/lib/rules/utils/regular-expressions.js:11	
js0196	proj/eslint/lib/languages/js/source-code/token-store/index.js:23	
js0197	proj/eslint/lib/rules/keyword-spacing.js:26	
js0198	d-bench/lsp/node_modules/typescript/lib/lib.es2015.core.d.ts:231	
js0199	proj/eslint/lib/types/index.d.ts:682	
js0200	proj/eslint/lib/rules/no-constant-condition.js:140	
js0201	proj/eslint/eslint.config.js:32	
js0202	proj/eslint/lib/linter/code-path-analysis/code-path-state.js:2204	
js0203	proj/eslint/lib/rules/no-useless-escape.js:54	
js0204	proj/eslint/lib/linter/source-code-fixer.js:11;proj/eslint/node_modules/@types/debug/index.d.ts:40	
js0205	proj/eslint/lib/rules/array-element-newline.js:140	
js0206	proj/eslint/Makefile.js:108	
js0207	proj/eslint/lib/rules/semi.js:127	
js0208	proj/eslint/lib/rules/semi.js:297	
js0209		
js0210	proj/eslint/Makefile.js:1088	
js0211		
js0212	proj/eslint/lib/linter/file-report.js:67	
js0213		
js0214	proj/eslint/lib/rules/indent-legacy.js:814	
js0215	proj/eslint/node_modules/@eslint/core/dist/esm/types.d.ts:279	
js0216	proj/eslint/lib/linter/code-path-analysis/code-path-segment.js:45	
js0217		
js0218		
js0219	proj/eslint/lib/shared/traverser.js:62;proj/eslint/lib/shared/traverser.js:113;proj/eslint/lib/shared/traverser.js:135;proj/eslint/lib/shared/traverser.js:167	
js0220	proj/eslint/lib/rules/lines-around-directive.js:125	
js0221	proj/eslint/lib/rules/comma-dangle.js:411	
js0222	proj/eslint/lib/rules/no-underscore-dangle.js:109	
js0223	proj/eslint/lib/rules/semi-spacing.js:78	
js0224	proj/eslint/lib/rules/no-regex-spaces.js:20	
js0225	proj/eslint/lib/rules/indent-legacy.js:199	
js0226	proj/eslint/lib/eslint/worker.js:43	
js0227	proj/eslint/lib/rules/utils/ast-utils.js:2955;proj/eslint/lib/rules/utils/ast-utils.js:1003	
js0228	proj/eslint/lib/rules/no-extra-parens.js:1101	
js0229	proj/eslint/node_modules/@types/estree/index.d.ts:389	
js0230	proj/eslint/node_modules/@types/estree/index.d.ts:92	
js0231	proj/eslint/lib/types/index.d.ts:674	
js0232		
js0233	proj/eslint/lib/rules/no-extra-parens.js:892	
js0234	proj/eslint/lib/rules/no-unsafe-finally.js:114	
js0235	proj/eslint/lib/rules/no-extra-parens.js:422	
js0236	proj/eslint/lib/rules/no-mixed-requires.js:239	
js0237	proj/eslint/lib/rules/no-unused-vars.js:669	
js0238	proj/eslint/lib/linter/code-path-analysis/code-path-segment.js:45	
js0239	proj/eslint/lib/rules/object-shorthand.js:8	
js0240		
js0241	d-bench/lsp/node_modules/typescript/lib/lib.es5.d.ts:1327	
js0242	proj/eslint/lib/types/index.d.ts:294;proj/eslint/lib/types/index.d.ts:389	
js0243	proj/eslint/lib/linter/code-path-analysis/debug-helpers.js:185	
js0244	proj/eslint/lib/rules/no-mixed-operators.js:22	
js0245	proj/eslint/lib/eslint/eslint-helpers.js:141	
js0246		
js0247	d-bench/lsp/node_modules/typescript/lib/lib.es5.d.ts:1480	
js0248	proj/eslint/lib/rules/key-spacing.js:396	
js0249	d-bench/lsp/node_modules/typescript/lib/lib.es2019.string.d.ts:22	
js0250	d-bench/lsp/node_modules/typescript/lib/lib.es2017.object.d.ts:22	
js0251	proj/eslint/lib/rules/no-extra-parens.js:638	
js0252	proj/eslint/lib/rules/no-extra-semi.js:87	
js0253	proj/eslint/lib/rules/object-shorthand.js:464	
js0254		
js0255	proj/eslint/lib/linter/code-path-analysis/code-path-segment.js:45	
js0256	proj/eslint/lib/rules/lines-around-directive.js:141	
js0257	proj/eslint/lib/rules/no-unused-expressions.js:200	
js0258		
js0259	proj/eslint/lib/options.js:43	
js0260	proj/eslint/lib/languages/js/source-code/source-code.js:283	
js0261	d-bench/lsp/node_modules/typescript/lib/lib.es5.d.ts:736	
js0262		
js0263	proj/eslint/lib/rules/no-unused-vars.js:994	
js0264	~/Library/Caches/typescript/6.0/node_modules/@types/shelljs/index.d.ts:393;~/Library/Caches/typescript/6.0/node_modules/@types/shelljs/index.d.ts:373	
js0265	proj/eslint/lib/rules/no-extra-parens.js:262	
js0266	proj/eslint/lib/linter/code-path-analysis/fork-context.js:164	
js0267	d-bench/lsp/node_modules/typescript/lib/lib.es5.d.ts:1327	
js0268	proj/eslint/lib/types/index.d.ts:674	
js0269	~/Library/Caches/typescript/6.0/node_modules/@types/shelljs/index.d.ts:393;~/Library/Caches/typescript/6.0/node_modules/@types/shelljs/index.d.ts:373	
