cpp0000		
cpp0001	/Library/Developer/CommandLineTools/SDKs/MacOSX26.5.sdk/usr/include/c++/v1/__utility/swap.h:41;/Library/Developer/CommandLineTools/SDKs/MacOSX26.5.sdk/usr/include/c++/v1/__type_traits/is_swappable.h:52	
cpp0002	proj/leveldb/table/format.h:31	
cpp0003	proj/leveldb/util/env_posix.cc:463	
cpp0004	proj/leveldb/benchmarks/db_bench.cc:317	
cpp0005	/Library/Developer/CommandLineTools/SDKs/MacOSX26.5.sdk/usr/include/c++/v1/string:1773	
cpp0006	proj/leveldb/include/leveldb/iterator.h:24	
cpp0007	/Library/Developer/CommandLineTools/SDKs/MacOSX26.5.sdk/usr/include/c++/v1/string:3016;/Library/Developer/CommandLineTools/SDKs/MacOSX26.5.sdk/usr/include/c++/v1/string:1407	
cpp0008		
cpp0009	proj/leveldb/db/version_set.h:154	
cpp0010		
cpp0011	proj/leveldb/db/write_batch.cc:42;proj/leveldb/include/leveldb/write_batch.h:73	
cpp0012	proj/leveldb/include/leveldb/iterator.h:35	
cpp0013	proj/leveldb/db/log_test.cc:39	
cpp0014	proj/leveldb/db/dbformat.h:25	
cpp0015	proj/leveldb/include/leveldb/comparator.h:28	
cpp0016	proj/leveldb/db/version_set.cc:329	
cpp0017	proj/leveldb/db/db_impl.cc:1110;proj/leveldb/db/db_impl.h:63	
cpp0018	proj/leveldb/include/leveldb/status.h:43	
cpp0019	proj/leveldb/table/iterator_wrapper.h:51	
cpp0020	proj/leveldb/include/leveldb/env.h:288	
cpp0021	proj/leveldb/db/version_set.cc:249	
cpp0022		
cpp0023	proj/leveldb/include/leveldb/filter_policy.h:27	
cpp0024	/Library/Developer/CommandLineTools/SDKs/MacOSX26.5.sdk/usr/include/c++/v1/string:3036;/Library/Developer/CommandLineTools/SDKs/MacOSX26.5.sdk/usr/include/c++/v1/string:1409	
cpp0025	proj/leveldb/db/version_set.h:372	
cpp0026	proj/leveldb/include/leveldb/status.h:24	
cpp0027	proj/leveldb/include/leveldb/env.h:289	
cpp0028	proj/leveldb/include/leveldb/status.h:24	
cpp0029	proj/leveldb/util/coding.cc:72	
cpp0030	proj/leveldb/benchmarks/db_bench.cc:370	
cpp0031	proj/leveldb/util/coding.cc:49	
cpp0032	proj/leveldb/db/db_impl.cc:393	
cpp0033		
cpp0034	proj/leveldb/include/leveldb/slice.h:27	
cpp0035	/Library/Developer/CommandLineTools/SDKs/MacOSX26.5.sdk/usr/include/c++/v1/__vector/vector.h:387	
cpp0036	/Library/Developer/CommandLineTools/SDKs/MacOSX26.5.sdk/usr/include/sys/errno.h:81	
cpp0037	proj/leveldb/include/leveldb/slice.h:78	
cpp0038	proj/leveldb/db/db_test.cc:260	
cpp0039		
cpp0040	proj/leveldb/db/version_set.h:325	
cpp0041	proj/leveldb/db/version_edit.h:89	
cpp0042	proj/leveldb/table/iterator_wrapper.h:71	
cpp0043	proj/leveldb/include/leveldb/status.h:57	
cpp0044	/Library/Developer/CommandLineTools/SDKs/MacOSX26.5.sdk/usr/include/_stdio.h:282	
cpp0045	proj/leveldb/table/table.cc:244;proj/leveldb/include/leveldb/table.h:59	
cpp0046	proj/leveldb/db/db_impl.h:81	
cpp0047	/Library/Developer/CommandLineTools/SDKs/MacOSX26.5.sdk/usr/include/_stdio.h:219	
cpp0048	proj/leveldb/include/leveldb/status.h:24	
cpp0049	proj/leveldb/include/leveldb/iterator.h:53	
cpp0050	proj/leveldb/db/write_batch_internal.h:17	
cpp0051	proj/leveldb/db/db_impl.cc:1281	
cpp0052	proj/leveldb/util/testutil.h:38	
cpp0053	proj/leveldb/include/leveldb/write_batch.h:33	
cpp0054		
cpp0055	proj/leveldb/include/leveldb/status.h:24	
cpp0056	proj/leveldb/benchmarks/db_bench.cc:282	
cpp0057		
cpp0058	proj/leveldb/db/db_impl.cc:1062	
cpp0059	proj/leveldb/include/leveldb/options.h:25	
cpp0060	proj/leveldb/util/no_destructor_test.cc:33	
cpp0061	proj/leveldb/db/version_edit.h:18	
cpp0062	/Library/Developer/CommandLineTools/SDKs/MacOSX26.5.sdk/usr/include/c++/v1/__vector/vector.h:541	
cpp0063	proj/leveldb/db/dumpfile.cc:92	
cpp0064	proj/leveldb/include/leveldb/options.h:151	
cpp0065	proj/leveldb/include/leveldb/iterator.h:48	
cpp0066	proj/leveldb/include/leveldb/db.h:6	
cpp0067	/Library/Developer/CommandLineTools/SDKs/MacOSX26.5.sdk/usr/include/c++/v1/string:3016;/Library/Developer/CommandLineTools/SDKs/MacOSX26.5.sdk/usr/include/c++/v1/string:1407	
cpp0068	proj/leveldb/util/cache.cc:43	
cpp0069	proj/leveldb/table/table_test.cc:292	
cpp0070	proj/leveldb/table/filter_block.cc:21;proj/leveldb/table/filter_block.h:37	
cpp0071	proj/leveldb/db/skiplist.h:139	
cpp0072	/Library/Developer/CommandLineTools/SDKs/MacOSX26.5.sdk/usr/include/c++/v1/string:3108;/Library/Developer/CommandLineTools/SDKs/MacOSX26.5.sdk/usr/include/c++/v1/string:3016;/Library/Developer/CommandLineTools/SDKs/MacOSX26.5.sdk/usr/include/c++/v1/string:1452;/Library/Developer/CommandLineTools/SDKs/MacOSX26.5.sdk/usr/include/c++/v1/string:1387;/Library/Developer/CommandLineTools/SDKs/MacOSX26.5.sdk/usr/include/c++/v1/string:1415	
cpp0073	proj/leveldb/db/log_test.cc:261	
cpp0074	proj/leveldb/db/version_set.h:298	
cpp0075	proj/leveldb/include/leveldb/table_builder.h:87	
cpp0076	proj/leveldb/util/env_posix.cc:910	
cpp0077	proj/leveldb/db/db_test.cc:2014	
cpp0078		
cpp0079	proj/leveldb/db/db_test.cc:130	
cpp0080	proj/leveldb/helpers/memenv/memenv.cc:244	
cpp0081	proj/leveldb/db/repair.cc:94	
cpp0082	proj/leveldb/include/leveldb/iterator.h:24	
cpp0083	proj/leveldb/table/table_test.cc:409	
cpp0084	proj/leveldb/table/merger.cc:110	
cpp0085	proj/leveldb/db/c.cc:68	
cpp0086	proj/leveldb/table/table_test.cc:65	
cpp0087	proj/leveldb/include/leveldb/slice.h:71	
cpp0088	proj/leveldb/db/fault_injection_test.cc:506	
cpp0089	proj/leveldb/db/recovery_test.cc:85	
cpp0090	proj/leveldb/table/merger.cc:179	
cpp0091	proj/leveldb/include/leveldb/options.h:28	
cpp0092	proj/leveldb/db/dbformat.h:144	
cpp0093	proj/leveldb/include/leveldb/status.h:24	
cpp0094		
cpp0095	proj/leveldb/db/dbformat.h:70	
cpp0096	proj/leveldb/db/filename.cc:78;proj/leveldb/db/filename.h:73	
cpp0097	proj/leveldb/db/version_edit.h:22	
cpp0098	proj/leveldb/include/leveldb/export.h:28	
cpp0099	proj/leveldb/include/leveldb/status.h:24	
cpp0100	proj/leveldb/benchmarks/db_bench_log.cc:22	
cpp0101	/Library/Developer/CommandLineTools/SDKs/MacOSX26.5.sdk/usr/include/c++/v1/__mutex/mutex.h:24	
cpp0102	proj/leveldb/db/skiplist.h:40	
cpp0103		
cpp0104		
cpp0105	proj/leveldb/include/leveldb/slice.h:46	
cpp0106	proj/leveldb/include/leveldb/env.h:51	
cpp0107	proj/leveldb/include/leveldb/slice.h:78	
cpp0108	proj/leveldb/benchmarks/db_bench.cc:230	
cpp0109	proj/leveldb/util/histogram.cc:235	
cpp0110	proj/leveldb/db/db_iter.cc:292;proj/leveldb/db/db_iter.cc:83	
cpp0111	proj/leveldb/helpers/memenv/memenv_test.cc:98	
cpp0112	proj/leveldb/db/repair.cc:108	
cpp0113	proj/leveldb/db/db_iter.cc:111	
cpp0114	proj/leveldb/table/table_test.cc:374	
cpp0115	/Library/Developer/CommandLineTools/SDKs/MacOSX26.5.sdk/usr/include/c++/v1/string:1768	
cpp0116	proj/leveldb/include/leveldb/iterator.h:48	
cpp0117	proj/leveldb/table/iterator_wrapper.h:42	
cpp0118	proj/leveldb/include/leveldb/c.h:75	
cpp0119	/Library/Developer/CommandLineTools/SDKs/MacOSX26.5.sdk/usr/include/c++/v1/__vector/vector.h:387	
cpp0120	proj/leveldb/include/leveldb/table_builder.h:80	
cpp0121	proj/leveldb/include/leveldb/slice.h:49	
cpp0122	proj/leveldb/util/bloom_test.cc:22	
cpp0123	proj/leveldb/include/leveldb/slice.h:52	
cpp0124	proj/leveldb/include/leveldb/iterator.h:73	
cpp0125	proj/leveldb/db/db_impl.cc:1202	
cpp0126	proj/leveldb/include/leveldb/status.h:24	
cpp0127		
cpp0128	proj/leveldb/include/leveldb/iterator.h:39	
cpp0129	proj/leveldb/benchmarks/db_bench_sqlite3.cc:100	
cpp0130	proj/leveldb/include/leveldb/c.h:63	
cpp0131	proj/leveldb/db/log_reader.cc:178	
cpp0132		
cpp0133	proj/leveldb/db/filename.cc:78	
cpp0134	/Library/Developer/CommandLineTools/SDKs/MacOSX26.5.sdk/usr/include/c++/v1/string:1768;/Library/Developer/CommandLineTools/SDKs/MacOSX26.5.sdk/usr/include/c++/v1/__filesystem/path.h:672	
cpp0135		
cpp0136	proj/leveldb/db/skiplist.h:61	
cpp0137		
cpp0138	proj/leveldb/include/leveldb/status.h:37	
cpp0139	/Library/Developer/CommandLineTools/SDKs/MacOSX26.5.sdk/usr/include/c++/v1/__atomic/atomic.h:68	
cpp0140	proj/leveldb/db/version_edit.h:24	
cpp0141	proj/leveldb/db/version_set_test.cc:177	
cpp0142	proj/leveldb/include/leveldb/status.h:24	
cpp0143	proj/leveldb/db/c.cc:168	
cpp0144	proj/leveldb/table/format.h:83	
cpp0145	proj/leveldb/include/leveldb/options.h:70	
cpp0146	proj/leveldb/include/leveldb/status.h:24	
cpp0147	proj/leveldb/include/leveldb/cache.h:46	
cpp0148		
cpp0149	proj/leveldb/benchmarks/db_bench.cc:68	
cpp0150	proj/leveldb/db/version_set.h:169	
cpp0151	proj/leveldb/include/leveldb/comparator.h:28	
cpp0152	proj/leveldb/db/version_set.h:212	
cpp0153	proj/leveldb/include/leveldb/options.h:158	
cpp0154	proj/leveldb/helpers/memenv/memenv.cc:149	
cpp0155	/Library/Developer/CommandLineTools/SDKs/MacOSX26.5.sdk/usr/include/sqlite3.h:5564	
cpp0156	proj/leveldb/include/leveldb/status.h:37	
cpp0157	proj/leveldb/include/leveldb/slice.h:49	
cpp0158	/Library/Developer/CommandLineTools/SDKs/MacOSX26.5.sdk/usr/include/c++/v1/cstdio:127;/Library/Developer/CommandLineTools/SDKs/MacOSX26.5.sdk/usr/include/_stdio.h:245	
cpp0159	proj/leveldb/db/db_test.cc:1751	
cpp0160	proj/leveldb/db/snapshot.h:29	
cpp0161	proj/leveldb/db/skiplist_test.cc:156	
cpp0162	proj/leveldb/db/dbformat.h:149	
cpp0163	proj/leveldb/table/table_test.cc:749	
cpp0164	proj/leveldb/db/fault_injection_test.cc:268;proj/leveldb/db/fault_injection_test.cc:140	
cpp0165	proj/leveldb/db/skiplist.h:106	
cpp0166	proj/leveldb/include/leveldb/write_batch.h:33	
cpp0167	proj/leveldb/db/db_impl.cc:392	
cpp0168	proj/leveldb/include/leveldb/comparator.h:54	
cpp0169	/Library/Developer/CommandLineTools/SDKs/MacOSX26.5.sdk/usr/include/c++/v1/__atomic/memory_order.h:56	
cpp0170	proj/leveldb/util/status.cc:38;proj/leveldb/include/leveldb/status.h:76	
cpp0171	/Library/Developer/CommandLineTools/SDKs/MacOSX26.5.sdk/usr/include/c++/v1/cstdlib:124;/Library/Developer/CommandLineTools/SDKs/MacOSX26.5.sdk/usr/include/malloc/_malloc.h:54	
cpp0172	proj/leveldb/util/cache.cc:56	
cpp0173	proj/leveldb/util/histogram.cc:209	
cpp0174	proj/leveldb/include/leveldb/slice.h:27	
cpp0175	proj/leveldb/db/repair.cc:94	
cpp0176	/Library/Developer/CommandLineTools/SDKs/MacOSX26.5.sdk/usr/include/c++/v1/__utility/pair.h:98	
cpp0177	proj/leveldb/include/leveldb/slice.h:25	
cpp0178	proj/leveldb/include/leveldb/export.h:28	
cpp0179		
cpp0180	proj/leveldb/include/leveldb/status.h:24	
cpp0181	proj/leveldb/build/include/port/port_config.h:35	
cpp0182	/Library/Developer/CommandLineTools/SDKs/MacOSX26.5.sdk/usr/include/assert.h:71	
cpp0183	proj/leveldb/include/leveldb/iterator.h:24	
cpp0184	proj/leveldb/util/status_test.cc:31	
cpp0185	/Library/Developer/CommandLineTools/SDKs/MacOSX26.5.sdk/usr/include/c++/v1/__vector/vector.h:455	
cpp0186		
cpp0187		
cpp0188	proj/leveldb/db/fault_injection_test.cc:127;proj/leveldb/db/fault_injection_test.cc:34	
cpp0189	proj/leveldb/include/leveldb/status.h:24	
cpp0190	/Library/Developer/CommandLineTools/SDKs/MacOSX26.5.sdk/usr/include/c++/v1/string:1773	
cpp0191	proj/leveldb/db/dbformat.h:72	
cpp0192		
cpp0193	proj/leveldb/benchmarks/db_bench.cc:368	
cpp0194	proj/leveldb/util/testutil.h:24	
cpp0195	proj/leveldb/util/logging.cc:55	
cpp0196	proj/leveldb/db/db_impl.h:81	
cpp0197	proj/leveldb/db/fault_injection_test.cc:127;proj/leveldb/db/fault_injection_test.cc:34	
cpp0198	proj/leveldb/include/leveldb/write_batch.h:35	
cpp0199	proj/leveldb/db/fault_injection_test.cc:204;proj/leveldb/db/fault_injection_test.cc:124	
cpp0200	proj/leveldb/util/testutil.h:49	
cpp0201	proj/leveldb/db/log_writer.cc:34;proj/leveldb/db/log_writer.h:37	
cpp0202	/Library/Developer/CommandLineTools/SDKs/MacOSX26.5.sdk/usr/include/c++/v1/__vector/vector.h:432	
cpp0203	proj/leveldb/db/dbformat.h:71	
cpp0204		
cpp0205	proj/leveldb/db/c.cc:300	
cpp0206	proj/leveldb/util/env_posix_test.cc:139	
cpp0207		
cpp0208	/Library/Developer/CommandLineTools/SDKs/MacOSX26.5.sdk/usr/include/c++/v1/__atomic/memory_order.h:53	
cpp0209	proj/leveldb/db/version_set.h:185	
cpp0210	proj/leveldb/util/hash.cc:22;proj/leveldb/util/hash.h:15	
cpp0211	proj/leveldb/include/leveldb/options.h:151	
cpp0212	proj/leveldb/table/format.h:83	
cpp0213	proj/leveldb/db/fault_injection_test.cc:235	
cpp0214		
cpp0215	proj/leveldb/db/c.cc:53	
cpp0216	/Library/Developer/CommandLineTools/SDKs/MacOSX26.5.sdk/usr/include/assert.h:71	
cpp0217		
cpp0218		
cpp0219	proj/leveldb/include/leveldb/options.h:70	
cpp0220		
cpp0221	proj/leveldb/port/thread_annotations.h:16	
cpp0222	proj/leveldb/include/leveldb/slice.h:49	
cpp0223	/Library/Developer/CommandLineTools/SDKs/MacOSX26.5.sdk/usr/include/c++/v1/string:3376;/Library/Developer/CommandLineTools/SDKs/MacOSX26.5.sdk/usr/include/c++/v1/string:1325	
cpp0224	proj/leveldb/include/leveldb/cache.h:76	
cpp0225	/Library/Developer/CommandLineTools/SDKs/MacOSX26.5.sdk/usr/include/c++/v1/__atomic/memory_order.h:56	
cpp0226	proj/leveldb/helpers/memenv/memenv.cc:210	
cpp0227	proj/leveldb/benchmarks/db_bench_sqlite3.cc:315;proj/leveldb/benchmarks/db_bench_tree_db.cc:293	
cpp0228	proj/leveldb/db/filename.cc:51;proj/leveldb/db/filename.h:54	
cpp0229	proj/leveldb/port/port_stdcxx.h:77	
cpp0230	proj/leveldb/db/skiplist.h:136	
cpp0231	proj/leveldb/db/c.cc:351	
cpp0232	proj/leveldb/util/env_windows_test.cc:15;proj/leveldb/util/env_windows_test_helper.h:10	
cpp0233	proj/leveldb/db/log_format.h:27	
cpp0234	proj/leveldb/db/db_test.cc:260	
cpp0235	proj/leveldb/include/leveldb/status.h:24	
cpp0236	proj/leveldb/table/block.cc:128	
cpp0237	proj/leveldb/util/env_posix.cc:586	
cpp0238	proj/leveldb/db/repair.cc:428	
cpp0239	proj/leveldb/include/leveldb/iterator.h:35	
cpp0240	proj/leveldb/include/leveldb/slice.h:46	
cpp0241	proj/leveldb/util/crc32c.cc:276	
cpp0242	proj/leveldb/db/recovery_test.cc:31	
cpp0243	proj/leveldb/db/db_impl.cc:71	
cpp0244		
cpp0245		
cpp0246	proj/leveldb/db/db_test.cc:436	
cpp0247	proj/leveldb/helpers/memenv/memenv_test.cc:220	
cpp0248		
cpp0249	proj/leveldb/util/testutil.h:24	
cpp0250		
cpp0251		
cpp0252	proj/leveldb/db/recovery_test.cc:74	
cpp0253	proj/leveldb/include/leveldb/status.h:24	
cpp0254	proj/leveldb/include/leveldb/status.h:66	
cpp0255	proj/leveldb/db/version_edit.h:24	
cpp0256	proj/leveldb/db/db_impl.cc:549;proj/leveldb/db/db_impl.h:124	
cpp0257	proj/leveldb/util/crc32c.h:12	
cpp0258	proj/leveldb/benchmarks/db_bench_tree_db.cc:70	
cpp0259	proj/leveldb/table/iterator_wrapper.h:38	
cpp0260	proj/leveldb/include/leveldb/env.h:222;proj/leveldb/include/leveldb/env.h:47	
cpp0261	/Library/Developer/CommandLineTools/SDKs/MacOSX26.5.sdk/usr/include/c++/v1/string:1768	
cpp0262	proj/leveldb/util/testutil.h:24	
cpp0263	/Library/Developer/CommandLineTools/SDKs/MacOSX26.5.sdk/usr/include/c++/v1/cstdio:124;/Library/Developer/CommandLineTools/SDKs/MacOSX26.5.sdk/usr/include/_stdio.h:236	
cpp0264	/Library/Developer/CommandLineTools/SDKs/MacOSX26.5.sdk/usr/include/c++/v1/__atomic/atomic.h:241	
cpp0265	proj/leveldb/include/leveldb/table.h:26	
cpp0266	proj/leveldb/util/env_windows.cc:697	
cpp0267	proj/leveldb/include/leveldb/slice.h:25	
cpp0268	/Library/Developer/CommandLineTools/SDKs/MacOSX26.5.sdk/usr/include/_stdio.h:219	
cpp0269	proj/leveldb/helpers/memenv/memenv_test.cc:195	
cpp0270	proj/leveldb/util/arena.h:14	
cpp0271		
cpp0272	proj/leveldb/include/leveldb/status.h:24	
cpp0273	proj/leveldb/table/two_level_iterator.cc:18	
cpp0274	proj/leveldb/include/leveldb/table_builder.h:28	
cpp0275	proj/leveldb/include/leveldb/c.h:113	
cpp0276	proj/leveldb/include/leveldb/status.h:24	
cpp0277	/Library/Developer/CommandLineTools/SDKs/MacOSX26.5.sdk/usr/include/c++/v1/__vector/vector.h:387	
cpp0278	proj/leveldb/db/db_impl.cc:43;proj/leveldb/db/db_impl.h:77	
cpp0279	/Library/Developer/CommandLineTools/SDKs/MacOSX26.5.sdk/usr/include/sqlite3.h:4540	
cpp0280	/Library/Developer/CommandLineTools/SDKs/MacOSX26.5.sdk/usr/include/_stdio.h:162	
cpp0281	proj/leveldb/db/dbformat.h:139	
cpp0282		
cpp0283	proj/leveldb/db/db_impl.cc:59	
cpp0284	proj/leveldb/db/write_batch.cc:35;proj/leveldb/include/leveldb/write_batch.h:57	
cpp0285	proj/leveldb/helpers/memenv/memenv.cc:23	
cpp0286	proj/leveldb/db/skiplist_test.cc:21	
cpp0287	proj/leveldb/table/filter_block.h:34	
cpp0288	proj/leveldb/db/version_set.h:268	
cpp0289	proj/leveldb/include/leveldb/status.h:24	
cpp0290	proj/leveldb/db/version_edit.cc:26	
cpp0291		
cpp0292		
cpp0293	proj/leveldb/db/c.cc:132	
cpp0294	proj/leveldb/db/db_impl.cc:1122	
cpp0295	proj/leveldb/include/leveldb/db.h:96	
cpp0296		
cpp0297		
cpp0298	proj/leveldb/include/leveldb/iterator.h:58	
cpp0299	proj/leveldb/include/leveldb/slice.h:78	
