cpp0000	oracle-none/stay	call	ASSERT_EQ	util/crc32c_test.cc:17:2	stay	117.5	no definition for ASSERT_EQ		
cpp0001	pick-hit	path	swap	include/leveldb/status.h:116:7	picker	148.3	swap: by name, 82 declarations	/Library/Developer/CommandLineTools/SDKs/MacOSX26.5.sdk/usr/include/c++/v1/__concepts/swappable.h:43;/Library/Developer/CommandLineTools/SDKs/MacOSX26.5.sdk/usr/include/c++/v1/__concepts/swappable.h:101;/Library/Developer/CommandLineTools/SDKs/MacOSX26.5.sdk/usr/include/c++/v1/__cxx03/__exception/exception_ptr.h:158;/Library/Developer/CommandLineTools/SDKs/MacOSX26.5.sdk/usr/include/c++/v1/__cxx03/__memory/compressed_pair.h:123;/Library/Developer/CommandLineTools/SDKs/MacOSX26.5.sdk/usr/include/c++/v1/__cxx03/__memory/compressed_pair.h:131;/Library/Developer/CommandLineTools/SDKs/MacOSX26.5.sdk/usr/include/c++/v1/__cxx03/__memory/shared_ptr.h:628	/Library/Developer/CommandLineTools/SDKs/MacOSX26.5.sdk/usr/include/c++/v1/__utility/swap.h:41;/Library/Developer/CommandLineTools/SDKs/MacOSX26.5.sdk/usr/include/c++/v1/__type_traits/is_swappable.h:52
cpp0002	ok	member	offset	table/table.cc:265:36	jump	4.7	offset → BlockHandle::offset (by name, 1 match)	table/format.h:31	table/format.h:31
cpp0003	none	name	filename_	util/env_posix.cc:367:26	stay	88.6	no definition for filename_		util/env_posix.cc:463
cpp0004	ok	member	Report	benchmarks/db_bench.cc:743:25	jump	4.7	Report → Stats::Report (by name, 1 match)	benchmarks/db_bench.cc:317	benchmarks/db_bench.cc:317
cpp0005	pick-miss	member	data	benchmarks/db_bench_sqlite3.cc:146:23	picker	4.4	data: by name, 2 declarations	include/leveldb/slice.h:46;table/table_test.cc:169	/Library/Developer/CommandLineTools/SDKs/MacOSX26.5.sdk/usr/include/c++/v1/string:1773
cpp0006	pick-hit	type	Iterator	table/iterator_wrapper.h:85:2	picker	4.3	Iterator: by name, 7 declarations	db/builder.h:16;db/skiplist.h:61;db/skiplist.h:188;db/version_set.h:34;include/leveldb/iterator.h:24;table/iterator.cc:9	include/leveldb/iterator.h:24
cpp0007	pick-miss	member	append	db/log_reader.cc:128:19	picker	626.4	append: by name, 148 declarations	/Library/Developer/CommandLineTools/SDKs/MacOSX26.5.sdk/usr/include/c++/v1/__filesystem/path.h:509;/Library/Developer/CommandLineTools/SDKs/MacOSX26.5.sdk/usr/include/c++/v1/__filesystem/path.h:546;/opt/homebrew/Cellar/simdjson/4.6.8/include/simdjson.h:4815;/opt/homebrew/Cellar/simdjson/4.6.8/include/simdjson.h:5001;/opt/homebrew/Cellar/simdjson/4.6.8/include/simdjson.h:5013;/opt/homebrew/Cellar/simdjson/4.6.8/include/simdjson.h:7577	/Library/Developer/CommandLineTools/SDKs/MacOSX26.5.sdk/usr/include/c++/v1/string:3016;/Library/Developer/CommandLineTools/SDKs/MacOSX26.5.sdk/usr/include/c++/v1/string:1407
cpp0008	oracle-none/picker	call	Get	db/recovery_test.cc:298:21	picker	5.6	Get: by name, 7 declarations	db/recovery_test.cc:74;db/db_impl.cc:1121;db/memtable.cc:102;db/table_cache.cc:100;db/version_set.cc:324;db/db_test.cc:354	
cpp0009	none	member	files_	db/version_set.cc:1111:20	stay	91.0	no definition for files_		db/version_set.h:154
cpp0010	oracle-none/picker	member	Next	db/db_iter.cc:21:49	picker	5.8	Next: by name, 13 declarations	db/db_iter.cc:141;db/memtable.cc:59;db/skiplist.h:151;db/skiplist.h:205;db/version_set.cc:177;table/block.cc:138	
cpp0011	ok	member	Iterate	db/c.cc:363:9	jump	4.3	Iterate: by name, 1 match	db/write_batch.cc:42	db/write_batch.cc:42;include/leveldb/write_batch.h:73
cpp0012	pick-miss	member	Valid	table/table_test.cc:636:21	picker	5.5	Valid: by name, 11 declarations	table/table_test.cc:269;db/db_iter.cc:63;db/memtable.cc:55;db/skiplist.h:194;db/version_set.cc:169;table/block.cc:127	include/leveldb/iterator.h:35
cpp0013	ok	type	LogTest	db/log_test.cc:438:7	jump	4.5	LogTest: by name, 1 match	db/log_test.cc:39	db/log_test.cc:39
cpp0014	ok	path	kNumLevels	db/db_impl.h:205:33	jump	12.9	kNumLevels: by name, 1 match	db/dbformat.h:25	db/dbformat.h:25
cpp0015	pick-miss	member	Compare	db/db_impl.cc:959:29	picker	5.4	Compare: by name, 9 declarations	benchmarks/db_bench.cc:141;db/c.cc:92;db/dbformat.cc:47;db/dbformat.h:166;table/block.cc:91;util/comparator.cc:27	include/leveldb/comparator.h:28
cpp0016	pick-hit	type	State	db/version_set.cc:342:6	picker	4.8	State: by name, 4 declarations	db/version_set.cc:329;db/version_set.cc:421;db/skiplist_test.cc:191;util/env_test.cc:140	db/version_set.cc:329
cpp0017	ok	member	TEST_NewInternalIterator	db/db_test.cc:395:31	jump	4.6	TEST_NewInternalIterator: by name, 1 match	db/db_impl.cc:1110	db/db_impl.cc:1110;db/db_impl.h:63
cpp0018	pick-hit	path	Corruption	table/format.cc:54:19	picker	8.7	Corruption: by name, 6 declarations	db/db_impl.cc:393;db/dumpfile.cc:41;db/repair.cc:148;db/version_set.cc:864;include/leveldb/status.h:43;db/log_test.cc:216	include/leveldb/status.h:43
cpp0019	pick-hit	member	Next	table/merger.cc:77:14	picker	5.2	Next: by name, 13 declarations	table/merger.cc:55;db/db_iter.cc:141;db/memtable.cc:59;db/skiplist.h:151;db/skiplist.h:205;db/version_set.cc:177	table/iterator_wrapper.h:51
cpp0020	pick-miss	member	Flush	helpers/memenv/memenv_test.cc:155:35	picker	5.3	Flush: by name, 10 declarations	db/leveldbutil.cc:21;helpers/memenv/memenv.cc:209;table/table_builder.cc:125;util/env_posix.cc:332;util/env_windows.cc:310;db/db_test.cc:183	include/leveldb/env.h:288
cpp0021	ok	type	SaverState	db/version_set.cc:256:2	jump	4.5	SaverState: by name, 1 match	db/version_set.cc:249	db/version_set.cc:249
cpp0022	oracle-none/stay	name	kyotocabinet	benchmarks/db_bench_tree_db.cc:186:8	stay	88.3	no definition for kyotocabinet		
cpp0023	on-decl	type	FilterPolicy	include/leveldb/filter_policy.h:27:21	picker	4.5	FilterPolicy: at a declaration, 2 others by name	include/leveldb/options.h:17;table/filter_block.h:22	include/leveldb/filter_policy.h:27
cpp0024	pick-miss	member	append	util/histogram.cc:266:6	picker	623.4	append: by name, 148 declarations	/Library/Developer/CommandLineTools/SDKs/MacOSX26.5.sdk/usr/include/c++/v1/__filesystem/path.h:509;/Library/Developer/CommandLineTools/SDKs/MacOSX26.5.sdk/usr/include/c++/v1/__filesystem/path.h:546;/opt/homebrew/Cellar/simdjson/4.6.8/include/simdjson.h:4815;/opt/homebrew/Cellar/simdjson/4.6.8/include/simdjson.h:5001;/opt/homebrew/Cellar/simdjson/4.6.8/include/simdjson.h:5013;/opt/homebrew/Cellar/simdjson/4.6.8/include/simdjson.h:7577	/Library/Developer/CommandLineTools/SDKs/MacOSX26.5.sdk/usr/include/c++/v1/string:3036;/Library/Developer/CommandLineTools/SDKs/MacOSX26.5.sdk/usr/include/c++/v1/string:1409
cpp0025	none	member	inputs_	db/version_set.cc:1406:50	stay	89.4	no definition for inputs_		db/version_set.h:372
cpp0026	pick-hit	type	Status	db/write_batch.cc:76:11	picker	4.6	Status: by name, 3 declarations	include/leveldb/status.h:24;include/leveldb/status.h:103;util/status.cc:21	include/leveldb/status.h:24
cpp0027	pick-miss	member	Sync	helpers/memenv/memenv_test.cc:154:35	picker	5.3	Sync: by name, 9 declarations	db/leveldbutil.cc:22;helpers/memenv/memenv.cc:210;util/env_posix.cc:334;util/env_windows.cc:312;db/db_test.cc:184;db/db_test.cc:211	include/leveldb/env.h:289
cpp0028	pick-hit	type	Status	db/db_test.cc:92:4	picker	4.6	Status: by name, 3 declarations	include/leveldb/status.h:24;include/leveldb/status.h:103;util/status.cc:21	include/leveldb/status.h:24
cpp0029	pick-hit	call	PutLengthPrefixedSlice	util/coding.h:27:5	picker	4.0	PutLengthPrefixedSlice: at a declaration, 1 other by name	util/coding.cc:72	util/coding.cc:72
cpp0030	none	member	shared	benchmarks/db_bench.cc:1009:31	stay	88.6	no definition for shared		benchmarks/db_bench.cc:370
cpp0031	pick-hit	call	PutVarint32	util/coding.h:25:5	picker	4.5	PutVarint32: at a declaration, 1 other by name	util/coding.cc:49	util/coding.cc:49
cpp0032	pick-hit	member	Corruption	db/db_impl.cc:434:15	picker	5.0	Corruption: by name, 6 declarations	db/db_impl.cc:393;db/dumpfile.cc:41;db/repair.cc:148;db/version_set.cc:864;include/leveldb/status.h:43;db/log_test.cc:216	db/db_impl.cc:393
cpp0033	oracle-none/stay	call	ASSERT_EQ	db/version_set_test.cc:221:2	stay	88.7	no definition for ASSERT_EQ		
cpp0034	pick-hit	type	Slice	db/version_set.cc:193:2	picker	4.9	Slice: by name, 6 declarations	include/leveldb/comparator.h:14;include/leveldb/env.h:48;include/leveldb/filter_policy.h:25;include/leveldb/slice.h:27;include/leveldb/write_batch.h:31;util/logging.h:19	include/leveldb/slice.h:27
cpp0035	pick-miss	member	size	db/repair.cc:79:37	picker	4.2	size: by name, 3 declarations	include/leveldb/slice.h:49;table/block.h:28;table/format.h:35	/Library/Developer/CommandLineTools/SDKs/MacOSX26.5.sdk/usr/include/c++/v1/__vector/vector.h:387
cpp0036	pick-hit	name	errno	util/env_posix.cc:620:34	picker	89.4	errno: by name, 2 declarations	/Library/Developer/CommandLineTools/SDKs/MacOSX26.5.sdk/usr/include/sys/errno.h:81;/opt/homebrew/Cellar/libwebsockets/5.0.0/include/libwebsockets.h:622	/Library/Developer/CommandLineTools/SDKs/MacOSX26.5.sdk/usr/include/sys/errno.h:81
cpp0037	pick-hit	member	ToString	util/coding_test.cc:183:18	picker	4.7	ToString: by name, 5 declarations	include/leveldb/slice.h:78;util/histogram.cc:241;util/status.cc:38;table/table_test.cc:552;table/table_test.cc:569	include/leveldb/slice.h:78
cpp0038	ok	type	DBTest	db/db_test.cc:2072:7	jump	4.7	DBTest: by name, 1 match	db/db_test.cc:260	db/db_test.cc:260
cpp0039	oracle-none/jump	name	current	db/recovery_test.cc:90:19	jump	4.0	current → VersionSet::current (by name, 1 match)	db/version_set.h:188	
cpp0040	ok	member	level	db/db_impl.cc:751:55	jump	4.3	level → Compaction::level (by name, 1 match)	db/version_set.h:325	db/version_set.h:325
cpp0041	none	member	log_number_	db/version_set.cc:927:26	stay	88.2	no definition for log_number_		db/version_edit.h:89
cpp0042	pick-hit	member	SeekToLast	table/two_level_iterator.cc:97:14	picker	5.6	SeekToLast: by name, 11 declarations	table/two_level_iterator.cc:96;db/db_iter.cc:303;db/memtable.cc:58;db/skiplist.h:232;db/version_set.cc:174;table/block.cc:234	table/iterator_wrapper.h:71
cpp0043	pick-hit	member	ok	db/c.cc:207:8	picker	4.3	ok: by name, 2 declarations	include/leveldb/status.h:57;include/leveldb/table_builder.h:83	include/leveldb/status.h:57
cpp0044	ok	call	sscanf	benchmarks/db_bench_sqlite3.cc:687:15	jump	89.6	sscanf: by name, 1 match	/Library/Developer/CommandLineTools/SDKs/MacOSX26.5.sdk/usr/include/_stdio.h:282	/Library/Developer/CommandLineTools/SDKs/MacOSX26.5.sdk/usr/include/_stdio.h:282
cpp0045	pick-hit	member	ApproximateOffsetOf	db/version_set.cc:1140:30	picker	5.2	ApproximateOffsetOf: by name, 3 declarations	db/version_set.cc:1117;table/table.cc:244;table/table_test.cc:241	table/table.cc:244;include/leveldb/table.h:59
cpp0046	WRONG	member	level	db/db_impl.cc:721:35	jump	4.7	level → Compaction::level (by name, 1 match)	db/version_set.h:325	db/db_impl.h:81
cpp0047	ok	name	stderr	db/db_test.cc:2248:19	jump	90.2	stderr: by name, 1 match	/Library/Developer/CommandLineTools/SDKs/MacOSX26.5.sdk/usr/include/_stdio.h:219	/Library/Developer/CommandLineTools/SDKs/MacOSX26.5.sdk/usr/include/_stdio.h:219
cpp0048	pick-hit	type	Status	util/env_posix.cc:573:2	picker	4.8	Status: by name, 3 declarations	include/leveldb/status.h:24;include/leveldb/status.h:103;util/status.cc:21	include/leveldb/status.h:24
cpp0049	pick-miss	member	Next	db/db_test.cc:2221:71	picker	6.0	Next: by name, 13 declarations	db/db_test.cc:2192;db/db_iter.cc:141;db/memtable.cc:59;db/skiplist.h:151;db/skiplist.h:205;db/version_set.cc:177	include/leveldb/iterator.h:53
cpp0050	ok	type	WriteBatchInternal	db/write_batch_test.cc:81:2	jump	4.0	WriteBatchInternal: by name, 1 match	db/write_batch_internal.h:17	db/write_batch_internal.h:17
cpp0051	ok	call	BuildBatchGroup	db/db_impl.h:135:14	jump	4.2	BuildBatchGroup: by name, 1 match	db/db_impl.cc:1281	db/db_impl.cc:1281
cpp0052	pick-hit	path	RandomKey	table/table_test.cc:693:18	picker	8.4	RandomKey: by name, 3 declarations	util/testutil.cc:22;util/testutil.h:38;db/db_test.cc:35	util/testutil.h:38
cpp0053	pick-hit	type	WriteBatch	db/write_batch.cc:86:34	picker	4.2	WriteBatch: by name, 3 declarations	db/write_batch.cc:29;include/leveldb/db.h:24;include/leveldb/write_batch.h:33	include/leveldb/write_batch.h:33
cpp0054	oracle-none/picker	call	Build	db/corruption_test.cc:265:2	picker	4.2	Build: by name, 3 declarations	db/corruption_test.cc:57;db/fault_injection_test.cc:397;util/bloom_test.cc:33	
cpp0055	pick-hit	type	Status	util/env_posix.cc:649:2	picker	4.2	Status: by name, 3 declarations	include/leveldb/status.h:24;include/leveldb/status.h:103;util/status.cc:21	include/leveldb/status.h:24
cpp0056	pick-hit	member	FinishedSingleOp	benchmarks/db_bench.cc:388:18	picker	4.6	FinishedSingleOp: by name, 3 declarations	benchmarks/db_bench.cc:282;benchmarks/db_bench_sqlite3.cc:253;benchmarks/db_bench_tree_db.cc:231	benchmarks/db_bench.cc:282
cpp0057	oracle-none/picker	member	get	util/env_windows.cc:190:36	picker	4.2	get: by name, 2 declarations	util/env_windows.cc:98;util/no_destructor.h:40	
cpp0058	none	call	mu	db/db_impl.cc:1068:8	stay	90.2	no definition for mu		db/db_impl.cc:1062
cpp0059	ok	type	CompressionType	table/table_builder.cc:151:2	jump	4.4	CompressionType: by name, 1 match	include/leveldb/options.h:25	include/leveldb/options.h:25
cpp0060	none	name	instance	util/no_destructor_test.cc:35:22	stay	88.4	no definition for instance		util/no_destructor_test.cc:33
cpp0061	pick-hit	type	FileMetaData	db/repair.cc:94:4	picker	4.6	FileMetaData: by name, 2 declarations	db/builder.h:13;db/version_edit.h:18	db/version_edit.h:18
cpp0062	WRONG	member	clear	db/version_set.cc:532:18	jump	4.5	clear → Slice::clear (by name, 1 match)	include/leveldb/slice.h:65	/Library/Developer/CommandLineTools/SDKs/MacOSX26.5.sdk/usr/include/c++/v1/__vector/vector.h:541
cpp0063	none	member	dst_	db/dumpfile.cc:115:21	stay	89.1	no definition for dst_		db/dumpfile.cc:92
cpp0064	pick-hit	call	ReadOptions	db/db_impl.cc:1113:29	picker	5.0	ReadOptions: by name, 5 declarations	include/leveldb/db.h:22;include/leveldb/options.h:151;include/leveldb/table.h:20;table/format.h:19;table/two_level_iterator.h:12	include/leveldb/options.h:151
cpp0065	pick-miss	member	Seek	db/db_test.cc:2258:13	picker	5.8	Seek: by name, 11 declarations	db/db_test.cc:2189;db/db_iter.cc:278;db/memtable.cc:56;db/skiplist.h:222;db/version_set.cc:170;table/block.cc:164	include/leveldb/iterator.h:48
cpp0066	ok	type	STORAGE_LEVELDB_INCLUDE_DB_H_	include/leveldb/db.h:5:8	jump	3.9	STORAGE_LEVELDB_INCLUDE_DB_H_: by name, 1 match	include/leveldb/db.h:6	include/leveldb/db.h:6
cpp0067	pick-miss	member	append	util/status.cc:72:11	picker	623.9	append: by name, 148 declarations	/Library/Developer/CommandLineTools/SDKs/MacOSX26.5.sdk/usr/include/c++/v1/__filesystem/path.h:509;/Library/Developer/CommandLineTools/SDKs/MacOSX26.5.sdk/usr/include/c++/v1/__filesystem/path.h:546;/opt/homebrew/Cellar/simdjson/4.6.8/include/simdjson.h:4815;/opt/homebrew/Cellar/simdjson/4.6.8/include/simdjson.h:5001;/opt/homebrew/Cellar/simdjson/4.6.8/include/simdjson.h:5013;/opt/homebrew/Cellar/simdjson/4.6.8/include/simdjson.h:7577	/Library/Developer/CommandLineTools/SDKs/MacOSX26.5.sdk/usr/include/c++/v1/string:3016;/Library/Developer/CommandLineTools/SDKs/MacOSX26.5.sdk/usr/include/c++/v1/string:1407
cpp0068	ok	type	LRUHandle	util/cache.cc:175:11	jump	4.6	LRUHandle: by name, 1 match	util/cache.cc:43	util/cache.cc:43
cpp0069	on-decl	call	status	table/table_test.cc:292:9	picker	5.4	status: at a declaration, 10 others by name	db/db_iter.cc:72;db/memtable.cc:67;db/version_set.cc:199;table/block.cc:128;table/iterator.cc:62;table/iterator_wrapper.h:47	table/table_test.cc:292
cpp0070	ok	member	StartBlock	table/filter_block_test.cc:78:10	jump	4.1	StartBlock: by name, 1 match	table/filter_block.cc:21	table/filter_block.cc:21;table/filter_block.h:37
cpp0071	none	call	rnd_	db/skiplist.h:328:6	stay	89.8	no definition for rnd_		db/skiplist.h:139
cpp0072	pick-miss	member	append	util/testutil.cc:44:9	picker	626.7	append: by name, 148 declarations	/Library/Developer/CommandLineTools/SDKs/MacOSX26.5.sdk/usr/include/c++/v1/__filesystem/path.h:509;/Library/Developer/CommandLineTools/SDKs/MacOSX26.5.sdk/usr/include/c++/v1/__filesystem/path.h:546;/opt/homebrew/Cellar/simdjson/4.6.8/include/simdjson.h:4815;/opt/homebrew/Cellar/simdjson/4.6.8/include/simdjson.h:5001;/opt/homebrew/Cellar/simdjson/4.6.8/include/simdjson.h:5013;/opt/homebrew/Cellar/simdjson/4.6.8/include/simdjson.h:7577	/Library/Developer/CommandLineTools/SDKs/MacOSX26.5.sdk/usr/include/c++/v1/string:3108;/Library/Developer/CommandLineTools/SDKs/MacOSX26.5.sdk/usr/include/c++/v1/string:3016;/Library/Developer/CommandLineTools/SDKs/MacOSX26.5.sdk/usr/include/c++/v1/string:1452;/Library/Developer/CommandLineTools/SDKs/MacOSX26.5.sdk/usr/include/c++/v1/string:1387
cpp0073	pick-hit	call	TEST_F	db/log_test.cc:449:0	picker	8.3	TEST_F: at a declaration, 176 others by name	db/log_test.cc:261;db/log_test.cc:263;db/log_test.cc:276;db/log_test.cc:286;db/log_test.cc:296;db/log_test.cc:309	db/log_test.cc:261
cpp0074	none	member	options_	db/version_set.cc:487:52	stay	88.4	no definition for options_		db/version_set.h:298
cpp0075	pick-hit	path	Rep	table/table_builder.cc:21:21	picker	8.5	Rep: by name, 2 declarations	include/leveldb/table.h:63;include/leveldb/table_builder.h:87	include/leveldb/table_builder.h:87
cpp0076	ok	type	PosixDefaultEnv	util/env_posix.cc:920:2	jump	4.1	PosixDefaultEnv: by name, 1 match	util/env_posix.cc:910	util/env_posix.cc:910
cpp0077	ok	type	MTState	db/db_test.cc:2022:2	jump	4.6	MTState: by name, 1 match	db/db_test.cc:2014	db/db_test.cc:2014
cpp0078	oracle-none/stay	name	disjoint_sorted_files_	db/version_set_test.cc:162:2	stay	87.5	no definition for disjoint_sorted_files_		
cpp0079	on-decl	name	non_writable_	db/db_test.cc:130:20	stay	90.8	no definition for non_writable_		db/db_test.cc:130
cpp0080	none	name	fname	helpers/memenv/memenv.cc:247:23	stay	90.8	no definition for fname		helpers/memenv/memenv.cc:244
cpp0081	none	member	meta	db/repair.cc:335:50	stay	90.4	no definition for meta		db/repair.cc:94
cpp0082	pick-hit	type	Iterator	db/table_cache.cc:78:0	picker	4.8	Iterator: by name, 7 declarations	db/builder.h:16;db/skiplist.h:61;db/skiplist.h:188;db/version_set.h:34;include/leveldb/iterator.h:24;table/iterator.cc:9	include/leveldb/iterator.h:24
cpp0083	on-decl	call	Harness	table/table_test.cc:409:2	jump	4.2	Harness: by name, 1 match	table/table_test.cc:407	table/table_test.cc:409
cpp0084	pick-hit	call	key	table/merger.cc:67:22	picker	5.3	key: by name, 13 declarations	table/merger.cc:110;db/db_iter.cc:64;db/memtable.cc:61;db/skiplist.h:199;db/version_set.cc:189;table/block.cc:129	table/merger.cc:110
cpp0085	pick-miss	member	rep	db/c.cc:280:44	picker	90.6	rep: by name, 13 declarations	/Library/Developer/CommandLineTools/SDKs/MacOSX26.5.sdk/usr/include/c++/v1/__chrono/duration.h:192;/Library/Developer/CommandLineTools/SDKs/MacOSX26.5.sdk/usr/include/c++/v1/__chrono/file_clock.h:51;/Library/Developer/CommandLineTools/SDKs/MacOSX26.5.sdk/usr/include/c++/v1/__chrono/file_clock.h:54;/Library/Developer/CommandLineTools/SDKs/MacOSX26.5.sdk/usr/include/c++/v1/__chrono/gps_clock.h:45;/Library/Developer/CommandLineTools/SDKs/MacOSX26.5.sdk/usr/include/c++/v1/__chrono/steady_clock.h:29;/Library/Developer/CommandLineTools/SDKs/MacOSX26.5.sdk/usr/include/c++/v1/__chrono/system_clock.h:29	db/c.cc:68
cpp0086	on-decl	name	reverse_key_comparator	table/table_test.cc:65:28	stay	4.4	reverse_key_comparator: by name, 1 match		table/table_test.cc:65
cpp0087	ok	member	remove_prefix	util/coding.cc:149:11	jump	4.0	remove_prefix → Slice::remove_prefix (by name, 1 match)	include/leveldb/slice.h:71	include/leveldb/slice.h:71
cpp0088	on-decl	call	NoWriteTestPreFault	db/fault_injection_test.cc:506:7	stay	4.0	NoWriteTestPreFault → FaultInjectionTest::NoWriteTestPreFault (by name, 1 match)		db/fault_injection_test.cc:506
cpp0089	on-decl	call	ManifestFileName	db/recovery_test.cc:85:14	stay	3.9	ManifestFileName → RecoveryTest::ManifestFileName (by name, 1 match)		db/recovery_test.cc:85
cpp0090	pick-hit	call	NewMergingIterator	table/merger.h:21:10	picker	3.9	NewMergingIterator: at a declaration, 1 other by name	table/merger.cc:179	table/merger.cc:179
cpp0091	none	path	kNoCompression	issues/issue178_test.cc:38:36	stay	91.6	no definition for kNoCompression		include/leveldb/options.h:28
cpp0092	pick-hit	member	DecodeFrom	db/builder.cc:32:19	picker	4.6	DecodeFrom: by name, 4 declarations	db/dbformat.h:144;db/version_edit.cc:106;table/format.cc:24;table/format.cc:43	db/dbformat.h:144
cpp0093	pick-hit	type	Status	db/repair.cc:348:2	picker	4.2	Status: by name, 3 declarations	include/leveldb/status.h:24;include/leveldb/status.h:103;util/status.cc:21	include/leveldb/status.h:24
cpp0094	oracle-none/picker	call	Size	db/db_test.cc:1233:24	picker	5.1	Size: by name, 4 declarations	db/db_test.cc:474;helpers/memenv/memenv.cc:57;db/autocompact_test.cc:37;table/table_test.cc:117	
cpp0095	pick-miss	member	user_key	db/db_impl.cc:989:13	picker	4.2	user_key: by name, 2 declarations	db/dbformat.h:154;db/dbformat.h:202	db/dbformat.h:70
cpp0096	pick-hit	call	ParseFileName	db/filename_test.cc:92:14	picker	4.1	ParseFileName: by name, 2 declarations	db/filename.cc:78;db/filename.h:73	db/filename.cc:78;db/filename.h:73
cpp0097	none	member	allowed_seeks	db/version_set.cc:663:9	stay	89.7	no definition for allowed_seeks		db/version_edit.h:22
cpp0098	pick-hit	type	LEVELDB_EXPORT	include/leveldb/c.h:258:0	picker	4.7	LEVELDB_EXPORT: by name, 5 declarations	include/leveldb/export.h:14;include/leveldb/export.h:16;include/leveldb/export.h:21;include/leveldb/export.h:23;include/leveldb/export.h:28	include/leveldb/export.h:28
cpp0099	pick-hit	type	Status	benchmarks/db_bench.cc:978:4	picker	4.4	Status: by name, 3 declarations	include/leveldb/status.h:24;include/leveldb/status.h:103;util/status.cc:21	include/leveldb/status.h:24
cpp0100	none	member	Arg	benchmarks/db_bench_log.cc:86:35	stay	89.2	no definition for Arg		benchmarks/db_bench_log.cc:22
cpp0101	pick-miss	path	mutex	port/port_stdcxx.h:78:26	picker	96.9	mutex: by name, 2 declarations	/Library/Developer/CommandLineTools/SDKs/MacOSX26.5.sdk/usr/include/c++/v1/__cxx03/__mutex/unique_lock.h:114;/Library/Developer/CommandLineTools/SDKs/MacOSX26.5.sdk/usr/include/c++/v1/__mutex/unique_lock.h:112	/Library/Developer/CommandLineTools/SDKs/MacOSX26.5.sdk/usr/include/c++/v1/__mutex/mutex.h:24
cpp0102	pick-hit	type	SkipList	db/skiplist.h:222:12	picker	4.6	SkipList: by name, 3 declarations	db/skiplist.h:40;db/skiplist.h:144;db/skiplist.h:323	db/skiplist.h:40
cpp0103	oracle-none/stay	member	wHour	util/windows_logger.h:62:25	stay	88.7	no definition for wHour		
cpp0104	oracle-none/stay	call	ASSERT_TRUE	db/version_set_test.cc:142:2	stay	88.2	no definition for ASSERT_TRUE		
cpp0105	pick-hit	member	data	db/log_reader.cc:128:35	picker	4.6	data: by name, 2 declarations	include/leveldb/slice.h:46;table/table_test.cc:169	include/leveldb/slice.h:46
cpp0106	pick-hit	type	Env	include/leveldb/env.h:402:2	picker	4.3	Env: by name, 7 declarations	include/leveldb/env.h:51;db/builder.h:15;db/filename.h:19;db/table_cache.h:20;helpers/memenv/memenv.h:12;include/leveldb/options.h:16	include/leveldb/env.h:51
cpp0107	pick-hit	member	ToString	util/coding_test.cc:185:21	picker	4.5	ToString: by name, 5 declarations	include/leveldb/slice.h:78;util/histogram.cc:241;util/status.cc:38;table/table_test.cc:552;table/table_test.cc:569	include/leveldb/slice.h:78
cpp0108	on-decl	call	AppendWithSpace	benchmarks/db_bench.cc:230:12	stay	4.2	AppendWithSpace: by name, 1 match		benchmarks/db_bench.cc:230
cpp0109	ok	call	StandardDeviation	util/histogram.h:29:9	jump	3.9	StandardDeviation: by name, 1 match	util/histogram.cc:235	util/histogram.cc:235
cpp0110	pick-hit	member	SeekToFirst	db/db_iter.cc:21:13	picker	5.1	SeekToFirst: by name, 11 declarations	db/db_iter.cc:292;db/memtable.cc:57;db/skiplist.h:227;db/version_set.cc:173;table/block.cc:229;table/iterator.cc:50	db/db_iter.cc:292;db/db_iter.cc:83
cpp0111	WRONG	name	result	helpers/memenv/memenv_test.cc:133:41	jump	137.3	result: by name, 1 match	/opt/homebrew/Cellar/simdjson/4.6.8/include/simdjson.h:186421	helpers/memenv/memenv_test.cc:98
cpp0112	on-decl	name	number	db/repair.cc:108:13	picker	196.9	number: by name, 22 declarations	/opt/homebrew/Cellar/simdjson/4.6.8/include/simdjson.h:10489;/opt/homebrew/Cellar/simdjson/4.6.8/include/simdjson.h:10496;/opt/homebrew/Cellar/simdjson/4.6.8/include/simdjson.h:10503;/opt/homebrew/Cellar/simdjson/4.6.8/include/simdjson.h:62314;/opt/homebrew/Cellar/simdjson/4.6.8/include/simdjson.h:64451;/opt/homebrew/Cellar/simdjson/4.6.8/include/simdjson.h:75696	db/repair.cc:108
cpp0113	none	name	iter_	db/db_iter.cc:296:6	stay	90.2	no definition for iter_		db/db_iter.cc:111
cpp0114	none	type	DB_TEST	table/table_test.cc:433:11	stay	89.0	no definition for DB_TEST		table/table_test.cc:374
cpp0115	pick-miss	member	c_str	db/repair.cc:137:60	picker	155.0	c_str: by name, 11 declarations	/Library/Developer/CommandLineTools/SDKs/MacOSX26.5.sdk/usr/include/c++/v1/__filesystem/path.h:672;/opt/homebrew/Cellar/simdjson/4.6.8/include/simdjson.h:40724;/opt/homebrew/Cellar/simdjson/4.6.8/include/simdjson.h:42819;/opt/homebrew/Cellar/simdjson/4.6.8/include/simdjson.h:45401;/opt/homebrew/Cellar/simdjson/4.6.8/include/simdjson.h:47983;/opt/homebrew/Cellar/simdjson/4.6.8/include/simdjson.h:50680	/Library/Developer/CommandLineTools/SDKs/MacOSX26.5.sdk/usr/include/c++/v1/string:1768
cpp0116	pick-miss	member	Seek	benchmarks/db_bench.cc:946:12	picker	6.0	Seek: by name, 11 declarations	db/db_iter.cc:278;db/memtable.cc:56;db/skiplist.h:222;db/version_set.cc:170;table/block.cc:164;table/iterator.cc:49	include/leveldb/iterator.h:48
cpp0117	pick-hit	member	value	table/two_level_iterator.cc:38:22	picker	5.2	value: by name, 10 declarations	table/two_level_iterator.cc:36;db/db_iter.cc:68;db/memtable.cc:62;db/version_set.cc:193;table/block.cc:133;table/iterator.cc:58	table/iterator_wrapper.h:42
cpp0118	on-decl	name	errptr	include/leveldb/c.h:75:64	stay	88.0	no definition for errptr		include/leveldb/c.h:75
cpp0119	pick-miss	member	size	util/arena.cc:15:33	picker	4.5	size: by name, 3 declarations	include/leveldb/slice.h:49;table/block.h:28;table/format.h:35	/Library/Developer/CommandLineTools/SDKs/MacOSX26.5.sdk/usr/include/c++/v1/__vector/vector.h:387
cpp0120	pick-miss	path	FileSize	table/table_builder.cc:278:23	picker	8.0	FileSize: at a declaration, 1 other by name	db/recovery_test.cc:133	include/leveldb/table_builder.h:80
cpp0121	pick-hit	member	size	table/block_builder.cc:80:54	picker	4.1	size: by name, 3 declarations	include/leveldb/slice.h:49;table/block.h:28;table/format.h:35	include/leveldb/slice.h:49
cpp0122	on-decl	call	BloomTest	util/bloom_test.cc:22:2	jump	4.0	BloomTest: by name, 1 match	util/bloom_test.cc:20	util/bloom_test.cc:22
cpp0123	pick-hit	member	empty	db/write_batch.cc:51:16	picker	4.1	empty: by name, 3 declarations	db/snapshot.h:46;include/leveldb/slice.h:52;table/block_builder.h:41	include/leveldb/slice.h:52
cpp0124	pick-miss	member	status	db/db_iter.cc:74:20	picker	5.1	status: by name, 11 declarations	db/db_iter.cc:72;db/memtable.cc:67;db/version_set.cc:199;table/block.cc:128;table/iterator.cc:62;table/iterator_wrapper.h:47	include/leveldb/iterator.h:73
cpp0125	pick-hit	call	Delete	db/db_impl.h:41:9	picker	4.9	Delete: by name, 10 declarations	db/c.cc:355;db/db_impl.cc:1202;db/db_impl.cc:1495;db/dumpfile.cc:85;db/snapshot.h:79;db/write_batch.cc:105	db/db_impl.cc:1202
cpp0126	pick-hit	type	Status	db/repair.cc:351:4	picker	4.1	Status: by name, 3 declarations	include/leveldb/status.h:24;include/leveldb/status.h:103;util/status.cc:21	include/leveldb/status.h:24
cpp0127	oracle-none/stay	path	TempDir	db/db_test.cc:1747:32	stay	94.0	no definition for TempDir		
cpp0128	pick-miss	member	SeekToFirst	issues/issue178_test.cc:74:13	picker	5.8	SeekToFirst: by name, 11 declarations	db/db_iter.cc:292;db/memtable.cc:57;db/skiplist.h:227;db/version_set.cc:173;table/block.cc:229;table/iterator.cc:50	include/leveldb/iterator.h:39
cpp0129	ok	call	ErrorCheck	benchmarks/db_bench_sqlite3.cc:553:8	jump	4.4	ErrorCheck: by name, 1 match	benchmarks/db_bench_sqlite3.cc:100	benchmarks/db_bench_sqlite3.cc:100
cpp0130	pick-hit	name	leveldb_options_t	include/leveldb/c.h:167:15	picker	4.5	leveldb_options_t: by name, 2 declarations	include/leveldb/c.h:63;db/c.cc:67	include/leveldb/c.h:63
cpp0131	none	name	bytes	db/log_reader.cc:179:13	stay	89.4	no definition for bytes		db/log_reader.cc:178
cpp0132	oracle-none/stay	call	ASSERT_EQ	db/db_test.cc:851:2	stay	89.0	no definition for ASSERT_EQ		
cpp0133	pick-hit	call	ParseFileName	db/filename.h:73:5	picker	4.6	ParseFileName: at a declaration, 1 other by name	db/filename.cc:78	db/filename.cc:78
cpp0134	pick-hit	member	c_str	benchmarks/db_bench.cc:515:58	picker	154.2	c_str: by name, 11 declarations	/Library/Developer/CommandLineTools/SDKs/MacOSX26.5.sdk/usr/include/c++/v1/__filesystem/path.h:672;/opt/homebrew/Cellar/simdjson/4.6.8/include/simdjson.h:40724;/opt/homebrew/Cellar/simdjson/4.6.8/include/simdjson.h:42819;/opt/homebrew/Cellar/simdjson/4.6.8/include/simdjson.h:45401;/opt/homebrew/Cellar/simdjson/4.6.8/include/simdjson.h:47983;/opt/homebrew/Cellar/simdjson/4.6.8/include/simdjson.h:50680	/Library/Developer/CommandLineTools/SDKs/MacOSX26.5.sdk/usr/include/c++/v1/string:1768;/Library/Developer/CommandLineTools/SDKs/MacOSX26.5.sdk/usr/include/c++/v1/__filesystem/path.h:672
cpp0135	oracle-none/picker	call	Read	db/log_test.cc:491:19	picker	5.6	Read: by name, 8 declarations	db/log_test.cc:64;db/log_test.cc:179;benchmarks/db_bench_sqlite3.cc:586;helpers/memenv/memenv.cc:71;helpers/memenv/memenv.cc:160;util/env_posix.cc:142	
cpp0136	pick-hit	path	Iterator	db/skiplist_test.cc:76:31	picker	4.4	Iterator: by name, 7 declarations	db/builder.h:16;db/skiplist.h:61;db/skiplist.h:188;db/version_set.h:34;include/leveldb/iterator.h:24;table/iterator.cc:9	db/skiplist.h:61
cpp0137	oracle-none/picker	member	FileExists	helpers/memenv/memenv_test.cc:34:21	picker	4.5	FileExists: by name, 4 declarations	helpers/memenv/memenv.cc:289;include/leveldb/env.h:358;util/env_posix.cc:599;util/env_windows.cc:491	
cpp0138	ok	path	OK	db/leveldbutil.cc:18:19	jump	7.9	OK → Status::OK (by name, 1 match)	include/leveldb/status.h:37	include/leveldb/status.h:37
cpp0139	pick-miss	member	load	db/db_test.cc:220:22	picker	161.4	load: by name, 12 declarations	/opt/homebrew/Cellar/simdjson/4.6.8/include/simdjson.h:4848;/opt/homebrew/Cellar/simdjson/4.6.8/include/simdjson.h:4906;/opt/homebrew/Cellar/simdjson/4.6.8/include/simdjson.h:9569;/opt/homebrew/Cellar/simdjson/4.6.8/include/simdjson.h:14237;/opt/homebrew/Cellar/simdjson/4.6.8/include/simdjson.h:35739;/opt/homebrew/Cellar/simdjson/4.6.8/include/simdjson.h:35868	/Library/Developer/CommandLineTools/SDKs/MacOSX26.5.sdk/usr/include/c++/v1/__atomic/atomic.h:68
cpp0140	pick-miss	member	file_size	db/builder.cc:46:19	picker	89.5	file_size: by name, 4 declarations	/Library/Developer/CommandLineTools/SDKs/MacOSX26.5.sdk/usr/include/c++/v1/__filesystem/directory_entry.h:145;/Library/Developer/CommandLineTools/SDKs/MacOSX26.5.sdk/usr/include/c++/v1/__filesystem/directory_entry.h:147;/Library/Developer/CommandLineTools/SDKs/MacOSX26.5.sdk/usr/include/c++/v1/__filesystem/operations.h:163;/Library/Developer/CommandLineTools/SDKs/MacOSX26.5.sdk/usr/include/c++/v1/__filesystem/operations.h:164	db/version_edit.h:24
cpp0141	pick-hit	call	AddBoundaryInputs	db/version_set_test.cc:220:2	picker	4.7	AddBoundaryInputs: by name, 2 declarations	db/version_set_test.cc:177;db/version_set.cc:1360	db/version_set_test.cc:177
cpp0142	pick-hit	type	Status	db/db_impl.h:203:2	picker	4.6	Status: by name, 3 declarations	include/leveldb/status.h:24;include/leveldb/status.h:103;util/status.cc:21	include/leveldb/status.h:24
cpp0143	pick-hit	call	leveldb_open	include/leveldb/c.h:74:26	picker	4.5	leveldb_open: at a declaration, 1 other by name	db/c.cc:168	db/c.cc:168
cpp0144	none	member	cachable	table/table_test.cc:629:11	stay	101.0	no definition for cachable		table/format.h:83
cpp0145	none	member	info_log	db/db_impl.cc:307:19	stay	95.7	no definition for info_log		include/leveldb/options.h:70
cpp0146	pick-hit	type	Status	table/table_test.cc:165:10	picker	5.1	Status: by name, 3 declarations	include/leveldb/status.h:24;include/leveldb/status.h:103;util/status.cc:21	include/leveldb/status.h:24
cpp0147	ok	path	Handle	util/cache.cc:262:30	jump	8.9	Handle → Cache::Handle (by name, 1 match)	include/leveldb/cache.h:46	include/leveldb/cache.h:46
cpp0148	oracle-none/stay	path	TempDir	benchmarks/db_bench_log.cc:33:32	stay	96.5	no definition for TempDir		
cpp0149	pick-hit	type	FLAGS_num	benchmarks/db_bench.cc:839:16	picker	5.7	FLAGS_num: by name, 3 declarations	benchmarks/db_bench.cc:68;benchmarks/db_bench_sqlite3.cc:46;benchmarks/db_bench_tree_db.cc:42	benchmarks/db_bench.cc:68
cpp0150	pick-miss	path	VersionSet	db/version_set.cc:733:12	picker	9.6	VersionSet: at a declaration, 5 others by name	db/version_set.cc:569;db/db_impl.h:27;db/version_edit.h:16;db/version_set.h:39;db/version_set.h:167	db/version_set.h:169
cpp0151	pick-miss	member	Compare	table/block.cc:92:24	picker	6.1	Compare: by name, 9 declarations	table/block.cc:91;benchmarks/db_bench.cc:141;db/c.cc:92;db/dbformat.cc:47;db/dbformat.h:166;util/comparator.cc:27	include/leveldb/comparator.h:28
cpp0152	ok	member	LastSequence	db/db_impl.cc:1087:32	jump	5.0	LastSequence → VersionSet::LastSequence (by name, 1 match)	db/version_set.h:212	db/version_set.h:212
cpp0153	none	member	fill_cache	table/table.cc:180:43	stay	89.0	no definition for fill_cache		include/leveldb/options.h:158
cpp0154	none	call	size_	helpers/memenv/memenv.cc:27:26	stay	88.6	no definition for size_		helpers/memenv/memenv.cc:149
cpp0155	pick-hit	call	sqlite3_finalize	benchmarks/db_bench_sqlite3.cc:649:13	picker	91.0	sqlite3_finalize: by name, 2 declarations	/Library/Developer/CommandLineTools/SDKs/MacOSX26.5.sdk/usr/include/sqlite3.h:5564;/Library/Developer/CommandLineTools/SDKs/MacOSX26.5.sdk/usr/include/sqlite3ext.h:461	/Library/Developer/CommandLineTools/SDKs/MacOSX26.5.sdk/usr/include/sqlite3.h:5564
cpp0156	ok	path	OK	db/leveldbutil.cc:21:43	jump	8.5	OK → Status::OK (by name, 1 match)	include/leveldb/status.h:37	include/leveldb/status.h:37
cpp0157	pick-hit	member	size	db/log_reader.cc:128:52	picker	4.1	size: by name, 3 declarations	include/leveldb/slice.h:49;table/block.h:28;table/format.h:35	include/leveldb/slice.h:49
cpp0158	pick-hit	path	fprintf	db/db_test.cc:2286:7	picker	98.7	fprintf: by name, 4 declarations	/Library/Developer/CommandLineTools/SDKs/MacOSX26.5.sdk/usr/include/_stdio.h:245;/opt/homebrew/Cellar/gettext/1.0/include/libintl.h:495;/opt/homebrew/Cellar/gettext/1.0/include/libintl.h:507;/opt/homebrew/Cellar/gettext/1.0/include/libintl.h:509	/Library/Developer/CommandLineTools/SDKs/MacOSX26.5.sdk/usr/include/c++/v1/cstdio:127;/Library/Developer/CommandLineTools/SDKs/MacOSX26.5.sdk/usr/include/_stdio.h:245
cpp0159	on-decl	name	opts	db/db_test.cc:1751:10	stay	90.6	no definition for opts		db/db_test.cc:1751
cpp0160	none	member	prev_	db/snapshot.h:84:21	stay	89.8	no definition for prev_		db/snapshot.h:29
cpp0161	pick-hit	call	key	db/skiplist_test.cc:256:50	picker	5.8	key: by name, 13 declarations	db/skiplist_test.cc:156;db/db_iter.cc:64;db/memtable.cc:61;db/skiplist.h:199;db/version_set.cc:189;table/block.cc:129	db/skiplist_test.cc:156
cpp0162	ok	member	Encode	db/version_set.cc:1444:36	jump	4.2	Encode → InternalKey::Encode (by name, 1 match)	db/dbformat.h:149	db/dbformat.h:149
cpp0163	pick-hit	call	Between	table/table_test.cc:785:14	picker	4.5	Between: by name, 2 declarations	table/table_test.cc:749;db/db_test.cc:1216	table/table_test.cc:749
cpp0164	ok	member	DropUnsyncedFileData	db/fault_injection_test.cc:477:32	jump	3.9	DropUnsyncedFileData: by name, 1 match	db/fault_injection_test.cc:268	db/fault_injection_test.cc:268;db/fault_injection_test.cc:140
cpp0165	none	path	NewNode	db/skiplist.h:180:69	stay	3.9	NewNode: by name, 1 match		db/skiplist.h:106
cpp0166	pick-hit	type	WriteBatch	db/db_impl.cc:1226:4	picker	4.5	WriteBatch: by name, 3 declarations	db/write_batch.cc:29;include/leveldb/db.h:24;include/leveldb/write_batch.h:33	include/leveldb/write_batch.h:33
cpp0167	pick-miss	member	status	db/db_impl.cc:397:16	picker	5.7	status: by name, 11 declarations	db/db_iter.cc:72;db/memtable.cc:67;db/version_set.cc:199;table/block.cc:128;table/iterator.cc:62;table/iterator_wrapper.h:47	db/db_impl.cc:392
cpp0168	pick-miss	member	FindShortSuccessor	benchmarks/db_bench.cc:152:21	picker	5.2	FindShortSuccessor: by name, 7 declarations	benchmarks/db_bench.cc:151;db/c.cc:100;db/dbformat.cc:84;util/comparator.cc:54;db/db_test.cc:1570;db/db_test.cc:1594	include/leveldb/comparator.h:54
cpp0169	ok	path	memory_order_release	db/db_test.cc:1883:34	jump	95.6	memory_order_release: by name, 1 match	/Library/Developer/CommandLineTools/SDKs/MacOSX26.5.sdk/usr/include/c++/v1/__atomic/memory_order.h:46	/Library/Developer/CommandLineTools/SDKs/MacOSX26.5.sdk/usr/include/c++/v1/__atomic/memory_order.h:56
cpp0170	pick-hit	member	ToString	db/db_test.cc:1579:16	picker	5.1	ToString: by name, 5 declarations	include/leveldb/slice.h:78;util/histogram.cc:241;util/status.cc:38;table/table_test.cc:552;table/table_test.cc:569	util/status.cc:38;include/leveldb/status.h:76
cpp0171	none	path	malloc	db/c.cc:163:35	stay	96.7	no definition for malloc		/Library/Developer/CommandLineTools/SDKs/MacOSX26.5.sdk/usr/include/c++/v1/cstdlib:124;/Library/Developer/CommandLineTools/SDKs/MacOSX26.5.sdk/usr/include/malloc/_malloc.h:54
cpp0172	pick-hit	member	key	util/cache.cc:297:49	picker	5.8	key: by name, 13 declarations	util/cache.cc:56;db/db_iter.cc:64;db/memtable.cc:61;db/skiplist.h:199;db/version_set.cc:189;table/block.cc:129	util/cache.cc:56
cpp0173	ok	call	Percentile	util/histogram.h:27:9	jump	4.1	Percentile: by name, 1 match	util/histogram.cc:209	util/histogram.cc:209
cpp0174	pick-hit	type	Slice	db/log_test.cc:179:26	picker	4.4	Slice: by name, 6 declarations	include/leveldb/comparator.h:14;include/leveldb/env.h:48;include/leveldb/filter_policy.h:25;include/leveldb/slice.h:27;include/leveldb/write_batch.h:31;util/logging.h:19	include/leveldb/slice.h:27
cpp0175	none	member	meta	db/repair.cc:308:40	stay	89.8	no definition for meta		db/repair.cc:94
cpp0176	pick-miss	member	first	db/version_set.cc:632:51	picker	90.4	first: by name, 2 declarations	/Library/Developer/CommandLineTools/SDKs/MacOSX26.5.sdk/usr/include/c++/v1/__cxx03/__memory/compressed_pair.h:104;/Library/Developer/CommandLineTools/SDKs/MacOSX26.5.sdk/usr/include/c++/v1/__cxx03/__memory/compressed_pair.h:106	/Library/Developer/CommandLineTools/SDKs/MacOSX26.5.sdk/usr/include/c++/v1/__utility/pair.h:98
cpp0177	none	call	ASSERT_EQ	issues/issue200_test.cc:45:2	stay	89.2	no definition for ASSERT_EQ		include/leveldb/slice.h:25
cpp0178	pick-hit	type	LEVELDB_EXPORT	include/leveldb/c.h:223:0	picker	4.5	LEVELDB_EXPORT: by name, 5 declarations	include/leveldb/export.h:14;include/leveldb/export.h:16;include/leveldb/export.h:21;include/leveldb/export.h:23;include/leveldb/export.h:28	include/leveldb/export.h:28
cpp0179	oracle-none/stay	call	ASSERT_EQ	db/db_test.cc:907:2	stay	89.0	no definition for ASSERT_EQ		
cpp0180	pick-hit	type	Status	table/iterator.cc:62:2	picker	4.6	Status: by name, 3 declarations	include/leveldb/status.h:24;include/leveldb/status.h:103;util/status.cc:21	include/leveldb/status.h:24
cpp0181	none	type	HAVE_ZSTD	port/port_stdcxx.h:135:4	stay	89.0	no definition for HAVE_ZSTD		build/include/port/port_config.h:35
cpp0182	pick-hit	call	assert	db/filename.cc:44:2	picker	89.5	assert: by name, 4 declarations	/Library/Developer/CommandLineTools/SDKs/MacOSX26.5.sdk/usr/include/assert.h:52;/Library/Developer/CommandLineTools/SDKs/MacOSX26.5.sdk/usr/include/assert.h:65;/Library/Developer/CommandLineTools/SDKs/MacOSX26.5.sdk/usr/include/assert.h:71;/Library/Developer/CommandLineTools/SDKs/MacOSX26.5.sdk/usr/include/assert.h:74	/Library/Developer/CommandLineTools/SDKs/MacOSX26.5.sdk/usr/include/assert.h:71
cpp0183	pick-hit	type	Iterator	table/table.cc:153:0	picker	4.8	Iterator: by name, 7 declarations	db/builder.h:16;db/skiplist.h:61;db/skiplist.h:188;db/version_set.h:34;include/leveldb/iterator.h:24;table/iterator.cc:9	include/leveldb/iterator.h:24
cpp0184	none	name	self_moved	util/status_test.cc:34:35	stay	88.0	no definition for self_moved		util/status_test.cc:31
cpp0185	pick-hit	member	push_back	db/repair.cc:340:16	picker	123.0	push_back: by name, 6 declarations	/Library/Developer/CommandLineTools/SDKs/MacOSX26.5.sdk/usr/include/c++/v1/__format/buffer.h:205;/Library/Developer/CommandLineTools/SDKs/MacOSX26.5.sdk/usr/include/c++/v1/__format/buffer.h:629;/Library/Developer/CommandLineTools/SDKs/MacOSX26.5.sdk/usr/include/c++/v1/__vector/vector.h:455;/Library/Developer/CommandLineTools/SDKs/MacOSX26.5.sdk/usr/include/c++/v1/__vector/vector.h:457;/Library/Developer/CommandLineTools/SDKs/MacOSX26.5.sdk/usr/include/c++/v1/__vector/vector_bool.h:889;/opt/homebrew/Cellar/simdjson/4.6.8/include/simdjson.h:7571	/Library/Developer/CommandLineTools/SDKs/MacOSX26.5.sdk/usr/include/c++/v1/__vector/vector.h:455
cpp0186	oracle-none/stay	member	QuadPart	util/env_windows.cc:449:42	stay	89.9	no definition for QuadPart		
cpp0187	oracle-none/stay	call	ASSERT_EQ	db/log_test.cc:433:2	stay	89.1	no definition for ASSERT_EQ		
cpp0188	pick-hit	type	FaultInjectionTestEnv	db/fault_injection_test.cc:295:5	picker	4.5	FaultInjectionTestEnv: by name, 2 declarations	db/fault_injection_test.cc:34;db/fault_injection_test.cc:127	db/fault_injection_test.cc:127;db/fault_injection_test.cc:34
cpp0189	pick-hit	type	Status	include/leveldb/env.h:95:10	picker	4.4	Status: by name, 3 declarations	include/leveldb/status.h:24;include/leveldb/status.h:103;util/status.cc:21	include/leveldb/status.h:24
cpp0190	pick-miss	member	data	table/filter_block.cc:63:29	picker	4.4	data: by name, 2 declarations	include/leveldb/slice.h:46;table/table_test.cc:169	/Library/Developer/CommandLineTools/SDKs/MacOSX26.5.sdk/usr/include/c++/v1/string:1773
cpp0191	pick-miss	call	type	db/dbformat.h:76:36	picker	369.7	type: by name, 403 declarations	/Library/Developer/CommandLineTools/SDKs/MacOSX26.5.sdk/usr/include/c++/v1/__charconv/traits.h:40;/Library/Developer/CommandLineTools/SDKs/MacOSX26.5.sdk/usr/include/c++/v1/__charconv/traits.h:63;/Library/Developer/CommandLineTools/SDKs/MacOSX26.5.sdk/usr/include/c++/v1/__charconv/traits.h:87;/Library/Developer/CommandLineTools/SDKs/MacOSX26.5.sdk/usr/include/c++/v1/__chrono/duration.h:56;/Library/Developer/CommandLineTools/SDKs/MacOSX26.5.sdk/usr/include/c++/v1/__chrono/duration.h:188;/Library/Developer/CommandLineTools/SDKs/MacOSX26.5.sdk/usr/include/c++/v1/__chrono/time_point.h:93	db/dbformat.h:72
cpp0192	oracle-none/stay	call	ASSERT_EQ	util/env_posix_test.cc:156:2	stay	88.9	no definition for ASSERT_EQ		
cpp0193	WRONG	member	rand	benchmarks/db_bench.cc:944:28	jump	91.5	rand: by name, 1 match	/Library/Developer/CommandLineTools/SDKs/MacOSX26.5.sdk/usr/include/_stdlib.h:186	benchmarks/db_bench.cc:368
cpp0194	ok	call	ASSERT_LEVELDB_OK	db/db_test.cc:580:4	jump	5.0	ASSERT_LEVELDB_OK: by name, 1 match	util/testutil.h:24	util/testutil.h:24
cpp0195	on-decl	name	value	util/logging.cc:55:11	picker	5.2	value: by name, 10 declarations	db/db_iter.cc:68;db/memtable.cc:62;db/version_set.cc:193;table/block.cc:133;table/iterator.cc:58;table/iterator_wrapper.h:42	util/logging.cc:55
cpp0196	WRONG	member	level	db/db_impl.cc:607:9	jump	4.3	level → Compaction::level (by name, 1 match)	db/version_set.h:325	db/db_impl.h:81
cpp0197	pick-hit	type	FaultInjectionTestEnv	db/fault_injection_test.cc:301:7	picker	4.1	FaultInjectionTestEnv: by name, 2 declarations	db/fault_injection_test.cc:34;db/fault_injection_test.cc:127	db/fault_injection_test.cc:127;db/fault_injection_test.cc:34
cpp0198	pick-hit	path	Handler	db/write_batch.cc:116:44	picker	8.2	Handler: by name, 2 declarations	include/leveldb/write_batch.h:35;db/db_test.cc:2149	include/leveldb/write_batch.h:35
cpp0199	ok	call	SyncParent	db/fault_injection_test.cc:222:16	jump	4.3	SyncParent: by name, 1 match	db/fault_injection_test.cc:204	db/fault_injection_test.cc:204;db/fault_injection_test.cc:124
cpp0200	none	call	writable_file_error_	util/testutil.h:54:8	stay	87.2	no definition for writable_file_error_		util/testutil.h:49
cpp0201	ok	member	AddRecord	db/db_impl.cc:198:12	jump	4.7	AddRecord: by name, 1 match	db/log_writer.cc:34	db/log_writer.cc:34;db/log_writer.h:37
cpp0202	pick-hit	member	back	helpers/memenv/memenv.cc:129:26	picker	124.3	back: by name, 5 declarations	/Library/Developer/CommandLineTools/SDKs/MacOSX26.5.sdk/usr/include/c++/v1/__vector/vector.h:432;/Library/Developer/CommandLineTools/SDKs/MacOSX26.5.sdk/usr/include/c++/v1/__vector/vector.h:436;/Library/Developer/CommandLineTools/SDKs/MacOSX26.5.sdk/usr/include/c++/v1/__vector/vector_bool.h:300;/Library/Developer/CommandLineTools/SDKs/MacOSX26.5.sdk/usr/include/c++/v1/__vector/vector_bool.h:304;/opt/homebrew/Cellar/simdjson/4.6.8/include/simdjson.h:1444	/Library/Developer/CommandLineTools/SDKs/MacOSX26.5.sdk/usr/include/c++/v1/__vector/vector.h:432
cpp0203	none	member	sequence	db/dbformat.cc:23:45	stay	89.3	no definition for sequence		db/dbformat.h:71
cpp0204	oracle-none/picker	call	dbfull	db/db_test.cc:1199:2	picker	5.3	dbfull: by name, 2 declarations	db/db_test.cc:315;db/recovery_test.cc:31	
cpp0205	none	name	klen	db/c.cc:301:27	stay	88.8	no definition for klen		db/c.cc:300
cpp0206	on-decl	call	fd_buffer	util/env_posix_test.cc:139:20	stay	91.8	no definition for fd_buffer		util/env_posix_test.cc:139
cpp0207	oracle-none/stay	name	appendable_file	util/env_test.cc:237:61	stay	88.4	no definition for appendable_file		
cpp0208	ok	path	memory_order_relaxed	db/skiplist.h:356:35	jump	96.9	memory_order_relaxed: by name, 1 match	/Library/Developer/CommandLineTools/SDKs/MacOSX26.5.sdk/usr/include/c++/v1/__atomic/memory_order.h:43	/Library/Developer/CommandLineTools/SDKs/MacOSX26.5.sdk/usr/include/c++/v1/__atomic/memory_order.h:53
cpp0209	pick-miss	path	Recover	db/version_set.cc:861:19	picker	9.2	Recover: at a declaration, 1 other by name	db/db_impl.cc:292	db/version_set.h:185
cpp0210	pick-hit	call	Hash	util/hash_test.cc:37:6	picker	4.3	Hash: by name, 2 declarations	util/hash.cc:22;util/hash.h:15	util/hash.cc:22;util/hash.h:15
cpp0211	pick-hit	type	ReadOptions	db/db_test.cc:355:4	picker	4.6	ReadOptions: by name, 5 declarations	include/leveldb/db.h:22;include/leveldb/options.h:151;include/leveldb/table.h:20;table/format.h:19;table/two_level_iterator.h:12	include/leveldb/options.h:151
cpp0212	none	member	cachable	table/table.cc:180:23	stay	89.1	no definition for cachable		table/format.h:83
cpp0213	on-decl	call	state	db/fault_injection_test.cc:235:14	picker	90.4	state: by name, 6 declarations	/Library/Developer/CommandLineTools/SDKs/MacOSX26.5.sdk/usr/include/c++/v1/__cxx03/__ios/fpos.h:33;/Library/Developer/CommandLineTools/SDKs/MacOSX26.5.sdk/usr/include/c++/v1/__cxx03/__ios/fpos.h:34;/Library/Developer/CommandLineTools/SDKs/MacOSX26.5.sdk/usr/include/c++/v1/__ios/fpos.h:33;/Library/Developer/CommandLineTools/SDKs/MacOSX26.5.sdk/usr/include/c++/v1/__ios/fpos.h:34;/Library/Developer/CommandLineTools/SDKs/MacOSX26.5.sdk/usr/include/c++/v1/__locale_dir/wbuffer_convert.h:80;/Library/Developer/CommandLineTools/SDKs/MacOSX26.5.sdk/usr/include/c++/v1/__locale_dir/wstring_convert.h:88	db/fault_injection_test.cc:235
cpp0214	oracle-none/stay	member	GetChildren	db/db_test.cc:92:25	stay	89.0	no definition for GetChildren		
cpp0215	pick-miss	member	rep	db/c.cc:301:8	picker	91.3	rep: by name, 13 declarations	/Library/Developer/CommandLineTools/SDKs/MacOSX26.5.sdk/usr/include/c++/v1/__chrono/duration.h:192;/Library/Developer/CommandLineTools/SDKs/MacOSX26.5.sdk/usr/include/c++/v1/__chrono/file_clock.h:51;/Library/Developer/CommandLineTools/SDKs/MacOSX26.5.sdk/usr/include/c++/v1/__chrono/file_clock.h:54;/Library/Developer/CommandLineTools/SDKs/MacOSX26.5.sdk/usr/include/c++/v1/__chrono/gps_clock.h:45;/Library/Developer/CommandLineTools/SDKs/MacOSX26.5.sdk/usr/include/c++/v1/__chrono/steady_clock.h:29;/Library/Developer/CommandLineTools/SDKs/MacOSX26.5.sdk/usr/include/c++/v1/__chrono/system_clock.h:29	db/c.cc:53
cpp0216	pick-hit	call	assert	util/cache.cc:331:6	picker	89.5	assert: by name, 4 declarations	/Library/Developer/CommandLineTools/SDKs/MacOSX26.5.sdk/usr/include/assert.h:52;/Library/Developer/CommandLineTools/SDKs/MacOSX26.5.sdk/usr/include/assert.h:65;/Library/Developer/CommandLineTools/SDKs/MacOSX26.5.sdk/usr/include/assert.h:71;/Library/Developer/CommandLineTools/SDKs/MacOSX26.5.sdk/usr/include/assert.h:74	/Library/Developer/CommandLineTools/SDKs/MacOSX26.5.sdk/usr/include/assert.h:71
cpp0217	oracle-none/stay	type	LogFileReuse	db/recovery_test.cc:219:21	stay	89.2	no definition for LogFileReuse		
cpp0218	oracle-none/picker	member	GetTestDirectory	benchmarks/db_bench_tree_db.cc:304:20	picker	5.0	GetTestDirectory: by name, 4 declarations	helpers/memenv/memenv.cc:368;include/leveldb/env.h:390;util/env_posix.cc:700;util/env_windows.cc:624	
cpp0219	none	member	info_log	db/repair.cc:215:17	stay	90.0	no definition for info_log		include/leveldb/options.h:70
cpp0220	oracle-none/picker	call	Write	db/log_test.cc:485:2	picker	5.5	Write: by name, 3 declarations	db/log_test.cc:57;db/db_impl.cc:1206;db/db_test.cc:2148	
cpp0221	pick-hit	call	THREAD_ANNOTATION_ATTRIBUTE__	port/thread_annotations.h:100:2	picker	4.5	THREAD_ANNOTATION_ATTRIBUTE__: by name, 2 declarations	port/thread_annotations.h:16;port/thread_annotations.h:18	port/thread_annotations.h:16
cpp0222	pick-hit	call	size	include/leveldb/slice.h:72:16	picker	4.6	size: by name, 3 declarations	include/leveldb/slice.h:49;table/block.h:28;table/format.h:35	include/leveldb/slice.h:49
cpp0223	WRONG	member	clear	db/dumpfile.cc:173:6	jump	4.5	clear → Slice::clear (by name, 1 match)	include/leveldb/slice.h:65	/Library/Developer/CommandLineTools/SDKs/MacOSX26.5.sdk/usr/include/c++/v1/string:3376;/Library/Developer/CommandLineTools/SDKs/MacOSX26.5.sdk/usr/include/c++/v1/string:1325
cpp0224	pick-miss	member	Value	table/table.cc:175:54	picker	4.7	Value: by name, 4 declarations	util/cache.cc:376;util/crc32c.h:20;db/corruption_test.cc:179;db/fault_injection_test.cc:448	include/leveldb/cache.h:76
cpp0225	ok	path	memory_order_release	db/db_test.cc:2077:30	jump	99.5	memory_order_release: by name, 1 match	/Library/Developer/CommandLineTools/SDKs/MacOSX26.5.sdk/usr/include/c++/v1/__atomic/memory_order.h:46	/Library/Developer/CommandLineTools/SDKs/MacOSX26.5.sdk/usr/include/c++/v1/__atomic/memory_order.h:56
cpp0226	on-decl	call	Sync	helpers/memenv/memenv.cc:210:9	picker	5.7	Sync: at a declaration, 8 others by name	db/leveldbutil.cc:22;util/env_posix.cc:334;util/env_windows.cc:312;db/db_test.cc:184;db/db_test.cc:211;db/fault_injection_test.cc:212	helpers/memenv/memenv.cc:210
cpp0227	none	type	RANDOM	benchmarks/db_bench_sqlite3.cc:380:26	stay	90.5	no definition for RANDOM		benchmarks/db_bench_sqlite3.cc:315;benchmarks/db_bench_tree_db.cc:293
cpp0228	pick-hit	call	CurrentFileName	db/version_set.cc:871:36	picker	4.8	CurrentFileName: by name, 2 declarations	db/filename.cc:51;db/filename.h:54	db/filename.cc:51;db/filename.h:54
cpp0229	pick-hit	member	Wait	util/env_test.cc:167:15	picker	4.2	Wait: by name, 2 declarations	port/port_stdcxx.h:77;db/skiplist_test.cc:309	port/port_stdcxx.h:77
cpp0230	none	call	max_height_	db/skiplist.h:327:6	stay	89.8	no definition for max_height_		db/skiplist.h:136
cpp0231	none	member	deleted_	db/c.cc:362:10	stay	89.2	no definition for deleted_		db/c.cc:351
cpp0232	pick-hit	path	EnvWindowsTest	util/env_windows_test.cc:62:11	picker	8.5	EnvWindowsTest: by name, 2 declarations	util/env_windows_test.cc:15;util/env_windows_test_helper.h:10	util/env_windows_test.cc:15;util/env_windows_test_helper.h:10
cpp0233	pick-hit	path	kBlockSize	db/log_test.cc:254:13	picker	8.2	kBlockSize: by name, 2 declarations	db/log_format.h:27;util/arena.cc:9	db/log_format.h:27
cpp0234	ok	type	DBTest	db/db_test.cc:1508:7	jump	4.7	DBTest: by name, 1 match	db/db_test.cc:260	db/db_test.cc:260
cpp0235	pick-hit	type	Status	db/repair.cc:186:28	picker	4.1	Status: by name, 3 declarations	include/leveldb/status.h:24;include/leveldb/status.h:103;util/status.cc:21	include/leveldb/status.h:24
cpp0236	on-decl	call	status	table/block.cc:128:9	picker	5.2	status: at a declaration, 10 others by name	db/db_iter.cc:72;db/memtable.cc:67;db/version_set.cc:199;table/iterator.cc:62;table/iterator_wrapper.h:47;table/merger.cc:120	table/block.cc:128
cpp0237	on-decl	call	NewAppendableFile	util/env_posix.cc:586:9	picker	4.2	NewAppendableFile: by name, 3 declarations	include/leveldb/env.h:355;util/env.cc:21;db/fault_injection_test.cc:248	util/env_posix.cc:586
cpp0238	none	name	dbname_	db/repair.cc:105:29	stay	89.1	no definition for dbname_		db/repair.cc:428
cpp0239	pick-miss	member	Valid	table/table.cc:230:22	picker	5.7	Valid: by name, 11 declarations	db/db_iter.cc:63;db/memtable.cc:55;db/skiplist.h:194;db/version_set.cc:169;table/block.cc:127;table/iterator.cc:48	include/leveldb/iterator.h:35
cpp0240	pick-hit	member	data	table/block.cc:97:19	picker	4.6	data: by name, 2 declarations	include/leveldb/slice.h:46;table/table_test.cc:169	include/leveldb/slice.h:46
cpp0241	pick-hit	path	Extend	port/port_stdcxx.h:210:19	picker	8.7	Extend: by name, 2 declarations	util/crc32c.cc:276;util/crc32c.h:17	util/crc32c.cc:276
cpp0242	pick-hit	call	dbfull	db/recovery_test.cc:139:27	picker	4.7	dbfull: by name, 2 declarations	db/recovery_test.cc:31;db/db_test.cc:315	db/recovery_test.cc:31
cpp0243	none	member	compaction	db/db_impl.cc:883:56	stay	89.4	no definition for compaction		db/db_impl.cc:71
cpp0244	oracle-none/stay	type	TestCloseOnExecLogger	util/env_posix_test.cc:313:21	stay	88.2	no definition for TestCloseOnExecLogger		
cpp0245	oracle-none/stay	type	MissingLastIsIgnored	db/log_test.cc:460:16	stay	88.4	no definition for MissingLastIsIgnored		
cpp0246	ok	call	NumTableFilesAtLevel	db/db_test.cc:508:16	jump	5.1	NumTableFilesAtLevel → DBTest::NumTableFilesAtLevel (by name, 1 match)	db/db_test.cc:436	db/db_test.cc:436
cpp0247	pick-miss	name	db	helpers/memenv/memenv_test.cc:256:9	picker	4.3	db: by name, 3 declarations	table/table_test.cc:171;table/table_test.cc:352;table/table_test.cc:605	helpers/memenv/memenv_test.cc:220
cpp0248	oracle-none/stay	call	ASSERT_EQ	db/db_test.cc:1363:4	stay	88.9	no definition for ASSERT_EQ		
cpp0249	ok	call	ASSERT_LEVELDB_OK	db/db_test.cc:1295:4	jump	4.9	ASSERT_LEVELDB_OK: by name, 1 match	util/testutil.h:24	util/testutil.h:24
cpp0250	oracle-none/stay	path	WriteFile	util/env_windows.cc:337:11	stay	88.0	no definition for WriteFile		
cpp0251	oracle-none/stay	name	db_	benchmarks/db_bench_tree_db.cc:78:52	stay	89.5	no definition for db_		
cpp0252	on-decl	call	Get	db/recovery_test.cc:74:14	picker	5.6	Get: at a declaration, 6 others by name	db/db_impl.cc:1121;db/memtable.cc:102;db/table_cache.cc:100;db/version_set.cc:324;db/db_test.cc:354;db/skiplist_test.cc:196	db/recovery_test.cc:74
cpp0253	pick-hit	type	Status	include/leveldb/env.h:368:2	picker	4.1	Status: by name, 3 declarations	include/leveldb/status.h:24;include/leveldb/status.h:103;util/status.cc:21	include/leveldb/status.h:24
cpp0254	ok	member	IsIOError	util/env_test.cc:194:21	jump	4.1	IsIOError → Status::IsIOError (by name, 1 match)	include/leveldb/status.h:66	include/leveldb/status.h:66
cpp0255	pick-miss	member	file_size	db/version_set.cc:1464:30	picker	89.6	file_size: by name, 4 declarations	/Library/Developer/CommandLineTools/SDKs/MacOSX26.5.sdk/usr/include/c++/v1/__filesystem/directory_entry.h:145;/Library/Developer/CommandLineTools/SDKs/MacOSX26.5.sdk/usr/include/c++/v1/__filesystem/directory_entry.h:147;/Library/Developer/CommandLineTools/SDKs/MacOSX26.5.sdk/usr/include/c++/v1/__filesystem/operations.h:163;/Library/Developer/CommandLineTools/SDKs/MacOSX26.5.sdk/usr/include/c++/v1/__filesystem/operations.h:164	db/version_edit.h:24
cpp0256	pick-hit	call	CompactMemTable	db/db_impl.cc:712:4	picker	5.1	CompactMemTable: by name, 2 declarations	db/db_impl.cc:549;db/recovery_test.cc:139	db/db_impl.cc:549;db/db_impl.h:124
cpp0257	none	call	ASSERT_NE	util/crc32c_test.cc:41:20	stay	90.3	no definition for ASSERT_NE		util/crc32c.h:12
cpp0258	pick-hit	type	FLAGS_compression	benchmarks/db_bench_tree_db.cc:512:6	picker	4.8	FLAGS_compression: by name, 2 declarations	benchmarks/db_bench_tree_db.cc:70;benchmarks/db_bench.cc:124	benchmarks/db_bench_tree_db.cc:70
cpp0259	pick-hit	member	key	table/merger.cc:112:21	picker	5.5	key: by name, 13 declarations	table/merger.cc:110;db/db_iter.cc:64;db/memtable.cc:61;db/skiplist.h:199;db/version_set.cc:189;table/block.cc:129	table/iterator_wrapper.h:38
cpp0260	pick-hit	type	SequentialFile	util/env_test.cc:52:2	picker	4.3	SequentialFile: by name, 3 declarations	db/log_reader.h:16;include/leveldb/env.h:47;include/leveldb/env.h:222	include/leveldb/env.h:222;include/leveldb/env.h:47
cpp0261	pick-miss	member	c_str	benchmarks/db_bench.cc:1021:63	picker	154.4	c_str: by name, 11 declarations	/Library/Developer/CommandLineTools/SDKs/MacOSX26.5.sdk/usr/include/c++/v1/__filesystem/path.h:672;/opt/homebrew/Cellar/simdjson/4.6.8/include/simdjson.h:40724;/opt/homebrew/Cellar/simdjson/4.6.8/include/simdjson.h:42819;/opt/homebrew/Cellar/simdjson/4.6.8/include/simdjson.h:45401;/opt/homebrew/Cellar/simdjson/4.6.8/include/simdjson.h:47983;/opt/homebrew/Cellar/simdjson/4.6.8/include/simdjson.h:50680	/Library/Developer/CommandLineTools/SDKs/MacOSX26.5.sdk/usr/include/c++/v1/string:1768
cpp0262	ok	call	ASSERT_LEVELDB_OK	util/env_posix_test.cc:212:2	jump	4.6	ASSERT_LEVELDB_OK: by name, 1 match	util/testutil.h:24	util/testutil.h:24
cpp0263	ok	path	fflush	db/db_test.cc:1555:9	jump	98.0	fflush: by name, 1 match	/Library/Developer/CommandLineTools/SDKs/MacOSX26.5.sdk/usr/include/_stdio.h:236	/Library/Developer/CommandLineTools/SDKs/MacOSX26.5.sdk/usr/include/c++/v1/cstdio:124;/Library/Developer/CommandLineTools/SDKs/MacOSX26.5.sdk/usr/include/_stdio.h:236
cpp0264	pick-hit	path	atomic	util/arena.h:52:7	picker	97.8	atomic: by name, 10 declarations	/Library/Developer/CommandLineTools/SDKs/MacOSX26.5.sdk/usr/include/c++/v1/__atomic/atomic.h:241;/Library/Developer/CommandLineTools/SDKs/MacOSX26.5.sdk/usr/include/c++/v1/__atomic/atomic.h:250;/Library/Developer/CommandLineTools/SDKs/MacOSX26.5.sdk/usr/include/c++/v1/__atomic/atomic.h:268;/Library/Developer/CommandLineTools/SDKs/MacOSX26.5.sdk/usr/include/c++/v1/__atomic/atomic.h:275;/Library/Developer/CommandLineTools/SDKs/MacOSX26.5.sdk/usr/include/c++/v1/__atomic/atomic.h:333;/Library/Developer/CommandLineTools/SDKs/MacOSX26.5.sdk/usr/include/c++/v1/__atomic/atomic.h:406	/Library/Developer/CommandLineTools/SDKs/MacOSX26.5.sdk/usr/include/c++/v1/__atomic/atomic.h:241
cpp0265	pick-hit	type	Table	db/version_set.cc:1136:8	picker	4.9	Table: by name, 4 declarations	db/memtable.h:75;include/leveldb/table.h:26;include/leveldb/table.h:67;table/table.cc:20	include/leveldb/table.h:26
cpp0266	on-decl	type	BackgroundWorkItem	util/env_windows.cc:697:13	picker	4.8	BackgroundWorkItem: by name, 2 declarations	util/env_windows.cc:685;util/env_posix.cc:760	util/env_windows.cc:697
cpp0267	none	name	test_map	issues/issue320_test.cc:86:53	stay	88.6	no definition for test_map		include/leveldb/slice.h:25
cpp0268	ok	name	stderr	benchmarks/db_bench_sqlite3.cc:87:17	jump	92.5	stderr: by name, 1 match	/Library/Developer/CommandLineTools/SDKs/MacOSX26.5.sdk/usr/include/_stdio.h:219	/Library/Developer/CommandLineTools/SDKs/MacOSX26.5.sdk/usr/include/_stdio.h:219
cpp0269	none	name	kFileDataLen	helpers/memenv/memenv_test.cc:210:39	stay	90.1	no definition for kFileDataLen		helpers/memenv/memenv_test.cc:195
cpp0270	none	name	rnd	util/arena_test.cc:34:8	stay	89.3	no definition for rnd		util/arena.h:14
cpp0271	oracle-none/stay	member	data_sync_error_	db/db_test.cc:1825:8	stay	88.5	no definition for data_sync_error_		
cpp0272	pick-hit	type	Status	db/db_test.cc:1772:2	picker	5.1	Status: by name, 3 declarations	include/leveldb/status.h:24;include/leveldb/status.h:103;util/status.cc:21	include/leveldb/status.h:24
cpp0273	pick-hit	type	TwoLevelIterator	table/two_level_iterator.cc:80:0	picker	4.1	TwoLevelIterator: by name, 2 declarations	table/two_level_iterator.cc:18;table/two_level_iterator.cc:71	table/two_level_iterator.cc:18
cpp0274	pick-hit	type	TableBuilder	table/table_builder.cc:213:7	picker	4.3	TableBuilder: by name, 4 declarations	table/table_builder.cc:21;table/table_builder.cc:65;db/version_set.h:36;include/leveldb/table_builder.h:28	include/leveldb/table_builder.h:28
cpp0275	pick-hit	call	leveldb_approximate_sizes	db/c.cc:248:5	picker	4.1	leveldb_approximate_sizes: at a declaration, 1 other by name	include/leveldb/c.h:113	include/leveldb/c.h:113
cpp0276	pick-hit	type	Status	include/leveldb/env.h:348:2	picker	4.1	Status: by name, 3 declarations	include/leveldb/status.h:24;include/leveldb/status.h:103;util/status.cc:21	include/leveldb/status.h:24
cpp0277	pick-miss	member	size	db/version_set.cc:1088:33	picker	4.3	size: by name, 3 declarations	include/leveldb/slice.h:49;table/block.h:28;table/format.h:35	/Library/Developer/CommandLineTools/SDKs/MacOSX26.5.sdk/usr/include/c++/v1/__vector/vector.h:387
cpp0278	pick-hit	type	Writer	db/db_impl.cc:1299:13	picker	4.4	Writer: by name, 5 declarations	db/db_impl.h:77;db/log_writer.cc:23;db/log_writer.cc:27;db/log_writer.h:20;db/version_set.h:30	db/db_impl.cc:43;db/db_impl.h:77
cpp0279	pick-hit	call	sqlite3_prepare_v2	benchmarks/db_bench_sqlite3.cc:521:13	picker	90.0	sqlite3_prepare_v2: by name, 3 declarations	/Library/Developer/CommandLineTools/SDKs/MacOSX26.5.sdk/usr/include/sqlite3.h:4540;/Library/Developer/CommandLineTools/SDKs/MacOSX26.5.sdk/usr/include/sqlite3ext.h:480;/Library/Developer/CommandLineTools/SDKs/MacOSX26.5.sdk/usr/include/sqlite3ext.h:527	/Library/Developer/CommandLineTools/SDKs/MacOSX26.5.sdk/usr/include/sqlite3.h:4540
cpp0280	ok	type	FILE	util/env_windows_test.cc:32:2	jump	90.0	FILE: by name, 1 match	/Library/Developer/CommandLineTools/SDKs/MacOSX26.5.sdk/usr/include/_stdio.h:162	/Library/Developer/CommandLineTools/SDKs/MacOSX26.5.sdk/usr/include/_stdio.h:162
cpp0281	on-decl	call	InternalKey	db/dbformat.h:139:2	picker	4.5	InternalKey: by name, 2 declarations	db/dbformat.h:49;db/dbformat.h:134	db/dbformat.h:139
cpp0282	oracle-none/stay	call	ASSERT_EQ	db/db_test.cc:590:4	stay	88.3	no definition for ASSERT_EQ		
cpp0283	none	member	largest	db/db_impl.cc:817:8	stay	88.8	no definition for largest		db/db_impl.cc:59
cpp0284	pick-hit	member	Clear	issues/issue178_test.cc:56:8	picker	4.8	Clear: by name, 4 declarations	db/dbformat.h:161;db/version_edit.cc:26;db/write_batch.cc:35;util/histogram.cc:171	db/write_batch.cc:35;include/leveldb/write_batch.h:57
cpp0285	pick-hit	type	FileState	helpers/memenv/memenv.cc:280:4	picker	4.6	FileState: by name, 2 declarations	helpers/memenv/memenv.cc:23;db/fault_injection_test.cc:85	helpers/memenv/memenv.cc:23
cpp0286	pick-hit	type	Key	db/skiplist_test.cc:38:11	picker	5.1	Key: by name, 6 declarations	db/skiplist_test.cc:21;db/autocompact_test.cc:31;db/corruption_test.cc:171;db/db_test.cc:1076;db/fault_injection_test.cc:440;util/bloom_test.cc:15	db/skiplist_test.cc:21
cpp0287	on-decl	call	FilterBlockBuilder	table/filter_block.h:34:2	picker	4.4	FilterBlockBuilder: by name, 2 declarations	table/filter_block.h:30;table/filter_block.cc:18	table/filter_block.h:34
cpp0288	on-decl	name	buffer	db/version_set.h:268:9	stay	89.5	no definition for buffer		db/version_set.h:268
cpp0289	pick-hit	type	Status	util/testutil.h:58:2	picker	4.6	Status: by name, 3 declarations	include/leveldb/status.h:24;include/leveldb/status.h:103;util/status.cc:21	include/leveldb/status.h:24
cpp0290	pick-hit	call	Clear	db/version_edit.h:34:7	picker	4.3	Clear: by name, 4 declarations	db/dbformat.h:161;db/version_edit.cc:26;db/write_batch.cc:35;util/histogram.cc:171	db/version_edit.cc:26
cpp0291	oracle-none/stay	call	ASSERT_EQ	db/db_test.cc:816:2	stay	89.3	no definition for ASSERT_EQ		
cpp0292	oracle-none/picker	call	Key	db/autocompact_test.cc:101:48	picker	5.7	Key: by name, 6 declarations	db/autocompact_test.cc:31;db/corruption_test.cc:171;db/db_test.cc:1076;db/fault_injection_test.cc:440;db/skiplist_test.cc:21;util/bloom_test.cc:15	
cpp0293	none	member	state_	db/c.cc:489:11	stay	91.2	no definition for state_		db/c.cc:132
cpp0294	pick-miss	name	value	db/db_impl.cc:1148:23	picker	5.8	value: by name, 10 declarations	db/db_iter.cc:68;db/memtable.cc:62;db/version_set.cc:193;table/block.cc:133;table/iterator.cc:58;table/iterator_wrapper.h:42	db/db_impl.cc:1122
cpp0295	pick-miss	member	NewIterator	benchmarks/db_bench.cc:869:26	picker	5.3	NewIterator: by name, 10 declarations	db/db_impl.cc:1168;db/memtable.cc:74;db/table_cache.cc:78;table/block.cc:280;table/table.cc:208;db/db_test.cc:2128	include/leveldb/db.h:96
cpp0296	oracle-none/jump	call	Overlaps	db/version_set_test.cc:146:14	jump	4.1	Overlaps → FindFileTest::Overlaps (by name, 1 match)	db/version_set_test.cc:39	
cpp0297	oracle-none/stay	path	MaxCompressedLength	port/port_stdcxx.h:93:25	stay	91.3	no definition for MaxCompressedLength		
cpp0298	pick-miss	member	Prev	db/db_test.cc:936:8	picker	6.0	Prev: by name, 11 declarations	db/db_test.cc:2193;db/db_iter.cc:209;db/memtable.cc:60;db/skiplist.h:211;db/version_set.cc:181;table/block.cc:143	include/leveldb/iterator.h:58
cpp0299	pick-hit	member	ToString	table/table_test.cc:694:56	picker	4.7	ToString: by name, 5 declarations	table/table_test.cc:552;table/table_test.cc:569;include/leveldb/slice.h:78;util/histogram.cc:241;util/status.cc:38	include/leveldb/slice.h:78
