python0000	ok	call	is_born_digital_text	src/paperless/parsers/tesseract.py:516:32	jump	8.2	is_born_digital_text: via import src/paperless/parsers/utils.py	src/paperless/parsers/utils.py:133	src/paperless/parsers/utils.py:133
python0001	ok	type	CustomFieldInstance	src/documents/filters.py:672:26	jump	5.1	CustomFieldInstance: via import src/documents/models.py	src/documents/models.py:1207	src/documents/models.py:1207
python0002	pick-hit	call	_choice	src/paperless_ai/base_model.py:260:23	picker	66.2	_choice: by name, 2 declarations	src/paperless_ai/base_model.py:222;src/paperless_ai/ai_classifier.py:258	src/paperless_ai/base_model.py:222
python0003	ok	call	check_v3_minimum_upgrade_version	src/paperless/tests/test_checks.py:545:17	jump	4.1	check_v3_minimum_upgrade_version: via import src/paperless/checks.py	src/paperless/checks.py:201	src/paperless/checks.py:201
python0004	ok	call	get_embedding_model	src/paperless_ai/tests/test_embedding.py:198:16	jump	2.1	get_embedding_model: via import src/paperless_ai/embedding.py	src/paperless_ai/embedding.py:23	src/paperless_ai/embedding.py:23
python0005	ok	member	make_action	src/documents/tests/test_workflows.py:5915:22	jump	14.5	make_action → TestApplyAISuggestionsWorkflowAction.make_action (via self: TestApplyAISuggestionsWorkflowAction)	src/documents/tests/test_workflows.py:5703	src/documents/tests/test_workflows.py:5703
python0006	ok	name	_widen_leaf	src/documents/search/_query.py:584:30	jump	14.2	_widen_leaf: by name, 1 match	src/documents/search/_query.py:393	src/documents/search/_query.py:393
python0007	ok	type	PaperlessTask	src/documents/tests/test_task_signals.py:381:19	jump	13.1	PaperlessTask: via import src/documents/models.py	src/documents/models.py:767	src/documents/models.py:767
python0008	ok	call	Fernet	src/documents/management/commands/mixins.py:126:22	jump	903.6	Fernet: via import cryptography.fernet	.venv/lib/python3.11/site-packages/cryptography/fernet.py:32	.venv/lib/python3.11/site-packages/cryptography/fernet.py:32
python0009	ok	type	Final	src/paperless_ai/base_model.py:12:18	jump	103.4	Final: via import typing	~/.local/share/uv/python/cpython-3.11.16-macos-aarch64-none/lib/python3.11/typing.py:658	~/.local/share/uv/python/cpython-3.11.16-macos-aarch64-none/lib/python3.11/typing.py:658
python0010	oracle-none/picker	name	title	src/documents/tests/test_workflows.py:3068:12	picker	3524.2	title: by name, 23 declarations	~/.local/share/uv/python/cpython-3.11.16-macos-aarch64-none/lib/python3.11/collections/__init__.py:1566;~/.local/share/uv/python/cpython-3.11.16-macos-aarch64-none/lib/python3.11/site-packages/pip/_vendor/rich/control.py:163;~/.local/share/uv/python/cpython-3.11.16-macos-aarch64-none/lib/python3.11/turtle.py:3751;.venv/lib/python3.11/site-packages/django/template/defaultfilters.py:297;.venv/lib/python3.11/site-packages/markupsafe/__init__.py:248;.venv/lib/python3.11/site-packages/numpy/_core/defchararray.py:1137	
python0011	ok	call	Path	src/documents/tests/test_file_handling.py:1865:16	jump	91.1	Path: via import pathlib	~/.local/share/uv/python/cpython-3.11.16-macos-aarch64-none/lib/python3.11/pathlib.py:857	~/.local/share/uv/python/cpython-3.11.16-macos-aarch64-none/lib/python3.11/pathlib.py:857
python0012	ok	member	HTTP_200_OK	src/documents/tests/test_api_app_config.py:667:54	jump	43.3	HTTP_200_OK: via import rest_framework.status	.venv/lib/python3.11/site-packages/rest_framework/status.py:34	.venv/lib/python3.11/site-packages/rest_framework/status.py:34
python0013	ok	name	username	src/paperless/tests/test_api_auth.py:33:25	jump	1.7	username → TestApiAuthViews.test_api_auth_login_respects_disable_regular_login.username (local)	src/paperless/tests/test_api_auth.py:27	src/paperless/tests/test_api_auth.py:27
python0014	ok	type	MAX_SINGLE_VALUE_NAMES	src/paperless_ai/base_model.py:96:19	jump	1.1	MAX_SINGLE_VALUE_NAMES: local	src/paperless_ai/base_model.py:14	src/paperless_ai/base_model.py:14
python0015	oracle-none/picker	member	data	src/documents/tests/test_api_profile.py:219:39	picker	867.4	data: by name, 73 declarations	src/documents/plugins/helpers.py:45;src/documents/plugins/helpers.py:54;src/documents/plugins/helpers.py:67;~/.local/share/uv/python/cpython-3.11.16-macos-aarch64-none/lib/python3.11/site-packages/pip/_vendor/urllib3/contrib/emscripten/response.py:203;~/.local/share/uv/python/cpython-3.11.16-macos-aarch64-none/lib/python3.11/site-packages/pip/_vendor/urllib3/http2/connection.py:349;~/.local/share/uv/python/cpython-3.11.16-macos-aarch64-none/lib/python3.11/site-packages/pip/_vendor/urllib3/response.py:508	
python0016	none	member	_errors	src/documents/tests/search/test_query.py:15:22	stay	702.1	no definition for _errors (chain broke at documents)		src/documents/search/_errors.py:1
python0017	ok	member	MailAction	src/paperless_mail/tests/factories.py:40:22	jump	2.2	MailAction → MailRule.MailAction (via import src/paperless_mail/models.py)	src/paperless_mail/models.py:125	src/paperless_mail/models.py:125
python0018	ok	call	When	src/documents/views.py:3609:21	jump	96.7	When: via import django.db.models	.venv/lib/python3.11/site-packages/django/db/models/expressions.py:1574	.venv/lib/python3.11/site-packages/django/db/models/expressions.py:1574
python0019	pick-hit	type	Sequence	src/paperless_ai/vector_store.py:89:21	picker	846.9	Sequence: by name, 15 declarations	~/.local/share/uv/python/cpython-3.11.16-macos-aarch64-none/lib/python3.11/_collections_abc.py:973;~/.local/share/uv/python/cpython-3.11.16-macos-aarch64-none/lib/python3.11/typing.py:2754;.venv/lib/python3.11/site-packages/factory/declarations.py:276;.venv/lib/python3.11/site-packages/pyasn1/type/univ.py:2784;.venv/lib/python3.11/site-packages/regex/_regex_core.py:3501;.venv/lib/python3.11/site-packages/sqlalchemy/sql/schema.py:3698	~/.local/share/uv/python/cpython-3.11.16-macos-aarch64-none/lib/python3.11/typing.py:2754
python0020	pick-miss	member	metadata	src/paperless_ai/tests/test_ai_indexing.py:47:20	picker	754.7	metadata: by name, 44 declarations	src/documents/plugins/base.py:64;src/documents/views.py:1480;~/.local/share/uv/python/cpython-3.11.16-macos-aarch64-none/lib/python3.11/importlib/metadata/__init__.py:603;~/.local/share/uv/python/cpython-3.11.16-macos-aarch64-none/lib/python3.11/site-packages/pip/_internal/metadata/base.py:388;~/.local/share/uv/python/cpython-3.11.16-macos-aarch64-none/lib/python3.11/site-packages/pip/_internal/req/req_install.py:550;~/.local/share/uv/python/cpython-3.11.16-macos-aarch64-none/lib/python3.11/site-packages/setuptools/_vendor/importlib_metadata/__init__.py:515	.venv/lib/python3.11/site-packages/llama_index/core/schema.py:289
python0021	WRONG	member	factories	src/documents/tests/search/test_highlight_query_guard.py:32:23	jump	761.6	factories → Faker.factories (by name, 1 match)	.venv/lib/python3.11/site-packages/faker/proxy.py:294	src/paperless_testing/factories.py:1
python0022	none	member	utils	src/paperless_ai/indexing.py:18:15	stay	673.7	no definition for utils		src/documents/utils.py:1
python0023	pick-hit	name	ids	src/documents/tests/search/test_backend.py:1087:19	picker	2.1	ids: local, 2 declarations	src/documents/tests/search/test_backend.py:1086;src/documents/tests/search/test_backend.py:1091	src/documents/tests/search/test_backend.py:1086;src/documents/tests/search/test_backend.py:1091
python0024	oracle-none/picker	name	created	src/documents/tests/test_document_model.py:151:12	picker	639.9	created: by name, 8 declarations	.venv/lib/python3.11/site-packages/auditlog/mixins.py:31;.venv/lib/python3.11/site-packages/fontTools/misc/filesystem/_info.py:62;.venv/lib/python3.11/site-packages/fsspec/implementations/dirfs.py:355;.venv/lib/python3.11/site-packages/fsspec/implementations/local.py:227;.venv/lib/python3.11/site-packages/fsspec/implementations/memory.py:248;.venv/lib/python3.11/site-packages/fsspec/implementations/smb.py:267	
python0025	oracle-none/stay	member	objects	src-ui/e2e/backend.py:85:16	stay	129.0	no definition for objects		
python0026	ok	type	MailAccount	src/paperless_mail/tests/test_api.py:103:28	jump	4.6	MailAccount: via import src/paperless_mail/models.py	src/paperless_mail/models.py:8	src/paperless_mail/models.py:8
python0027	ok	call	disable_signal	src/documents/management/commands/document_importer.py:498:12	jump	13.1	disable_signal: by name, 1 match	src/documents/management/commands/document_importer.py:176	src/documents/management/commands/document_importer.py:176
python0028	none	member	management	src/documents/tests/test_management_consumer.py:26:17	stay	754.9	no definition for management (chain broke at django)		.venv/lib/python3.11/site-packages/django/core/management/__init__.py:1
python0029	oracle-none/stay	type	SettingsWrapper	src/documents/tests/search/test_fuzzy_widening.py:342:18	stay	919.9	no definition for SettingsWrapper		
python0030	ok	call	field_descriptors	src/documents/tests/search/test_schema_fingerprint.py:327:21	jump	3.3	field_descriptors: via import src/documents/search/_schema.py	src/documents/search/_schema.py:107	src/documents/search/_schema.py:107
python0031	none	name	serializers	src/documents/views.py:834:40	stay	962.1	no definition for serializers		.venv/lib/python3.11/site-packages/rest_framework/serializers.py:1
python0032	oracle-none/jump	member	refresh_from_db	src/documents/tests/search/test_migration_fulltext_query_field_prefixes.py:117:27	jump	1013.6	refresh_from_db → Model.refresh_from_db (by name, 1 match, chain broke at rule_no_match)	.venv/lib/python3.11/site-packages/django/db/models/base.py:684	
python0033	none	member	objects	src/documents/tests/test_consumer.py:473:32	stay	151.8	no definition for objects		.venv/lib/python3.11/site-packages/django_softdelete/models.py:49
python0034	oracle-none/picker	member	data	src/paperless_mail/tests/test_api.py:132:52	picker	956.8	data: by name, 73 declarations	src/documents/plugins/helpers.py:45;src/documents/plugins/helpers.py:54;src/documents/plugins/helpers.py:67;~/.local/share/uv/python/cpython-3.11.16-macos-aarch64-none/lib/python3.11/site-packages/pip/_vendor/urllib3/contrib/emscripten/response.py:203;~/.local/share/uv/python/cpython-3.11.16-macos-aarch64-none/lib/python3.11/site-packages/pip/_vendor/urllib3/http2/connection.py:349;~/.local/share/uv/python/cpython-3.11.16-macos-aarch64-none/lib/python3.11/site-packages/pip/_vendor/urllib3/response.py:508	
python0035	pick-hit	name	html_clean_file	src/paperless/parsers/mail.py:811:12	picker	1.9	html_clean_file: local, 2 declarations	src/paperless/parsers/mail.py:778;src/paperless/parsers/mail.py:810	src/paperless/parsers/mail.py:778;src/paperless/parsers/mail.py:810
python0036	ok	call	PurePosixPath	src/documents/export/sinks.py:279:20	jump	95.6	PurePosixPath: via import pathlib	~/.local/share/uv/python/cpython-3.11.16-macos-aarch64-none/lib/python3.11/pathlib.py:834	~/.local/share/uv/python/cpython-3.11.16-macos-aarch64-none/lib/python3.11/pathlib.py:834
python0037	ok	member	batch_update	src/documents/tasks.py:333:23	jump	7.0	batch_update → TantivyBackend.batch_update (via get_backend() -> TantivyBackend)	src/documents/search/_backend.py:1055	src/documents/search/_backend.py:1055
python0038	ok	member	uuid4	src/documents/tests/test_api_documents.py:2471:24	jump	75.4	uuid4: via import uuid	~/.local/share/uv/python/cpython-3.11.16-macos-aarch64-none/lib/python3.11/uuid.py:721	~/.local/share/uv/python/cpython-3.11.16-macos-aarch64-none/lib/python3.11/uuid.py:721
python0039	ok	call	_nin_filter	src/paperless_ai/tests/test_vector_store.py:333:37	jump	17.1	_nin_filter: by name, 1 match	src/paperless_ai/tests/test_vector_store.py:101	src/paperless_ai/tests/test_vector_store.py:101
python0040	ok	call	copy_file_with_basic_stats	src/paperless/parsers/tesseract.py:456:12	jump	3.9	copy_file_with_basic_stats: via import src/documents/utils.py	src/documents/utils.py:95	src/documents/utils.py:95
python0041	ok	type	NoCleanupPluginMixin	src/documents/consumer.py:68:4	jump	11.1	NoCleanupPluginMixin: via import src/documents/plugins/base.py	src/documents/plugins/base.py:125	src/documents/plugins/base.py:125
python0042	ok	type	ShareLinkBundle	src/documents/management/commands/document_exporter.py:360:34	jump	4.2	ShareLinkBundle: via import src/documents/models.py	src/documents/models.py:1032	src/documents/models.py:1032
python0043	none	member	stdout	src/documents/management/commands/convert_mariadb_uuid.py:29:17	stay	47.3	no definition for stdout		.venv/lib/python3.11/site-packages/django/core/management/base.py:279;.venv/lib/python3.11/site-packages/django/core/management/base.py:455
python0044	pick-hit	member	info	src/paperless/parsers/registry.py:287:19	picker	984.7	info: by name, 115 declarations	src/documents/sanity_checker.py:96;~/.local/share/uv/python/cpython-3.11.16-macos-aarch64-none/lib/python3.11/dis.py:737;~/.local/share/uv/python/cpython-3.11.16-macos-aarch64-none/lib/python3.11/distutils/log.py:45;~/.local/share/uv/python/cpython-3.11.16-macos-aarch64-none/lib/python3.11/gettext.py:309;~/.local/share/uv/python/cpython-3.11.16-macos-aarch64-none/lib/python3.11/http/client.py:798;~/.local/share/uv/python/cpython-3.11.16-macos-aarch64-none/lib/python3.11/logging/__init__.py:1479	~/.local/share/uv/python/cpython-3.11.16-macos-aarch64-none/lib/python3.11/logging/__init__.py:1479
python0045	oracle-none/jump	member	SCRATCH_DIR	src/documents/double_sided.py:74:33	jump	953.6	SCRATCH_DIR: by name, 1 match	src/paperless/settings/__init__.py:126	
python0046	ok	member	_ids	src/documents/tests/search/test_checksum_prefix_queries.py:82:24	jump	2.2	_ids → TestChecksumPrefixQueries._ids (via self: TestChecksumPrefixQueries)	src/documents/tests/search/test_checksum_prefix_queries.py:40	src/documents/tests/search/test_checksum_prefix_queries.py:40
python0047	ok	member	OLLAMA	src/paperless_ai/tests/test_embedding.py:173:76	jump	7.0	OLLAMA → LLMEmbeddingBackend.OLLAMA (via LLMEmbeddingBackend)	src/paperless/models.py:97	src/paperless/models.py:97
python0048	ok	call	_widen	src/documents/tests/search/test_widen_leaf.py:62:15	jump	18.7	_widen: by name, 1 match	src/documents/tests/search/test_widen_leaf.py:21	src/documents/tests/search/test_widen_leaf.py:21
python0049	ok	type	CustomField	src/documents/tests/test_api_custom_fields.py:437:32	jump	4.8	CustomField: via import src/documents/models.py	src/documents/models.py:1150	src/documents/models.py:1150
python0050	ok	call	_build_where	src/paperless_ai/tests/test_vector_store.py:333:24	jump	4.4	_build_where: via import src/paperless_ai/vector_store.py	src/paperless_ai/vector_store.py:109	src/paperless_ai/vector_store.py:109
python0051	oracle-none/picker	type	CONSUMER_IGNORE_PATTERNS	src/documents/tests/test_management_consumer.py:805:16	picker	24.0	CONSUMER_IGNORE_PATTERNS: by name, 1 match	src/paperless/settings/__init__.py:829	
python0052	ok	name	logger	src/documents/tasks.py:739:8	jump	1.9	logger: local	src/documents/tasks.py:81	src/documents/tasks.py:81
python0053	ok	call	ConsumeFileStoppedResult	src/documents/tests/test_task_signals.py:303:19	jump	3.2	ConsumeFileStoppedResult: via import src/documents/data_models.py	src/documents/data_models.py:206	src/documents/data_models.py:206
python0054	pick-miss	member	client	src/documents/tests/test_api_documents.py:952:24	picker	157.6	client: by name, 2 declarations	src/paperless_ai/vector_store.py:245;src/paperless_mail/tests/helpers.py:75	.venv/lib/python3.11/site-packages/django/test/testcases.py:393
python0055	ok	call	RegexDateParserPlugin	src/documents/tests/date_parsing/test_date_parsing.py:260:17	jump	3.2	RegexDateParserPlugin: via import src/documents/plugins/date_parsing/regex_parser.py	src/documents/plugins/date_parsing/regex_parser.py:11	src/documents/plugins/date_parsing/regex_parser.py:11
python0056	ok	member	MockerFixture	src/documents/tests/export/test_sinks.py:321:28	jump	40.1	MockerFixture: via import pytest_mock	.venv/lib/python3.11/site-packages/pytest_mock/plugin.py:80	.venv/lib/python3.11/site-packages/pytest_mock/plugin.py:80
python0057	oracle-none/picker	member	filter	src/paperless/consumers.py:41:33	picker	711.9	filter: by name, 138 declarations (chain broke at user)	src/documents/filters.py:142;src/documents/filters.py:165;src/documents/filters.py:179;src/documents/filters.py:194;src/documents/filters.py:205;src/documents/filters.py:250	
python0058	pick-hit	member	assert_not_called	src/documents/tests/management/test_management_base_cmd.py:511:21	picker	625.1	assert_not_called: by name, 2 declarations	~/.local/share/uv/python/cpython-3.11.16-macos-aarch64-none/lib/python3.11/unittest/mock.py:215;~/.local/share/uv/python/cpython-3.11.16-macos-aarch64-none/lib/python3.11/unittest/mock.py:892	~/.local/share/uv/python/cpython-3.11.16-macos-aarch64-none/lib/python3.11/unittest/mock.py:892
python0059	ok	type	Path	src/documents/tests/export/test_sinks.py:208:16	jump	78.2	Path: via import pathlib	~/.local/share/uv/python/cpython-3.11.16-macos-aarch64-none/lib/python3.11/pathlib.py:857	~/.local/share/uv/python/cpython-3.11.16-macos-aarch64-none/lib/python3.11/pathlib.py:857
python0060	ok	call	override_settings	src/paperless_mail/tests/test_preprocessor.py:128:13	jump	80.3	override_settings: via import django.test	.venv/lib/python3.11/site-packages/django/test/utils.py:468	.venv/lib/python3.11/site-packages/django/test/utils.py:468
python0061	oracle-none/picker	member	triggers	src/documents/tests/test_workflows.py:1042:10	picker	656.2	triggers: by name, 2 declarations	src/documents/models.py:1996;src/documents/serialisers.py:3382	
python0062	oracle-none/picker	member	status_code	src/documents/tests/test_api_bulk_edit.py:1899:34	picker	649.4	status_code: by name, 15 declarations	.venv/lib/python3.11/site-packages/azure/core/exceptions.py:118;.venv/lib/python3.11/site-packages/azure/core/rest/_http_response_impl.py:246;.venv/lib/python3.11/site-packages/azure/core/rest/_rest_py3.py:202;.venv/lib/python3.11/site-packages/fsspec/implementations/http_sync.py:74;.venv/lib/python3.11/site-packages/gotenberg_client/_http_backends/_httpx.py:22;.venv/lib/python3.11/site-packages/gotenberg_client/_http_backends/_niquests.py:26	
python0063	none	member	assertEqual	src/documents/tests/test_api_app_config.py:1219:13	stay	62.8	no definition for assertEqual		~/.local/share/uv/python/cpython-3.11.16-macos-aarch64-none/lib/python3.11/unittest/case.py:868
python0064	oracle-none/picker	member	create	src/paperless_ai/tests/test_ai_indexing.py:366:36	picker	21.8	create: by name, 16 declarations	src/documents/serialisers.py:486;src/documents/serialisers.py:879;src/documents/serialisers.py:1585;src/documents/serialisers.py:2611;src/documents/serialisers.py:2869;src/documents/serialisers.py:2945	
python0065	ok	type	ModeChoices	src/paperless/parsers/tesseract.py:534:33	jump	3.7	ModeChoices: via import src/paperless/models.py	src/paperless/models.py:33	src/paperless/models.py:33
python0066	ok	type	TestCase	src/documents/tests/test_consumer.py:1462:62	jump	80.3	TestCase: via import django.test	.venv/lib/python3.11/site-packages/django/test/testcases.py:1366	.venv/lib/python3.11/site-packages/django/test/testcases.py:1366
python0067	ok	type	CustomField	src/documents/tests/test_bulk_edit.py:275:22	jump	5.2	CustomField: via import src/documents/models.py	src/documents/models.py:1150	src/documents/models.py:1150
python0068	ok	member	captured_queries	src/paperless_ai/tests/test_ai_indexing.py:382:19	jump	640.0	captured_queries → CaptureQueriesContext.captured_queries (by name, 1 match)	.venv/lib/python3.11/site-packages/django/test/utils.py:721	.venv/lib/python3.11/site-packages/django/test/utils.py:721
python0069	ok	call	check_sanity	src/documents/tests/test_sanity_check.py:259:19	jump	2.9	check_sanity: via import src/documents/sanity_checker.py	src/documents/sanity_checker.py:305	src/documents/sanity_checker.py:305
python0070	ok	call	OuterRef	src/documents/filters.py:1120:40	jump	84.8	OuterRef: via import django.db.models	.venv/lib/python3.11/site-packages/django/db/models/expressions.py:977	.venv/lib/python3.11/site-packages/django/db/models/expressions.py:977
python0071	oracle-none/picker	member	create	src/documents/tests/test_api_documents.py:3962:26	picker	27.1	create: by name, 16 declarations	src/documents/serialisers.py:486;src/documents/serialisers.py:879;src/documents/serialisers.py:1585;src/documents/serialisers.py:2611;src/documents/serialisers.py:2869;src/documents/serialisers.py:2945	
python0072	pick-miss	member	text	src/documents/templating/workflows.py:6:18	picker	793.6	text: by name, 58 declarations (chain broke at django)	src/documents/parsers.py:224;src/paperless/parsers/tesseract.py:119;~/.local/share/uv/python/cpython-3.11.16-macos-aarch64-none/lib/python3.11/site-packages/pip/_vendor/requests/models.py:1050;.venv/lib/python3.11/site-packages/PIL/ImageDraw.py:530;.venv/lib/python3.11/site-packages/PIL/ImageDraw2.py:209;.venv/lib/python3.11/site-packages/PIL/PSDraw.py:98	.venv/lib/python3.11/site-packages/django/utils/text.py:1
python0073	on-decl	name	backend	src/documents/tests/test_api_search.py:357:8	jump	16.3	backend: by name, 1 match	src/documents/tests/search/conftest.py:25	src/documents/tests/test_api_search.py:357
python0074	none	name	search_mode	src/documents/tests/search/test_backend.py:340:57	stay	653.7	no definition for search_mode		src/documents/search/_backend.py:882
python0075	pick-hit	member	dumps	src/documents/tests/test_api_custom_fields.py:129:17	picker	40.0	dumps: via import json, 5 declarations	~/.local/share/uv/python/cpython-3.11.16-macos-aarch64-none/lib/python3.11/json/__init__.py:183;.venv/lib/python3.11/site-packages/django_extensions/db/fields/json.py:21;.venv/lib/python3.11/site-packages/django_extensions/mongodb/fields/json.py:32;.venv/lib/python3.11/site-packages/kombu/utils/json.py:54;.venv/lib/python3.11/site-packages/rest_framework/utils/json.py:23	~/.local/share/uv/python/cpython-3.11.16-macos-aarch64-none/lib/python3.11/json/__init__.py:183
python0076	none	member	assertTrue	src/documents/tests/test_share_link_bundles.py:618:13	stay	54.1	no definition for assertTrue		~/.local/share/uv/python/cpython-3.11.16-macos-aarch64-none/lib/python3.11/unittest/case.py:711
python0077	ok	call	ParseError	src/paperless/parsers/tesseract.py:301:18	jump	3.5	ParseError: via import src/documents/parsers.py	src/documents/parsers.py:201	src/documents/parsers.py:201
python0078	ok	call	close_old_connections	src/documents/signals/handlers.py:1387:8	jump	85.6	close_old_connections: via import django.db	.venv/lib/python3.11/site-packages/django/db/__init__.py:57	.venv/lib/python3.11/site-packages/django/db/__init__.py:57
python0079	ok	call	notify	src/documents/classifier.py:493:12	jump	1.8	notify → DocumentClassifier.train.notify (local)	src/documents/classifier.py:335	src/documents/classifier.py:335
python0080	ok	member	LogCaptureFixture	src/documents/tests/date_parsing/test_date_parser_plugin_loading.py:149:23	jump	662.3	LogCaptureFixture: by name, 1 match	.venv/lib/python3.11/site-packages/_pytest/logging.py:419	.venv/lib/python3.11/site-packages/_pytest/logging.py:419
python0081	pick-miss	member	objects	src/documents/tests/test_api_objects.py:797:26	picker	717.2	objects: by name, 2 declarations	.venv/lib/python3.11/site-packages/nltk/misc/chomsky.py:96;.venv/lib/python3.11/site-packages/twisted/test/test_sob.py:19	.venv/lib/python3.11/site-packages/django/contrib/auth/models.py:486
python0082	oracle-none/picker	member	save	src/documents/tests/test_file_handling.py:2062:17	picker	692.1	save: by name, 157 declarations (chain broke at doc)	src/documents/classifier.py:311;src/paperless/models.py:13;~/.local/share/uv/python/cpython-3.11.16-macos-aarch64-none/lib/python3.11/http/cookiejar.py:1791;~/.local/share/uv/python/cpython-3.11.16-macos-aarch64-none/lib/python3.11/http/cookiejar.py:1888;~/.local/share/uv/python/cpython-3.11.16-macos-aarch64-none/lib/python3.11/http/cookiejar.py:2087;~/.local/share/uv/python/cpython-3.11.16-macos-aarch64-none/lib/python3.11/idlelib/iomenu.py:205	
python0083	ok	call	call_command	src-ui/e2e/backend.py:198:4	jump	83.5	call_command: via import django.core.management	.venv/lib/python3.11/site-packages/django/core/management/__init__.py:83	.venv/lib/python3.11/site-packages/django/core/management/__init__.py:83
python0084	pick-hit	member	stat	src/documents/tests/test_tasks.py:77:46	picker	666.2	stat: by name, 17 declarations	~/.local/share/uv/python/cpython-3.11.16-macos-aarch64-none/lib/python3.11/nntplib.py:734;~/.local/share/uv/python/cpython-3.11.16-macos-aarch64-none/lib/python3.11/pathlib.py:1008;~/.local/share/uv/python/cpython-3.11.16-macos-aarch64-none/lib/python3.11/poplib.py:221;.venv/lib/python3.11/site-packages/_pytest/_py/path.py:962;.venv/lib/python3.11/site-packages/_pytest/_py/path.py:965;.venv/lib/python3.11/site-packages/_pytest/_py/path.py:967	~/.local/share/uv/python/cpython-3.11.16-macos-aarch64-none/lib/python3.11/pathlib.py:1008
python0085	ok	name	response	src/documents/tests/test_api_documents.py:3329:25	jump	4.8	response → TestDocumentApi.test_get_invalid_log.response (local)	src/documents/tests/test_api_documents.py:3328	src/documents/tests/test_api_documents.py:3328
python0086	ok	type	Tag	src/documents/tests/test_tag_hierarchy.py:136:17	jump	3.7	Tag: via import src/documents/models.py	src/documents/models.py:103	src/documents/models.py:103
python0087	ok	member	ImapSecurity	src/documents/tests/test_api_search.py:2038:38	jump	3.4	ImapSecurity → MailAccount.ImapSecurity (via import src/paperless_mail/models.py)	src/paperless_mail/models.py:13	src/paperless_mail/models.py:13
python0088	oracle-none/jump	member	LLM_EMBEDDING_CHUNK_SIZE	src/paperless/config.py:282:60	jump	701.6	LLM_EMBEDDING_CHUNK_SIZE: by name, 1 match	src/paperless/settings/__init__.py:1241	
python0089	on-decl	name	result_owner	src/documents/tests/test_permission_filtering_security.py:232:8	stay	691.3	no definition for result_owner		src/documents/tests/test_permission_filtering_security.py:232
python0090	on-decl	type	DocumentTagRelationship	src/documents/bulk_edit.py:188:4	stay	717.8	no definition for DocumentTagRelationship		src/documents/bulk_edit.py:188
python0091	ok	type	DIM	src/paperless_ai/tests/test_vector_store.py:145:39	jump	2.2	DIM: local	src/paperless_ai/tests/test_vector_store.py:29	src/paperless_ai/tests/test_vector_store.py:29
python0092	ok	name	output	src/documents/tests/management/test_management_sanity_checker.py:119:45	jump	1.3	output → TestRenderResultsSummary.test_infos_only.output (local)	src/documents/tests/management/test_management_sanity_checker.py:118	src/documents/tests/management/test_management_sanity_checker.py:118
python0093	ok	member	pdf_file	src/documents/barcodes.py:492:27	jump	11.1	pdf_file → BarcodePlugin.pdf_file (via self: BarcodePlugin)	src/documents/barcodes.py:132	src/documents/barcodes.py:132
python0094	ok	type	CustomFieldInstance	src/documents/tests/test_workflows.py:1594:8	jump	10.2	CustomFieldInstance: via import src/documents/models.py	src/documents/models.py:1207	src/documents/models.py:1207
python0095	pick-hit	member	datetime	src/paperless_mail/tests/test_mail.py:1858:29	picker	847.6	datetime: by name, 2 declarations	~/.local/share/uv/python/cpython-3.11.16-macos-aarch64-none/lib/python3.11/datetime.py:1665;.venv/lib/python3.11/site-packages/narwhals/selectors.py:280	~/.local/share/uv/python/cpython-3.11.16-macos-aarch64-none/lib/python3.11/datetime.py:1665
python0096	ok	call	document_id_filters	src/paperless_ai/chat.py:141:18	jump	2.1	document_id_filters: via import src/paperless_ai/indexing.py	src/paperless_ai/indexing.py:365	src/paperless_ai/indexing.py:365
python0097	ok	call	release_archive_serial_numbers	src/documents/bulk_edit.py:797:25	jump	13.7	release_archive_serial_numbers: by name, 1 match	src/documents/bulk_edit.py:73	src/documents/bulk_edit.py:73
python0098	oracle-none/picker	member	create	src/documents/tests/test_api_search.py:1947:25	picker	23.5	create: by name, 16 declarations	src/documents/serialisers.py:486;src/documents/serialisers.py:879;src/documents/serialisers.py:1585;src/documents/serialisers.py:2611;src/documents/serialisers.py:2869;src/documents/serialisers.py:2945	
python0099	none	member	tantivy	src/documents/search/_backend.py:330:5	stay	840.1	no definition for tantivy		.venv/lib/python3.11/site-packages/tantivy/__init__.py:1
python0100	oracle-none/picker	member	mkdir	src/documents/management/commands/document_importer.py:619:31	picker	942.0	mkdir: by name, 26 declarations	~/.local/share/uv/python/cpython-3.11.16-macos-aarch64-none/lib/python3.11/pathlib.py:1111;~/.local/share/uv/python/cpython-3.11.16-macos-aarch64-none/lib/python3.11/zipfile.py:1880;.venv/lib/python3.11/site-packages/_pytest/_py/path.py:886;.venv/lib/python3.11/site-packages/_pytest/cacheprovider.py:163;.venv/lib/python3.11/site-packages/_pytest/legacypath.py:135;.venv/lib/python3.11/site-packages/_pytest/pytester.py:923	
python0101	oracle-none/jump	member	ORIGINALS_DIR	src/documents/tests/test_file_handling.py:313:35	jump	974.2	ORIGINALS_DIR: by name, 1 match	src/paperless/settings/__init__.py:70	
python0102	ok	type	Correspondent	src/documents/tests/test_api_documents.py:1834:8	jump	11.2	Correspondent: via import src/documents/models.py	src/documents/models.py:97	src/documents/models.py:97
python0103	ok	call	consume_version	src/documents/tests/test_consumer.py:941:13	jump	19.9	consume_version → TestConsumer.test_consume_version_index_monotonic_after_version_deletion.consume_version (by name, 1 match)	src/documents/tests/test_consumer.py:899	src/documents/tests/test_consumer.py:899
python0104	ok	type	TantivyBackend	src/documents/tests/search/test_backend.py:646:17	jump	5.2	TantivyBackend: via import src/documents/search/_backend.py	src/documents/search/_backend.py:367	src/documents/search/_backend.py:367
python0105	oracle-none/jump	member	assign_view_groups	src/documents/serialisers.py:3587:36	jump	800.1	assign_view_groups → WorkflowAction.assign_view_groups (by name, 1 match)	src/documents/models.py:1786	
python0106	ok	type	Document	src/documents/tests/search/test_documented_syntax.py:118:38	jump	3.8	Document: via import src/documents/models.py	src/documents/models.py:158	src/documents/models.py:158
python0107	oracle-none/picker	member	prefetch_related	src/documents/views.py:1606:53	picker	871.8	prefetch_related: by name, 2 declarations	.venv/lib/python3.11/site-packages/django/db/models/query.py:1623;.venv/lib/python3.11/site-packages/django/db/models/query.py:2113	
python0108	ok	call	MailAccountFactory	src/paperless_mail/tests/test_api.py:384:19	jump	3.9	MailAccountFactory: via import src/paperless_mail/tests/factories.py	src/paperless_mail/tests/factories.py:12	src/paperless_mail/tests/factories.py:12
python0109	ok	member	document	src/documents/tests/test_tag_hierarchy.py:154:35	jump	15.7	document → TestTagHierarchy.document (via self: TestTagHierarchy)	src/documents/tests/test_tag_hierarchy.py:60	src/documents/tests/test_tag_hierarchy.py:60
python0110	ok	member	_builtins	src/paperless/parsers/registry.py:286:24	jump	16.4	_builtins → ParserRegistry._builtins (via self: ParserRegistry)	src/paperless/parsers/registry.py:172	src/paperless/parsers/registry.py:172
python0111	pick-miss	member	replace	src/documents/file_handling.py:135:46	picker	779.2	replace: by name, 98 declarations	~/.local/share/uv/python/cpython-3.11.16-macos-aarch64-none/lib/python3.11/collections/__init__.py:1524;~/.local/share/uv/python/cpython-3.11.16-macos-aarch64-none/lib/python3.11/datetime.py:1088;~/.local/share/uv/python/cpython-3.11.16-macos-aarch64-none/lib/python3.11/datetime.py:1607;~/.local/share/uv/python/cpython-3.11.16-macos-aarch64-none/lib/python3.11/datetime.py:1931;~/.local/share/uv/python/cpython-3.11.16-macos-aarch64-none/lib/python3.11/inspect.py:2738;~/.local/share/uv/python/cpython-3.11.16-macos-aarch64-none/lib/python3.11/inspect.py:3023	d-bench/lsp/node_modules/pyright/dist/typeshed-fallback/stdlib/builtins.pyi:575;d-bench/lsp/node_modules/pyright/dist/typeshed-fallback/stdlib/builtins.pyi:579
python0112	pick-hit	member	param	src/documents/tests/date_parsing/test_date_parsing.py:46:19	picker	678.9	param: by name, 2 declarations	.venv/lib/python3.11/site-packages/_pytest/mark/__init__.py:49;.venv/lib/python3.11/site-packages/joblib/testing.py:23	.venv/lib/python3.11/site-packages/_pytest/mark/__init__.py:49
python0113	ok	member	filter_has_not_document_types	src/documents/matching.py:599:15	jump	6.0	filter_has_not_document_types → WorkflowTrigger.filter_has_not_document_types (via trigger: WorkflowTrigger)	src/documents/models.py:1480	src/documents/models.py:1480
python0114	ok	call	Mock	src/paperless/tests/test_signals.py:561:20	jump	81.5	Mock: via import unittest.mock	~/.local/share/uv/python/cpython-3.11.16-macos-aarch64-none/lib/python3.11/unittest/mock.py:1207	~/.local/share/uv/python/cpython-3.11.16-macos-aarch64-none/lib/python3.11/unittest/mock.py:1207
python0115	pick-hit	member	fixture	src/documents/tests/test_consumer_archive.py:49:8	picker	675.3	fixture: by name, 8 declarations	.venv/lib/python3.11/site-packages/_pytest/fixtures.py:1435;.venv/lib/python3.11/site-packages/_pytest/fixtures.py:1447;.venv/lib/python3.11/site-packages/_pytest/fixtures.py:1458;.venv/lib/python3.11/site-packages/joblib/testing.py:19;.venv/lib/python3.11/site-packages/pytest_asyncio/plugin.py:127;.venv/lib/python3.11/site-packages/pytest_asyncio/plugin.py:144	.venv/lib/python3.11/site-packages/_pytest/fixtures.py:1458;.venv/lib/python3.11/site-packages/_pytest/fixtures.py:1435;.venv/lib/python3.11/site-packages/_pytest/fixtures.py:1447
python0116	ok	type	ShareLinkBundle	src/documents/tests/test_share_link_bundles.py:477:21	jump	4.0	ShareLinkBundle: via import src/documents/models.py	src/documents/models.py:1032	src/documents/models.py:1032
python0117	ok	type	ENDPOINT	src/documents/tests/test_api_tasks.py:110:12	jump	1.9	ENDPOINT: local	src/documents/tests/test_api_tasks.py:28	src/documents/tests/test_api_tasks.py:28
python0118	ok	type	Document	src/documents/signals/handlers.py:1438:45	jump	3.3	Document: via import src/documents/models.py	src/documents/models.py:158	src/documents/models.py:158
python0119	none	member	assertEqual	src/documents/tests/test_api_search.py:1630:13	stay	66.0	no definition for assertEqual		~/.local/share/uv/python/cpython-3.11.16-macos-aarch64-none/lib/python3.11/unittest/case.py:868
python0120	oracle-none/picker	member	union	src/documents/permissions.py:401:34	picker	659.7	union: by name, 24 declarations	~/.local/share/uv/python/cpython-3.11.16-macos-aarch64-none/lib/python3.11/_weakrefset.py:195;.venv/lib/python3.11/site-packages/django/contrib/gis/gdal/geometries.py:580;.venv/lib/python3.11/site-packages/django/contrib/gis/geos/geometry.py:629;.venv/lib/python3.11/site-packages/django/db/models/query.py:1555;.venv/lib/python3.11/site-packages/networkx/utils/union_find.py:91;.venv/lib/python3.11/site-packages/sqlalchemy/dialects/postgresql/ranges.py:530	
python0121	ok	call	grant_global	src/documents/tests/test_api_documents.py:1458:8	jump	8.8	grant_global: via import src/paperless_testing/permissions.py	src/paperless_testing/permissions.py:21	src/paperless_testing/permissions.py:21
python0122	ok	call	_write_sentinels	src/documents/search/_backend.py:1098:8	jump	4.8	_write_sentinels: via import src/documents/search/_schema.py	src/documents/search/_schema.py:303	src/documents/search/_schema.py:303
python0123	none	member	objects	src/documents/tests/test_file_handling.py:1288:23	stay	145.5	no definition for objects		.venv/lib/python3.11/site-packages/django_softdelete/models.py:49
python0124	oracle-none/picker	name	choices	src/documents/models.py:1010:8	picker	652.4	choices: by name, 27 declarations	~/.local/share/uv/python/cpython-3.11.16-macos-aarch64-none/lib/python3.11/random.py:480;~/.local/share/uv/python/cpython-3.11.16-macos-aarch64-none/lib/python3.11/random.py:841;.venv/lib/python3.11/site-packages/django/contrib/admin/filters.py:49;.venv/lib/python3.11/site-packages/django/contrib/admin/filters.py:148;.venv/lib/python3.11/site-packages/django/contrib/admin/filters.py:288;.venv/lib/python3.11/site-packages/django/contrib/admin/filters.py:360	
python0125	ok	member	TriggerSource	src/documents/tests/test_api_tasks.py:934:53	jump	3.8	TriggerSource → PaperlessTask.TriggerSource (via import src/documents/models.py)	src/documents/models.py:805	src/documents/models.py:805
python0126	ok	call	reset_backend	src/documents/tests/search/test_backend.py:948:8	jump	4.0	reset_backend: via import src/documents/search/_backend.py	src/documents/search/_backend.py:1267	src/documents/search/_backend.py:1267
python0127	ok	call	make_node	src/paperless_ai/tests/test_vector_store.py:555:19	jump	13.8	make_node: by name, 1 match	src/paperless_ai/tests/test_vector_store.py:32	src/paperless_ai/tests/test_vector_store.py:32
python0128	none	call	RuntimeError	src/paperless/tests/parsers/test_remote_parser.py:95:53	stay	638.2	no definition for RuntimeError		d-bench/lsp/node_modules/pyright/dist/typeshed-fallback/stdlib/builtins.pyi:2404
python0129	none	member	assertEqual	src/documents/tests/test_management_exporter.py:264:25	stay	75.3	no definition for assertEqual		~/.local/share/uv/python/cpython-3.11.16-macos-aarch64-none/lib/python3.11/unittest/case.py:868
python0130	ok	call	Path	src/documents/tests/test_management_exporter.py:523:22	jump	79.0	Path: via import pathlib	~/.local/share/uv/python/cpython-3.11.16-macos-aarch64-none/lib/python3.11/pathlib.py:857	~/.local/share/uv/python/cpython-3.11.16-macos-aarch64-none/lib/python3.11/pathlib.py:857
python0131	ok	call	_leaf_span	src/documents/search/_query.py:293:11	jump	11.4	_leaf_span: by name, 1 match	src/documents/search/_query.py:270	src/documents/search/_query.py:270
python0132	ok	call	EffectiveContentFilter	src/documents/filters.py:818:27	jump	12.9	EffectiveContentFilter: by name, 1 match	src/documents/filters.py:193	src/documents/filters.py:193
python0133	pick-miss	call	next	src/documents/tests/test_api_objects.py:172:17	picker	665.5	next: by name, 51 declarations	~/.local/share/uv/python/cpython-3.11.16-macos-aarch64-none/lib/python3.11/ast.py:672;~/.local/share/uv/python/cpython-3.11.16-macos-aarch64-none/lib/python3.11/idlelib/debugger.py:324;~/.local/share/uv/python/cpython-3.11.16-macos-aarch64-none/lib/python3.11/mailbox.py:564;~/.local/share/uv/python/cpython-3.11.16-macos-aarch64-none/lib/python3.11/multiprocessing/pool.py:853;~/.local/share/uv/python/cpython-3.11.16-macos-aarch64-none/lib/python3.11/nntplib.py:748;~/.local/share/uv/python/cpython-3.11.16-macos-aarch64-none/lib/python3.11/shelve.py:197	d-bench/lsp/node_modules/pyright/dist/typeshed-fallback/stdlib/builtins.pyi:1971;d-bench/lsp/node_modules/pyright/dist/typeshed-fallback/stdlib/builtins.pyi:1973
python0134	ok	call	make_node	src/paperless_ai/tests/test_vector_store.py:636:16	jump	13.8	make_node: by name, 1 match	src/paperless_ai/tests/test_vector_store.py:32	src/paperless_ai/tests/test_vector_store.py:32
python0135	oracle-none/picker	member	assert_not_called	src/documents/tests/test_api_bulk_edit.py:1726:10	picker	645.2	assert_not_called: by name, 2 declarations	~/.local/share/uv/python/cpython-3.11.16-macos-aarch64-none/lib/python3.11/unittest/mock.py:215;~/.local/share/uv/python/cpython-3.11.16-macos-aarch64-none/lib/python3.11/unittest/mock.py:892	
python0136	ok	member	at_level	src/documents/tests/test_sanity_check.py:260:20	jump	655.8	at_level → LogCaptureFixture.at_level (by name, 1 match)	.venv/lib/python3.11/site-packages/_pytest/logging.py:570	.venv/lib/python3.11/site-packages/_pytest/logging.py:570
python0137	pick-miss	call	map	src/paperless/version.py:5:44	picker	662.0	map: by name, 33 declarations	~/.local/share/uv/python/cpython-3.11.16-macos-aarch64-none/lib/python3.11/concurrent/futures/_base.py:583;~/.local/share/uv/python/cpython-3.11.16-macos-aarch64-none/lib/python3.11/concurrent/futures/process.py:813;~/.local/share/uv/python/cpython-3.11.16-macos-aarch64-none/lib/python3.11/multiprocessing/pool.py:362;~/.local/share/uv/python/cpython-3.11.16-macos-aarch64-none/lib/python3.11/site-packages/pip/_vendor/rich/layout.py:194;~/.local/share/uv/python/cpython-3.11.16-macos-aarch64-none/lib/python3.11/tkinter/ttk.py:363;.venv/lib/python3.11/site-packages/billiard/pool.py:1408	d-bench/lsp/node_modules/pyright/dist/typeshed-fallback/stdlib/builtins.pyi:1834
python0138	ok	type	PaperlessTask	src/paperless_testing/factories.py:97:21	jump	3.4	PaperlessTask: via import src/documents/models.py	src/documents/models.py:767	src/documents/models.py:767
python0139	pick-hit	member	stop	src/documents/tests/test_consumer.py:1603:32	picker	834.7	stop: by name, 154 declarations	~/.local/share/uv/python/cpython-3.11.16-macos-aarch64-none/lib/python3.11/asyncio/base_events.py:656;~/.local/share/uv/python/cpython-3.11.16-macos-aarch64-none/lib/python3.11/asyncio/events.py:223;~/.local/share/uv/python/cpython-3.11.16-macos-aarch64-none/lib/python3.11/logging/handlers.py:1594;~/.local/share/uv/python/cpython-3.11.16-macos-aarch64-none/lib/python3.11/multiprocessing/resource_sharer.py:90;~/.local/share/uv/python/cpython-3.11.16-macos-aarch64-none/lib/python3.11/pydoc.py:2515;~/.local/share/uv/python/cpython-3.11.16-macos-aarch64-none/lib/python3.11/site-packages/pip/_vendor/distlib/util.py:1364	~/.local/share/uv/python/cpython-3.11.16-macos-aarch64-none/lib/python3.11/unittest/mock.py:1599
python0140	oracle-none/picker	type	Type	src/paperless/parsers/tesseract.py:420:20	picker	701.0	Type: by name, 25 declarations	~/.local/share/uv/python/cpython-3.11.16-macos-aarch64-none/lib/python3.11/typing.py:2787;.venv/lib/python3.11/site-packages/allauth/idp/oidc/models.py:42;.venv/lib/python3.11/site-packages/allauth/idp/oidc/models.py:201;.venv/lib/python3.11/site-packages/allauth/mfa/models.py:25;.venv/lib/python3.11/site-packages/autobahn/flatbuffers/flexbuffers.py:160;.venv/lib/python3.11/site-packages/autobahn/flatbuffers/flexbuffers.py:939	
python0141	pick-hit	member	post	src/documents/tests/test_api_documents.py:4400:27	picker	683.0	post: by name, 167 declarations (chain broke at client)	src/documents/views.py:2413;src/documents/views.py:3183;src/documents/views.py:3276;src/documents/views.py:3303;src/documents/views.py:3330;src/documents/views.py:3357	.venv/lib/python3.11/site-packages/django/test/client.py:1141
python0142	pick-miss	member	pk	src/documents/tests/search/test_cjk_widening.py:437:21	picker	714.8	pk: by name, 5 declarations	src/paperless/models.py:17;.venv/lib/python3.11/site-packages/rest_framework/authtoken/models.py:56;.venv/lib/python3.11/site-packages/sqlalchemy/testing/suite/test_ddl.py:253;.venv/lib/python3.11/site-packages/sqlalchemy/testing/suite/test_reflection.py:1028;.venv/lib/python3.11/site-packages/sqlalchemy/testing/suite/test_reflection.py:1113	.venv/lib/python3.11/site-packages/django/db/models/base.py:665
python0143	ok	member	_conn	src/paperless_ai/vector_store.py:460:21	jump	4.5	_conn → PaperlessSqliteVecVectorStore._conn (via self: PaperlessSqliteVecVectorStore)	src/paperless_ai/vector_store.py:202	src/paperless_ai/vector_store.py:202
python0144	ok	call	grant_object	src/documents/tests/test_api_permissions.py:424:8	jump	5.5	grant_object: via import src/paperless_testing/permissions.py	src/paperless_testing/permissions.py:40	src/paperless_testing/permissions.py:40
python0145	ok	call	InvalidDateQuery	src/documents/tests/search/test_query.py:461:12	jump	3.1	InvalidDateQuery: via import src/documents/search/_errors.py	src/documents/search/_errors.py:19	src/documents/search/_errors.py:19
python0146	on-decl	name	version_label	src/documents/serialisers.py:2447:4	picker	67.3	version_label: at a declaration, 6 others by name	src/documents/serialisers.py:1024;src/documents/serialisers.py:1032;src/documents/serialisers.py:1719;src/documents/serialisers.py:2459;src/documents/data_models.py:35;src/documents/models.py:332	src/documents/serialisers.py:2447
python0147	ok	member	get_public_filename	src/documents/consumer.py:358:52	jump	5.3	get_public_filename → Document.get_public_filename (via document: Document)	src/documents/models.py:477	src/documents/models.py:477
python0148	ok	type	DB_FILENAME	src/paperless_ai/tests/test_vector_store.py:1065:44	jump	4.9	DB_FILENAME: via import src/paperless_ai/vector_store.py	src/paperless_ai/vector_store.py:36	src/paperless_ai/vector_store.py:36
python0149	ok	member	t1	src/documents/tests/test_api_permissions.py:1384:37	jump	13.2	t1 → TestBulkEditObjectPermissions.t1 (via self: TestBulkEditObjectPermissions)	src/documents/tests/test_api_permissions.py:1132	src/documents/tests/test_api_permissions.py:1132
python0150	pick-hit	member	dumps	src/documents/tests/test_api_workflows.py:1150:17	picker	54.2	dumps: via import json, 5 declarations	~/.local/share/uv/python/cpython-3.11.16-macos-aarch64-none/lib/python3.11/json/__init__.py:183;.venv/lib/python3.11/site-packages/django_extensions/db/fields/json.py:21;.venv/lib/python3.11/site-packages/django_extensions/mongodb/fields/json.py:32;.venv/lib/python3.11/site-packages/kombu/utils/json.py:54;.venv/lib/python3.11/site-packages/rest_framework/utils/json.py:23	~/.local/share/uv/python/cpython-3.11.16-macos-aarch64-none/lib/python3.11/json/__init__.py:183
python0151	oracle-none/picker	member	id	src/documents/tests/test_workflows.py:1572:31	picker	976.6	id: by name, 54 declarations (chain broke at cf1)	src/documents/search/_backend.py:102;src/documents/serialisers.py:1016;src/documents/serialisers.py:1022;src/documents/serialisers.py:1030;src/documents/serialisers.py:3107;src/documents/serialisers.py:3217	
python0152	on-decl	name	returned_account1	src/paperless_mail/tests/test_api.py:176:8	stay	1036.0	no definition for returned_account1		src/paperless_mail/tests/test_api.py:176
python0153	on-decl	name	tracker	src/documents/tests/test_management_consumer.py:1307:8	stay	882.2	no definition for tracker		src/documents/tests/test_management_consumer.py:1307
python0154	ok	call	field_descriptors	src/documents/tests/search/test_schema_fingerprint.py:544:20	jump	5.0	field_descriptors: via import src/documents/search/_schema.py	src/documents/search/_schema.py:107	src/documents/search/_schema.py:107
python0155	ok	call	MailAccountFactory	src/paperless_mail/tests/test_mail.py:1758:23	jump	6.4	MailAccountFactory: via import src/paperless_mail/tests/factories.py	src/paperless_mail/tests/factories.py:12	src/paperless_mail/tests/factories.py:12
python0156	ok	call	generate_filename	src/documents/tests/test_filepath_nfc.py:168:17	jump	4.1	generate_filename: via import src/documents/file_handling.py	src/documents/file_handling.py:156	src/documents/file_handling.py:156
python0157	ok	call	IntegerField	src/documents/views.py:3609:71	jump	93.7	IntegerField: via import django.db.models	.venv/lib/python3.11/site-packages/django/db/models/fields/__init__.py:2062	.venv/lib/python3.11/site-packages/django/db/models/fields/__init__.py:2062
python0158	ok	type	Document	src/documents/tests/search/test_backend.py:252:8	jump	4.3	Document: via import src/documents/models.py	src/documents/models.py:158	src/documents/models.py:158
python0159	none	type	ZeroDivisionError	src/documents/tests/test_api_search_errors.py:207:27	stay	785.0	no definition for ZeroDivisionError		d-bench/lsp/node_modules/pyright/dist/typeshed-fallback/stdlib/builtins.pyi:2458
python0160	pick-miss	member	models	src/documents/serialisers.py:65:15	picker	812.2	models: by name, 9 declarations	.venv/lib/python3.11/site-packages/nltk/downloader.py:634;.venv/lib/python3.11/site-packages/nltk/inference/discourse.py:446;.venv/lib/python3.11/site-packages/openai/_client.py:338;.venv/lib/python3.11/site-packages/openai/_client.py:938;.venv/lib/python3.11/site-packages/openai/_client.py:1378;.venv/lib/python3.11/site-packages/openai/_client.py:1529	src/documents/models.py:1
python0161	ok	name	mock_consume_file	src/documents/tests/test_bulk_edit.py:1465:25	jump	2.7	mock_consume_file → TestPDFActions.test_edit_pdf_with_delete_original.mock_consume_file (local)	src/documents/tests/test_bulk_edit.py:1441	src/documents/tests/test_bulk_edit.py:1441
python0162	ok	call	DocumentFactory	src/documents/tests/test_permission_filtering_security.py:146:18	jump	3.8	DocumentFactory: via import src/paperless_testing/factories.py	src/paperless_testing/factories.py:62	src/paperless_testing/factories.py:62
python0163	pick-miss	member	permissions	src/documents/views.py:176:15	picker	692.8	permissions: by name, 10 declarations	src/documents/serialisers.py:457;src/documents/serialisers.py:3035;src/paperless/models.py:438;src/paperless/serialisers.py:147;.venv/lib/python3.11/site-packages/openai/resources/fine_tuning/checkpoints/checkpoints.py:21;.venv/lib/python3.11/site-packages/openai/resources/fine_tuning/checkpoints/checkpoints.py:47	src/documents/permissions.py:1
python0164	ok	type	Document	src/documents/bulk_edit.py:318:8	jump	3.1	Document: via import src/documents/models.py	src/documents/models.py:158	src/documents/models.py:158
python0165	ok	call	Migration	src/paperless_ai/tests/test_vector_store.py:887:12	jump	3.6	Migration: via import src/paperless_ai/migrations/__init__.py	src/paperless_ai/migrations/__init__.py:32	src/paperless_ai/migrations/__init__.py:32
python0166	ok	call	get_request_version_param	src/documents/views.py:1376:28	jump	9.1	get_request_version_param: via import src/documents/versioning.py	src/documents/versioning.py:140	src/documents/versioning.py:140
python0167	ok	type	Correspondent	src/paperless_testing/factories.py:22:46	jump	2.0	Correspondent: via import src/documents/models.py	src/documents/models.py:97	src/documents/models.py:97
python0168	none	member	assertListEqual	src/documents/tests/test_classifier.py:740:13	stay	39.9	no definition for assertListEqual		~/.local/share/uv/python/cpython-3.11.16-macos-aarch64-none/lib/python3.11/unittest/case.py:1069
python0169	oracle-none/picker	member	assert_called_once	src/documents/tests/test_bulk_edit.py:1996:30	picker	657.8	assert_called_once: by name, 2 declarations (chain broke at mock_task)	~/.local/share/uv/python/cpython-3.11.16-macos-aarch64-none/lib/python3.11/unittest/mock.py:217;~/.local/share/uv/python/cpython-3.11.16-macos-aarch64-none/lib/python3.11/unittest/mock.py:910	
python0170	pick-miss	member	read	src/documents/mail.py:60:28	picker	689.3	read: by name, 277 declarations	~/.local/share/uv/python/cpython-3.11.16-macos-aarch64-none/lib/python3.11/_compression.py:72;~/.local/share/uv/python/cpython-3.11.16-macos-aarch64-none/lib/python3.11/_pyio.py:637;~/.local/share/uv/python/cpython-3.11.16-macos-aarch64-none/lib/python3.11/_pyio.py:706;~/.local/share/uv/python/cpython-3.11.16-macos-aarch64-none/lib/python3.11/_pyio.py:941;~/.local/share/uv/python/cpython-3.11.16-macos-aarch64-none/lib/python3.11/_pyio.py:1076;~/.local/share/uv/python/cpython-3.11.16-macos-aarch64-none/lib/python3.11/_pyio.py:1375	d-bench/lsp/node_modules/pyright/dist/typeshed-fallback/stdlib/_io.pyi:95
python0171	ok	call	re_path	src/paperless/urls.py:132:28	jump	78.8	re_path: via import django.urls	.venv/lib/python3.11/site-packages/django/urls/conf.py:96	.venv/lib/python3.11/site-packages/django/urls/conf.py:96
python0172	oracle-none/picker	name	settings	src/paperless/tests/test_signals.py:657:12	picker	13.1	settings: by name, 1 match	src/documents/context_processors.py:8	
python0173	pick-hit	member	assert_not_called	src/documents/tests/management/test_management_base_cmd.py:528:23	picker	627.2	assert_not_called: by name, 2 declarations	~/.local/share/uv/python/cpython-3.11.16-macos-aarch64-none/lib/python3.11/unittest/mock.py:215;~/.local/share/uv/python/cpython-3.11.16-macos-aarch64-none/lib/python3.11/unittest/mock.py:892	~/.local/share/uv/python/cpython-3.11.16-macos-aarch64-none/lib/python3.11/unittest/mock.py:892
python0174	on-decl	type	TagTuple	src/documents/tests/test_management_retagger.py:29:0	stay	11.6	TagTuple: by name, 1 match		src/documents/tests/test_management_retagger.py:29
python0175	ok	call	MagicMock	src/documents/tests/test_views.py:373:38	jump	80.1	MagicMock: via import unittest.mock	~/.local/share/uv/python/cpython-3.11.16-macos-aarch64-none/lib/python3.11/unittest/mock.py:2155	~/.local/share/uv/python/cpython-3.11.16-macos-aarch64-none/lib/python3.11/unittest/mock.py:2155
python0176	ok	call	build_schema	src/documents/tests/search/test_schema_version.py:193:22	jump	2.9	build_schema: via import src/documents/search/_schema.py	src/documents/search/_schema.py:205	src/documents/search/_schema.py:205
python0177	on-decl	type	ASSIGNMENT	src/documents/models.py:1678:8	stay	28.9	ASSIGNMENT → WorkflowAction.WorkflowActionType.ASSIGNMENT (by name, 1 match)		src/documents/models.py:1678
python0178	ok	call	WorkflowActionEmailSerializer	src/documents/serialisers.py:3563:33	jump	15.3	WorkflowActionEmailSerializer: by name, 1 match	src/documents/serialisers.py:3216	src/documents/serialisers.py:3216
python0179	ok	member	dt	src/documents/tests/test_workflows.py:374:38	jump	43.9	dt → TestWorkflows.dt (via self: TestWorkflows)	src/documents/tests/test_workflows.py:87	src/documents/tests/test_workflows.py:87
python0180	ok	type	ConsumerError	src/documents/tests/test_consumer.py:1580:24	jump	4.3	ConsumerError: via import src/documents/consumer.py	src/documents/consumer.py:90	src/documents/consumer.py:90
python0181	pick-hit	member	delete	src/documents/tests/test_api_document_versions.py:245:31	picker	728.0	delete: by name, 263 declarations (chain broke at client)	src/documents/management/commands/document_exporter.py:252;src/documents/models.py:529;src/documents/models.py:1145;src/paperless/views.py:357;src/paperless_ai/vector_store.py:465;~/.local/share/uv/python/cpython-3.11.16-macos-aarch64-none/lib/python3.11/ftplib.py:606	.venv/lib/python3.11/site-packages/django/test/client.py:1309
python0182	ok	call	UserFactory	src/documents/tests/test_api_document_versions.py:551:16	jump	5.5	UserFactory: via import src/paperless_testing/factories.py	src/paperless_testing/factories.py:74	src/paperless_testing/factories.py:74
python0183	ok	type	Workflow	src/documents/tests/test_workflows.py:4951:13	jump	11.5	Workflow: via import src/documents/models.py	src/documents/models.py:1991	src/documents/models.py:1991
python0184	ok	name	parser	src/documents/consumer.py:140:7	jump	2.2	parser → should_produce_archive.parser (local)	src/documents/consumer.py:124	src/documents/consumer.py:125
python0185	ok	name	message	src/paperless_mail/tests/test_mail.py:162:43	jump	3.0	message: local	src/paperless_mail/tests/test_mail.py:160	src/paperless_mail/tests/test_mail.py:160
python0186	ok	call	ParserRegistry	src/paperless/tests/parsers/test_text_parser.py:234:19	jump	3.4	ParserRegistry: via import src/paperless/parsers/registry.py	src/paperless/parsers/registry.py:151	src/paperless/parsers/registry.py:151
python0187	ok	type	Document	src/documents/tests/test_workflows.py:4930:25	jump	12.8	Document: via import src/documents/models.py	src/documents/models.py:158	src/documents/models.py:158
python0188	ok	type	Document	src/documents/tests/test_api_bulk_edit.py:49:20	jump	6.7	Document: via import src/documents/models.py	src/documents/models.py:158	src/documents/models.py:158
python0189	pick-hit	member	year	src/documents/tests/test_consumer.py:283:72	picker	687.6	year: by name, 14 declarations	~/.local/share/uv/python/cpython-3.11.16-macos-aarch64-none/lib/python3.11/datetime.py:1058;~/.local/share/uv/python/cpython-3.11.16-macos-aarch64-none/lib/python3.11/datetime.py:1286;.venv/lib/python3.11/site-packages/attr/_version_info.pyi:3;.venv/lib/python3.11/site-packages/faker/providers/date_time/__init__.py:2526;.venv/lib/python3.11/site-packages/faker/proxy.pyi:1490;.venv/lib/python3.11/site-packages/narwhals/_arrow/series_dt.py:113	~/.local/share/uv/python/cpython-3.11.16-macos-aarch64-none/lib/python3.11/datetime.py:1058
python0190	pick-hit	type	Callable	src/documents/tests/search/test_fuzzy_widening.py:70:21	picker	695.3	Callable: by name, 3 declarations	~/.local/share/uv/python/cpython-3.11.16-macos-aarch64-none/lib/python3.11/_collections_abc.py:508;~/.local/share/uv/python/cpython-3.11.16-macos-aarch64-none/lib/python3.11/typing.py:2734;.venv/lib/python3.11/site-packages/celery/utils/deprecated.py:36	~/.local/share/uv/python/cpython-3.11.16-macos-aarch64-none/lib/python3.11/typing.py:2734
python0191	ok	type	GetReaderPluginMixin	src/documents/tests/test_barcodes.py:657:55	jump	12.0	GetReaderPluginMixin: by name, 1 match	src/documents/tests/test_barcodes.py:28	src/documents/tests/test_barcodes.py:28
python0192	ok	type	CustomFieldInstance	src/documents/bulk_edit.py:1198:8	jump	3.0	CustomFieldInstance: via import src/documents/models.py	src/documents/models.py:1207	src/documents/models.py:1207
python0193	oracle-none/picker	name	document	src/documents/tasks.py:327:12	picker	625.6	document: by name, 7 declarations	~/.local/share/uv/python/cpython-3.11.16-macos-aarch64-none/lib/python3.11/pydoc.py:486;.venv/lib/python3.11/site-packages/banks/filters/document.py:115;.venv/lib/python3.11/site-packages/prompt_toolkit/buffer.py:556;.venv/lib/python3.11/site-packages/prompt_toolkit/buffer.py:566;.venv/lib/python3.11/site-packages/prompt_toolkit/widgets/base.py:299;.venv/lib/python3.11/site-packages/prompt_toolkit/widgets/base.py:306	
python0194	ok	member	HIGHEST_PROTOCOL	src/paperless/tests/test_celery.py:58:49	jump	38.5	HIGHEST_PROTOCOL: via import pickle	~/.local/share/uv/python/cpython-3.11.16-macos-aarch64-none/lib/python3.11/pickle.py:66	~/.local/share/uv/python/cpython-3.11.16-macos-aarch64-none/lib/python3.11/pickle.py:66
python0195	ok	call	Path	src/documents/views.py:1471:11	jump	83.5	Path: via import pathlib	~/.local/share/uv/python/cpython-3.11.16-macos-aarch64-none/lib/python3.11/pathlib.py:857	~/.local/share/uv/python/cpython-3.11.16-macos-aarch64-none/lib/python3.11/pathlib.py:857
python0196	pick-hit	member	param	src/documents/tests/search/test_cjk_run_extraction.py:39:19	picker	654.9	param: by name, 2 declarations	.venv/lib/python3.11/site-packages/_pytest/mark/__init__.py:49;.venv/lib/python3.11/site-packages/joblib/testing.py:23	.venv/lib/python3.11/site-packages/_pytest/mark/__init__.py:49
python0197	ok	type	SearchMode	src/documents/tests/search/test_backend.py:414:24	jump	4.3	SearchMode: via import src/documents/search/_backend.py	src/documents/search/_backend.py:77	src/documents/search/_backend.py:77
python0198	ok	type	WorkflowTrigger	src/documents/tests/test_workflows.py:1900:18	jump	10.2	WorkflowTrigger: via import src/documents/models.py	src/documents/models.py:1363	src/documents/models.py:1363
python0199	ok	call	CommandError	src/documents/management/commands/document_importer.py:71:14	jump	84.7	CommandError: via import django.core.management.base	.venv/lib/python3.11/site-packages/django/core/management/base.py:23	.venv/lib/python3.11/site-packages/django/core/management/base.py:23
python0200	ok	member	echo	docker/rootfs/usr/local/bin/deduplicate.py:158:10	jump	39.3	echo: via import click	.venv/lib/python3.11/site-packages/click/utils.py:246	.venv/lib/python3.11/site-packages/click/utils.py:246
python0201	pick-miss	member	mark	src/paperless/tests/parsers/test_tesseract_parser.py:1214:12	picker	659.4	mark: by name, 3 declarations	.venv/lib/python3.11/site-packages/torch/_C/_itt.pyi:5;.venv/lib/python3.11/site-packages/torch/cuda/nvtx.py:105;.venv/lib/python3.11/site-packages/torch/profiler/itt.py:57	.venv/lib/python3.11/site-packages/_pytest/mark/structures.py:639
python0202	ok	member	Not	src/documents/tests/search/test_negated_leaf_ids.py:201:26	jump	40.1	Not: via import whoosh_compat.ast	.venv/lib/python3.11/site-packages/whoosh_compat/ast.py:88	.venv/lib/python3.11/site-packages/whoosh_compat/ast.py:88
python0203	ok	call	ConsumableDocument	src/documents/tests/test_workflows.py:418:16	jump	9.4	ConsumableDocument: via import src/documents/data_models.py	src/documents/data_models.py:165	src/documents/data_models.py:165
python0204	ok	call	generate_filename	src/documents/tests/test_file_handling.py:1072:25	jump	4.6	generate_filename: via import src/documents/file_handling.py	src/documents/file_handling.py:156	src/documents/file_handling.py:156
python0205	ok	type	SavedView	src/documents/signals/handlers.py:726:16	jump	3.2	SavedView: via import src/documents/models.py	src/documents/models.py:550	src/documents/models.py:550
python0206	pick-hit	member	patch	src/documents/tests/test_api_document_versions.py:357:27	picker	705.5	patch: by name, 81 declarations (chain broke at client)	src/paperless/views.py:258;~/.local/share/uv/python/cpython-3.11.16-macos-aarch64-none/lib/python3.11/site-packages/pip/_vendor/requests/sessions.py:728;~/.local/share/uv/python/cpython-3.11.16-macos-aarch64-none/lib/python3.11/site-packages/setuptools/build_meta.py:84;.venv/lib/python3.11/site-packages/_pytest/timing.py:88;.venv/lib/python3.11/site-packages/aiohttp/client.py:1449;.venv/lib/python3.11/site-packages/aiohttp/client.py:1509	.venv/lib/python3.11/site-packages/django/test/client.py:1274
python0207	ok	call	LLMTimeoutError	src/documents/tests/test_views.py:723:49	jump	4.0	LLMTimeoutError: via import src/paperless_ai/exceptions.py	src/paperless_ai/exceptions.py:1	src/paperless_ai/exceptions.py:1
python0208	ok	type	CustomFieldInstance	src/documents/tests/test_api_custom_fields.py:247:8	jump	4.7	CustomFieldInstance: via import src/documents/models.py	src/documents/models.py:1207	src/documents/models.py:1207
python0209	ok	call	load_or_build_index	src/paperless_ai/chat.py:149:16	jump	2.1	load_or_build_index: via import src/paperless_ai/indexing.py	src/paperless_ai/indexing.py:300	src/paperless_ai/indexing.py:300
python0210	ok	call	grant_object	src/documents/tests/test_views.py:246:8	jump	3.6	grant_object: via import src/paperless_testing/permissions.py	src/paperless_testing/permissions.py:40	src/paperless_testing/permissions.py:40
python0211	ok	call	parse_dict_from_str	src/paperless/tests/settings/test_environment_parsers.py:108:17	jump	3.3	parse_dict_from_str: via import src/paperless/settings/parsers.py	src/paperless/settings/parsers.py:61	src/paperless/settings/parsers.py:61
python0212	WRONG	name	produce_archive	src/paperless/tests/parsers/test_tesseract_parser.py:840:28	jump	1.9	produce_archive → TestSkipArchive.test_produce_archive_flag.produce_archive (local)	src/paperless/tests/parsers/test_tesseract_parser.py:818	src/paperless/tests/parsers/test_tesseract_parser.py:820
python0213	pick-hit	member	param	src/documents/tests/search/test_cjk_leaf_rewrite.py:57:19	picker	675.9	param: by name, 2 declarations	.venv/lib/python3.11/site-packages/_pytest/mark/__init__.py:49;.venv/lib/python3.11/site-packages/joblib/testing.py:23	.venv/lib/python3.11/site-packages/_pytest/mark/__init__.py:49
python0214	ok	type	Document	src/documents/tests/test_api_custom_fields.py:1308:14	jump	4.6	Document: via import src/documents/models.py	src/documents/models.py:158	src/documents/models.py:158
python0215	ok	type	TestCase	src/paperless/tests/settings/test_settings.py:16:28	jump	75.7	TestCase: via import unittest	~/.local/share/uv/python/cpython-3.11.16-macos-aarch64-none/lib/python3.11/unittest/case.py:344	~/.local/share/uv/python/cpython-3.11.16-macos-aarch64-none/lib/python3.11/unittest/case.py:344
python0216	pick-hit	name	parents	src/documents/tests/export/test_sinks.py:104:30	picker	648.2	parents: by name, 12 declarations	~/.local/share/uv/python/cpython-3.11.16-macos-aarch64-none/lib/python3.11/collections/__init__.py:1053;~/.local/share/uv/python/cpython-3.11.16-macos-aarch64-none/lib/python3.11/pathlib.py:788;~/.local/share/uv/python/cpython-3.11.16-macos-aarch64-none/lib/python3.11/site-packages/pip/_vendor/distlib/compat.py:578;.venv/lib/python3.11/site-packages/anyio/_core/_fileio.py:443;.venv/lib/python3.11/site-packages/networkx/algorithms/tree/coding.py:302;.venv/lib/python3.11/site-packages/nltk/tree/parented.py:449	~/.local/share/uv/python/cpython-3.11.16-macos-aarch64-none/lib/python3.11/pathlib.py:1111
python0217	WRONG	name	json	src/documents/tests/test_api_workflows.py:877:12	jump	679.7	json: by name, 1 match	~/.local/share/uv/python/cpython-3.11.16-macos-aarch64-none/lib/python3.11/site-packages/pip/_internal/cli/cmdoptions.py:1187	~/.local/share/uv/python/cpython-3.11.16-macos-aarch64-none/lib/python3.11/json/__init__.py:1
python0218	ok	call	StopConsumeTaskError	src/documents/workflows/actions.py:371:14	jump	2.1	StopConsumeTaskError: via import src/documents/plugins/base.py	src/documents/plugins/base.py:10	src/documents/plugins/base.py:10
python0219	on-decl	name	hidden	src/documents/tests/test_permission_filtering_security.py:316:8	picker	627.4	hidden: by name, 3 declarations	.venv/lib/python3.11/site-packages/django/db/models/fields/reverse_related.py:68;.venv/lib/python3.11/site-packages/markdown_it/tree.py:330;.venv/lib/python3.11/site-packages/nltk/draw/util.py:481	src/documents/tests/test_permission_filtering_security.py:316
python0220	oracle-none/picker	member	id	src/documents/tests/test_api_search.py:1967:66	picker	730.9	id: by name, 54 declarations	src/documents/search/_backend.py:102;src/documents/serialisers.py:1016;src/documents/serialisers.py:1022;src/documents/serialisers.py:1030;src/documents/serialisers.py:3107;src/documents/serialisers.py:3217	
python0221	oracle-none/picker	member	id	src/documents/tests/test_api_objects.py:1101:54	picker	736.0	id: by name, 54 declarations (chain broke at t2)	src/documents/search/_backend.py:102;src/documents/serialisers.py:1016;src/documents/serialisers.py:1022;src/documents/serialisers.py:1030;src/documents/serialisers.py:3107;src/documents/serialisers.py:3217	
python0222	pick-miss	call	StringIO	src/documents/tests/management/test_management_sanity_checker.py:198:14	picker	688.5	StringIO: by name, 3 declarations	~/.local/share/uv/python/cpython-3.11.16-macos-aarch64-none/lib/python3.11/_pyio.py:2664;.venv/lib/python3.11/site-packages/celery/utils/text.py:184;.venv/lib/python3.11/site-packages/fontTools/misc/py23.py:50	d-bench/lsp/node_modules/pyright/dist/typeshed-fallback/stdlib/_io.pyi:305
python0223	oracle-none/stay	member	show_on_dashboard	src/documents/tests/test_migration_saved_view_visibility.py:210:40	stay	628.4	no definition for show_on_dashboard		
python0224	ok	call	content	src/documents/tests/search/test_fuzzy_alternative.py:142:34	jump	2.9	content: via import src/documents/tests/search/_ast_helpers.py	src/documents/tests/search/_ast_helpers.py:23	src/documents/tests/search/_ast_helpers.py:23
python0225	ok	call	check_deprecated_db_settings	src/paperless/tests/test_checks.py:312:17	jump	3.4	check_deprecated_db_settings: via import src/paperless/checks.py	src/paperless/checks.py:266	src/paperless/checks.py:266
python0226	on-decl	name	doc3	src/documents/tests/test_api_documents.py:1219:8	stay	649.2	no definition for doc3		src/documents/tests/test_api_documents.py:1219
python0227	oracle-none/picker	member	data	src/documents/tests/test_api_search.py:78:34	picker	734.5	data: by name, 73 declarations	src/documents/plugins/helpers.py:45;src/documents/plugins/helpers.py:54;src/documents/plugins/helpers.py:67;~/.local/share/uv/python/cpython-3.11.16-macos-aarch64-none/lib/python3.11/site-packages/pip/_vendor/urllib3/contrib/emscripten/response.py:203;~/.local/share/uv/python/cpython-3.11.16-macos-aarch64-none/lib/python3.11/site-packages/pip/_vendor/urllib3/http2/connection.py:349;~/.local/share/uv/python/cpython-3.11.16-macos-aarch64-none/lib/python3.11/site-packages/pip/_vendor/urllib3/response.py:508	
python0228	ok	name	doc	src/documents/tests/test_file_handling.py:933:26	jump	2.6	doc → TestFileHandlingWithArchive.test_move_file_gone.doc (local)	src/documents/tests/test_file_handling.py:921	src/documents/tests/test_file_handling.py:921
python0229	oracle-none/picker	member	id	src/documents/tests/test_migration_saved_view_visibility.py:202:61	picker	714.3	id: by name, 54 declarations (chain broke at view1)	src/documents/search/_backend.py:102;src/documents/serialisers.py:1016;src/documents/serialisers.py:1022;src/documents/serialisers.py:1030;src/documents/serialisers.py:3107;src/documents/serialisers.py:3217	
python0230	ok	member	HTTP_200_OK	src/documents/tests/test_api_remote_version.py:72:46	jump	38.9	HTTP_200_OK: via import rest_framework.status	.venv/lib/python3.11/site-packages/rest_framework/status.py:34	.venv/lib/python3.11/site-packages/rest_framework/status.py:34
python0231	ok	type	Correspondent	src/documents/filters.py:94:16	jump	4.2	Correspondent: via import src/documents/models.py	src/documents/models.py:97	src/documents/models.py:97
python0232	on-decl	name	test_file	src/documents/tests/test_barcodes.py:592:8	picker	652.4	test_file: by name, 6 declarations	.venv/lib/python3.11/site-packages/sympy/testing/runtests.py:1217;.venv/lib/python3.11/site-packages/sympy/testing/runtests.py:1415;.venv/lib/python3.11/site-packages/twisted/test/process_tester.py:7;.venv/lib/python3.11/site-packages/twisted/test/test_formmethod.py:99;.venv/lib/python3.11/site-packages/twisted/test/test_reflect.py:598;.venv/lib/python3.11/site-packages/twisted/web/test/test_template.py:217	src/documents/tests/test_barcodes.py:592
python0233	pick-miss	member	vector_store	src/paperless_ai/tests/test_vector_store.py:23:18	picker	659.0	vector_store: by name, 4 declarations	.venv/lib/python3.11/site-packages/llama_index/core/indices/document_summary/base.py:109;.venv/lib/python3.11/site-packages/llama_index/core/indices/property_graph/base.py:189;.venv/lib/python3.11/site-packages/llama_index/core/indices/vector_store/base.py:109;.venv/lib/python3.11/site-packages/llama_index/core/storage/storage_context.py:269	src/paperless_ai/vector_store.py:1
python0234	ok	type	ProcessedMail	src/paperless_mail/mail.py:944:8	jump	4.4	ProcessedMail: via import src/paperless_mail/models.py	src/paperless_mail/models.py:316	src/paperless_mail/models.py:316
python0235	pick-miss	member	client	src/documents/tests/test_api_workflows.py:1291:24	picker	111.5	client: by name, 2 declarations	src/paperless_ai/vector_store.py:245;src/paperless_mail/tests/helpers.py:75	.venv/lib/python3.11/site-packages/django/test/testcases.py:393
python0236	ok	member	make_aware	src/documents/tests/test_file_handling.py:506:22	jump	42.1	make_aware: via import django.utils.timezone	.venv/lib/python3.11/site-packages/django/utils/timezone.py:237	.venv/lib/python3.11/site-packages/django/utils/timezone.py:237
python0237	none	member	assertIsNone	src/documents/tests/test_workflows.py:709:17	stay	64.1	no definition for assertIsNone		~/.local/share/uv/python/cpython-3.11.16-macos-aarch64-none/lib/python3.11/unittest/case.py:1279
python0238	ok	call	Path	src/documents/tests/test_api_app_config.py:282:24	jump	77.2	Path: via import pathlib	~/.local/share/uv/python/cpython-3.11.16-macos-aarch64-none/lib/python3.11/pathlib.py:857	~/.local/share/uv/python/cpython-3.11.16-macos-aarch64-none/lib/python3.11/pathlib.py:857
python0239	ok	type	Path	src/documents/tests/search/test_schema_version.py:126:27	jump	78.1	Path: via import pathlib	~/.local/share/uv/python/cpython-3.11.16-macos-aarch64-none/lib/python3.11/pathlib.py:857	~/.local/share/uv/python/cpython-3.11.16-macos-aarch64-none/lib/python3.11/pathlib.py:857
python0240	ok	type	WorkflowAction	src/documents/tests/test_workflows.py:3679:17	jump	10.3	WorkflowAction: via import src/documents/models.py	src/documents/models.py:1676	src/documents/models.py:1676
python0241	ok	call	DocumentFactory	src/documents/tests/test_permission_filtering_security.py:375:15	jump	3.6	DocumentFactory: via import src/paperless_testing/factories.py	src/paperless_testing/factories.py:62	src/paperless_testing/factories.py:62
python0242	ok	type	MailRule	src/paperless_mail/mail.py:268:11	jump	2.5	MailRule: via import src/paperless_mail/models.py	src/paperless_mail/models.py:87	src/paperless_mail/models.py:87
python0243	ok	call	Path	src/documents/tests/test_file_handling.py:619:8	jump	81.0	Path: via import pathlib	~/.local/share/uv/python/cpython-3.11.16-macos-aarch64-none/lib/python3.11/pathlib.py:857	~/.local/share/uv/python/cpython-3.11.16-macos-aarch64-none/lib/python3.11/pathlib.py:857
python0244	ok	type	WorkflowTrigger	src/documents/tests/test_workflows.py:143:17	jump	10.6	WorkflowTrigger: via import src/documents/models.py	src/documents/models.py:1363	src/documents/models.py:1363
python0245	ok	type	Tag	src/documents/tests/test_consumer.py:393:13	jump	4.9	Tag: via import src/documents/models.py	src/documents/models.py:103	src/documents/models.py:103
python0246	none	member	usefixtures	src/documents/tests/test_management_retagger.py:365:17	stay	698.7	no definition for usefixtures		.venv/lib/python3.11/site-packages/_pytest/mark/structures.py:586
python0247	pick-miss	member	stderr	src/documents/tests/management/test_management_base_cmd.py:111:12	picker	657.9	stderr: by name, 5 declarations	.venv/lib/python3.11/site-packages/anyio/_backends/_asyncio.py:1187;.venv/lib/python3.11/site-packages/anyio/_backends/_trio.py:413;.venv/lib/python3.11/site-packages/anyio/abc/_subprocesses.py:78;.venv/lib/python3.11/site-packages/click/testing.py:302;.venv/lib/python3.11/site-packages/typer/testing.py:117	.venv/lib/python3.11/site-packages/django/core/management/base.py:280;.venv/lib/python3.11/site-packages/django/core/management/base.py:457
python0248	WRONG	member	return_value	src/documents/tests/test_bulk_edit.py:1581:19	jump	688.7	return_value → TaskHandle.return_value (by name, 1 match)	.venv/lib/python3.11/site-packages/anyio/_core/_tasks.py:359	~/.local/share/uv/python/cpython-3.11.16-macos-aarch64-none/lib/python3.11/unittest/mock.py:557;~/.local/share/uv/python/cpython-3.11.16-macos-aarch64-none/lib/python3.11/unittest/mock.py:545
python0249	ok	member	MOVE_TO_TRASH	src/documents/tests/test_api_workflows.py:1409:70	jump	10.1	MOVE_TO_TRASH → WorkflowAction.WorkflowActionType.MOVE_TO_TRASH (via WorkflowAction.WorkflowActionType)	src/documents/models.py:1698	src/documents/models.py:1698
python0250	WRONG	call	matched_ids	src/documents/tests/search/test_query_negation.py:54:15	jump	1.0	matched_ids → TestNegationConstrainsEveryClause.test_fuzzy_clause_does_not_readmit_an_excluded_document.matched_ids (local)	src/documents/tests/search/test_query_negation.py:27	src/documents/tests/search/test_query_negation.py:30
python0251	ok	type	MagicMock	src/documents/tests/test_management_consumer.py:836:31	jump	79.4	MagicMock: via import unittest.mock	~/.local/share/uv/python/cpython-3.11.16-macos-aarch64-none/lib/python3.11/unittest/mock.py:2155	~/.local/share/uv/python/cpython-3.11.16-macos-aarch64-none/lib/python3.11/unittest/mock.py:2155
python0252	ok	type	Path	src/documents/barcodes.py:132:23	jump	78.5	Path: via import pathlib	~/.local/share/uv/python/cpython-3.11.16-macos-aarch64-none/lib/python3.11/pathlib.py:857	~/.local/share/uv/python/cpython-3.11.16-macos-aarch64-none/lib/python3.11/pathlib.py:857
python0253	pick-miss	member	test	src/paperless/tests/test_compression_middleware.py:4:12	picker	755.9	test: by name, 90 declarations	src/documents/views.py:4209;src/paperless_mail/views.py:98;~/.local/share/uv/python/cpython-3.11.16-macos-aarch64-none/lib/python3.11/site-packages/pip/_vendor/pygments/scanner.py:66;~/.local/share/uv/python/cpython-3.11.16-macos-aarch64-none/lib/python3.11/site-packages/pip/_vendor/rich/scope.py:75;~/.local/share/uv/python/cpython-3.11.16-macos-aarch64-none/lib/python3.11/site-packages/pip/_vendor/rich/style.py:716;~/.local/share/uv/python/cpython-3.11.16-macos-aarch64-none/lib/python3.11/tkinter/simpledialog.py:417	.venv/lib/python3.11/site-packages/django/test/__init__.py:1
python0254	ok	call	check_sanity	src/documents/tests/test_sanity_check.py:122:23	jump	3.3	check_sanity: via import src/documents/sanity_checker.py	src/documents/sanity_checker.py:305	src/documents/sanity_checker.py:305
python0255	pick-hit	member	ValidationError	src/documents/serialisers.py:1880:30	picker	709.5	ValidationError: by name, 12 declarations	~/.local/share/uv/python/cpython-3.11.16-macos-aarch64-none/lib/python3.11/site-packages/setuptools/config/_validate_pyproject/error_reporting.py:56;.venv/lib/python3.11/site-packages/django/core/exceptions.py:134;.venv/lib/python3.11/site-packages/huggingface_hub/errors.py:194;.venv/lib/python3.11/site-packages/jsonschema/exceptions.py:200;.venv/lib/python3.11/site-packages/marshmallow/exceptions.py:15;.venv/lib/python3.11/site-packages/pathvalidate/error.py:88	.venv/lib/python3.11/site-packages/rest_framework/exceptions.py:143
python0256	ok	type	Path	src/paperless_ai/tests/test_vector_store.py:1008:63	jump	90.1	Path: via import pathlib	~/.local/share/uv/python/cpython-3.11.16-macos-aarch64-none/lib/python3.11/pathlib.py:857	~/.local/share/uv/python/cpython-3.11.16-macos-aarch64-none/lib/python3.11/pathlib.py:857
python0257	pick-hit	member	fixture	src/documents/tests/test_matchables.py:16:8	picker	679.4	fixture: by name, 8 declarations	.venv/lib/python3.11/site-packages/_pytest/fixtures.py:1435;.venv/lib/python3.11/site-packages/_pytest/fixtures.py:1447;.venv/lib/python3.11/site-packages/_pytest/fixtures.py:1458;.venv/lib/python3.11/site-packages/joblib/testing.py:19;.venv/lib/python3.11/site-packages/pytest_asyncio/plugin.py:127;.venv/lib/python3.11/site-packages/pytest_asyncio/plugin.py:144	.venv/lib/python3.11/site-packages/_pytest/fixtures.py:1458;.venv/lib/python3.11/site-packages/_pytest/fixtures.py:1435;.venv/lib/python3.11/site-packages/_pytest/fixtures.py:1447
python0258	ok	member	url	src/paperless_mail/tests/test_mail.py:2068:41	jump	11.7	url → TestMailAccountTestView.url (via self: TestMailAccountTestView)	src/paperless_mail/tests/test_mail.py:2023	src/paperless_mail/tests/test_mail.py:2023
python0259	none	call	ValueError	src/documents/tests/management/test_management_base_cmd.py:160:16	stay	664.5	no definition for ValueError		d-bench/lsp/node_modules/pyright/dist/typeshed-fallback/stdlib/builtins.pyi:2449
python0260	pick-hit	call	get_int_from_env	src/paperless/settings/custom.py:321:19	picker	2.3	get_int_from_env: via import src/paperless/settings/parsers.py, 4 declarations	src/paperless/settings/parsers.py:38;src/paperless/settings/parsers.py:42;src/paperless/settings/parsers.py:46;src/paperless/settings/parsers.py:49	src/paperless/settings/parsers.py:49;src/paperless/settings/parsers.py:38;src/paperless/settings/parsers.py:42;src/paperless/settings/parsers.py:46
python0261	ok	member	user	src/documents/serialisers.py:392:16	jump	26.0	user → SerializerWithPerms.user (via self: OwnedObjectSerializer)	src/documents/serialisers.py:262	src/documents/serialisers.py:262
python0262	pick-hit	member	write_bytes	src/documents/tests/export/test_sinks.py:107:17	picker	741.8	write_bytes: by name, 10 declarations	~/.local/share/uv/python/cpython-3.11.16-macos-aarch64-none/lib/python3.11/pathlib.py:1061;~/.local/share/uv/python/cpython-3.11.16-macos-aarch64-none/lib/python3.11/plistlib.py:374;.venv/lib/python3.11/site-packages/aiohttp/client_reqrep.py:1348;.venv/lib/python3.11/site-packages/anyio/_core/_fileio.py:938;.venv/lib/python3.11/site-packages/fsspec/spec.py:1760;.venv/lib/python3.11/site-packages/numpy/lib/_npyio_impl.py:1529	~/.local/share/uv/python/cpython-3.11.16-macos-aarch64-none/lib/python3.11/pathlib.py:1061
python0263	ok	call	index_document	src/documents/tests/search/test_acceptance.py:57:24	jump	1.4	index_document → indexed_documents.index_document (local)	src/documents/tests/search/test_acceptance.py:39	src/documents/tests/search/test_acceptance.py:39
python0264	ok	type	Mock	src/paperless/tests/parsers/test_remote_parser.py:422:22	jump	81.0	Mock: via import unittest.mock	~/.local/share/uv/python/cpython-3.11.16-macos-aarch64-none/lib/python3.11/unittest/mock.py:1207	~/.local/share/uv/python/cpython-3.11.16-macos-aarch64-none/lib/python3.11/unittest/mock.py:1207
python0265	oracle-none/picker	type	CONSUMER_ENABLE_BARCODES	src/documents/tests/test_barcodes.py:1020:8	picker	14.8	CONSUMER_ENABLE_BARCODES: by name, 1 match	src/paperless/settings/__init__.py:850	
python0266	none	member	contrib	src/paperless/tests/test_auth_middleware.py:1:12	stay	658.3	no definition for contrib		.venv/lib/python3.11/site-packages/django/contrib/__init__.py:1
python0267	oracle-none/picker	name	content	src/documents/tests/search/test_backend.py:380:12	picker	13.7	content: by name, 2 declarations	src/documents/tests/search/_ast_helpers.py:23;src/documents/tests/test_classifier.py:1045	
python0268	ok	type	UiSettings	src/documents/tests/test_api_documents.py:2966:8	jump	8.6	UiSettings: via import src/documents/models.py	src/documents/models.py:755	src/documents/models.py:755
python0269	ok	call	crontab	src/paperless/tests/settings/test_custom_parsers.py:221:24	jump	78.1	crontab: via import celery.schedules	.venv/lib/python3.11/site-packages/celery/schedules.py:323	.venv/lib/python3.11/site-packages/celery/schedules.py:323
