swift0000	oracle-none/stay	call	XCTAssertEqual	Tests/ResponseSerializationTests.swift:1009:8	stay	14.9	no definition for XCTAssertEqual		
swift0001	oracle-none/stay	call	XCTAssertNil	Tests/WebSocketTests.swift:516:8	stay	4.7	no definition for XCTAssertNil		
swift0002	pick-hit	name	validators	Source/Core/Request.swift:520:25	picker	13.0	validators: at a declaration, 1 other by name	Source/Core/Request.swift:207	Source/Core/Request.swift:207
swift0003	WRONG	type	OSStatus	Source/Core/AFError.swift:151:62	jump	4.2	OSStatus: by name, 1 match	Source/Features/ServerTrustEvaluation.swift:710	/private/var/folders/3_/2z6rxrbd7m7_4817ppdvtvb40000gn/T/sourcekit-lsp/GeneratedInterfaces/5482526458293327776/Darwin.MacTypes.swiftinterface:31
swift0004	pick-hit	member	bytes	Tests/TestHelpers.swift:92:22	picker	3.9	bytes: by name, 4 declarations	Tests/TestHelpers.swift:63;Tests/TestHelpers.swift:158;Tests/TestHelpers.swift:535;Source/Core/DataStreamRequest.swift:166	Tests/TestHelpers.swift:63
swift0005	pick-hit	member	websocket	Tests/WebSocketTests.swift:500:34	picker	3.9	websocket: by name, 2 declarations	Tests/TestHelpers.swift:82;Tests/TestHelpers.swift:258	Tests/TestHelpers.swift:258
swift0006	pick-miss	name	id	Source/Core/DataRequest.swift:64:23	picker	4.2	id: by name, 3 declarations	Source/Core/Request.swift:69;Source/Features/MultipartFormData.swift:557;Source/Features/MultipartFormData.swift:575	Source/Core/DataRequest.swift:54
swift0007	pick-hit	member	isInputFileNil	Tests/ResponseSerializationTests.swift:880:50	picker	3.9	isInputFileNil: by name, 2 declarations	Tests/AFError+AlamofireTests.swift:115;Tests/AFError+AlamofireTests.swift:276	Tests/AFError+AlamofireTests.swift:115
swift0008	oracle-none/picker	member	fulfill	Tests/RequestTests.swift:761:55	picker	7.7	fulfill: by name, 3 declarations	Tests/ConcurrencyTests.swift:484;Tests/ConcurrencyTests.swift:510;Tests/ConcurrencyTests.swift:538	
swift0009	ok	type	DecodableResponseSerializer	Tests/ResponseSerializationTests.swift:650:25	jump	4.0	DecodableResponseSerializer: by name, 1 match	Source/Features/ResponseSerialization.swift:462	Source/Features/ResponseSerialization.swift:462;Source/Features/ResponseSerialization.swift:476
swift0010	pick-hit	type	Request	Source/Features/EventMonitor.swift:275:35	picker	4.4	Request: by name, 9 declarations	Source/Core/Notifications.swift:27;Source/Core/Request.swift:29;Source/Core/Request.swift:1130;Source/Core/Request.swift:1149;Source/Core/Request.swift:1155;Source/Core/Request.swift:1161	Source/Core/Request.swift:29
swift0011	none	call	shouldCreateTask	Source/Core/Session.swift:1266:18	stay	5.1	no definition for shouldCreateTask		Source/Core/Session.swift:1248
swift0012	pick-hit	call	lock	Source/Core/Protected.swift:39:8	picker	4.0	lock: by name, 5 declarations	Source/Core/Protected.swift:28;Source/Core/Protected.swift:68;Source/Core/Protected.swift:86;Source/Core/Protected.swift:88;Tests/AuthenticationInterceptorTests.swift:64	Source/Core/Protected.swift:28
swift0013	pick-hit	call	ResponseCacher	Source/Features/CachedResponseHandler.swift:64:35	picker	3.7	ResponseCacher: by name, 2 declarations	Source/Features/CachedResponseHandler.swift:50;Source/Features/CachedResponseHandler.swift:77	Source/Features/CachedResponseHandler.swift:50;Source/Features/CachedResponseHandler.swift:72
swift0014	pick-hit	member	download	Tests/ValidationTests.swift:206:16	picker	8.8	download: by name, 15 declarations	Source/Core/Session.swift:612;Source/Core/Session.swift:649;Source/Core/Session.swift:678;Source/Core/Session.swift:715;Tests/DownloadTests.swift:537;Tests/DownloadTests.swift:571	Tests/TestHelpers.swift:457
swift0015	ok	call	MockError	Tests/RequestInterceptorTests.swift:471:60	jump	3.8	MockError: by name, 1 match	Tests/RequestInterceptorTests.swift:29	Tests/RequestInterceptorTests.swift:29
swift0016	pick-miss	name	error	Source/Core/SessionDelegate.swift:116:81	picker	7.4	error: by name, 50 declarations	Source/Core/DataStreamRequest.swift:66;Source/Core/DataStreamRequest.swift:501;Source/Core/Request.swift:135;Source/Core/Request.swift:260;Source/Core/Response.swift:59;Source/Core/Response.swift:244	Source/Core/SessionDelegate.swift:115
swift0017	pick-hit	member	resumeData	Tests/DownloadTests.swift:668:33	picker	4.2	resumeData: by name, 4 declarations	Source/Core/DownloadRequest.swift:98;Source/Core/DownloadRequest.swift:106;Source/Core/DownloadRequest.swift:118;Source/Core/Response.swift:226	Source/Core/Response.swift:226
swift0018	pick-hit	member	trust	Tests/ServerTrustEvaluatorTests.swift:410:73	picker	8.3	trust: by name, 9 declarations	Tests/ServerTrustEvaluatorTests.swift:80;Tests/ServerTrustEvaluatorTests.swift:130;Tests/ServerTrustEvaluatorTests.swift:208;Tests/ServerTrustEvaluatorTests.swift:254;Tests/ServerTrustEvaluatorTests.swift:293;Tests/ServerTrustEvaluatorTests.swift:334	Tests/ServerTrustEvaluatorTests.swift:80
swift0019	pick-hit	member	trust	Tests/ServerTrustEvaluatorTests.swift:1368:49	picker	8.2	trust: by name, 9 declarations	Tests/ServerTrustEvaluatorTests.swift:80;Tests/ServerTrustEvaluatorTests.swift:130;Tests/ServerTrustEvaluatorTests.swift:208;Tests/ServerTrustEvaluatorTests.swift:254;Tests/ServerTrustEvaluatorTests.swift:293;Tests/ServerTrustEvaluatorTests.swift:334	Tests/ServerTrustEvaluatorTests.swift:80
swift0020	pick-hit	member	indexInBrackets	Tests/ParameterEncoderTests.swift:529:60	picker	4.1	indexInBrackets: by name, 2 declarations	Source/Core/ParameterEncoding.swift:89;Source/Features/URLEncodedFormEncoder.swift:62	Source/Features/URLEncodedFormEncoder.swift:62
swift0021	ok	member	refreshState	Source/Features/AuthenticationInterceptor.swift:392:21	jump	7.1	refreshState → AuthenticationInterceptor.MutableState.refreshState (by name, 1 match)	Source/Features/AuthenticationInterceptor.swift:215	Source/Features/AuthenticationInterceptor.swift:215
swift0022	oracle-none/stay	call	XCTAssertEqual	Tests/AuthenticationInterceptorTests.swift:1405:8	stay	4.7	no definition for XCTAssertEqual		
swift0023	pick-hit	type	Session	Source/Alamofire.swift:37:16	picker	4.2	Session: by name, 6 declarations	Source/Core/Session.swift:30;Source/Core/Session.swift:1334;Source/Core/Session.swift:1385;Tests/CachedResponseHandlerTests.swift:241;Tests/TestHelpers.swift:355;Tests/WebSocketTests.swift:729	Source/Core/Session.swift:30
swift0024	WRONG	type	Data	Source/Core/UploadRequest.swift:32:18	jump	4.0	Data: by name, 1 match	Tests/TestHelpers.swift:484	/private/var/folders/3_/2z6rxrbd7m7_4817ppdvtvb40000gn/T/sourcekit-lsp/GeneratedInterfaces/2050708599472381410/Foundation.swiftinterface:8944
swift0025	oracle-none/stay	call	XCTAssertEqual	Tests/RequestModifierTests.swift:89:8	stay	4.5	no definition for XCTAssertEqual		
swift0026	pick-hit	name	headers	Tests/HTTPHeadersTests.swift:104:23	picker	6.1	headers: by name, 34 declarations	Tests/HTTPHeadersTests.swift:82;Tests/HTTPHeadersTests.swift:94;Tests/HTTPHeadersTests.swift:109;Tests/HTTPHeadersTests.swift:120;Example/Source/DetailViewController.swift:30;Example/Source/DetailViewController.swift:49	Tests/HTTPHeadersTests.swift:94
swift0027	none	member	setFailureType	Source/Features/Combine.swift:301:17	stay	4.9	no definition for setFailureType		/private/var/folders/3_/2z6rxrbd7m7_4817ppdvtvb40000gn/T/sourcekit-lsp/GeneratedInterfaces/2893112596364755853/Combine.swiftinterface:2256
swift0028	pick-miss	member	description	Source/Core/Instant.swift:61:14	picker	7.8	description: by name, 12 declarations	Source/Core/Instant.swift:60;Source/Core/HTTPHeaders.swift:179;Source/Core/HTTPHeaders.swift:207;Source/Core/Request.swift:1164;Source/Core/Response.swift:90;Source/Core/Response.swift:278	/private/var/folders/3_/2z6rxrbd7m7_4817ppdvtvb40000gn/T/sourcekit-lsp/GeneratedInterfaces/5840456040469098929/Swift.Math.Floating.swiftinterface:8002
swift0029	none	member	iOS	Package@swift-6.0.swift:30:35	stay	4.4	no definition for iOS		/private/var/folders/3_/2z6rxrbd7m7_4817ppdvtvb40000gn/T/sourcekit-lsp/GeneratedInterfaces/8772362477050359555/PackageDescription.swiftinterface:1960
swift0030	pick-miss	type	URLRequest	Source/Features/RequestCompression.swift:70:36	picker	3.6	URLRequest: by name, 4 declarations	Source/Core/HTTPHeaders.swift:446;Source/Core/URLConvertible+URLRequestConvertible.swift:82;Source/Core/URLConvertible+URLRequestConvertible.swift:89;Source/Extensions/URLRequest+Alamofire.swift:27	/private/var/folders/3_/2z6rxrbd7m7_4817ppdvtvb40000gn/T/sourcekit-lsp/GeneratedInterfaces/4755895417629935304/Foundation.swiftinterface:35025
swift0031	pick-hit	call	serialize	Source/Features/URLEncodedFormEncoder.swift:1102:19	picker	4.8	serialize: by name, 14 declarations	Source/Features/URLEncodedFormEncoder.swift:1070;Source/Features/URLEncodedFormEncoder.swift:1081;Source/Features/URLEncodedFormEncoder.swift:1089;Source/Features/URLEncodedFormEncoder.swift:1099;Source/Core/DataStreamRequest.swift:527;Source/Core/DataStreamRequest.swift:547	Source/Features/URLEncodedFormEncoder.swift:1081
swift0032	pick-hit	call	Session	Tests/ConcurrencyTests.swift:194:29	picker	4.4	Session: by name, 6 declarations	Source/Core/Session.swift:30;Source/Core/Session.swift:1334;Source/Core/Session.swift:1385;Tests/CachedResponseHandlerTests.swift:241;Tests/TestHelpers.swift:355;Tests/WebSocketTests.swift:729	Source/Core/Session.swift:30;Source/Core/Session.swift:201
swift0033	pick-hit	member	resumeData	Tests/DownloadTests.swift:560:30	picker	7.8	resumeData: by name, 4 declarations	Source/Core/DownloadRequest.swift:98;Source/Core/DownloadRequest.swift:106;Source/Core/DownloadRequest.swift:118;Source/Core/Response.swift:226	Source/Core/DownloadRequest.swift:118
swift0034	ok	member	stringContainerRead	Tests/ProtectedTests.swift:218:21	jump	3.7	stringContainerRead → ProtectedHighContentionTests.stringContainerRead (by name, 1 match)	Tests/ProtectedTests.swift:111	Tests/ProtectedTests.swift:111
swift0035	pick-hit	call	Session	Tests/SessionTests.swift:1095:22	picker	4.8	Session: by name, 6 declarations	Source/Core/Session.swift:30;Source/Core/Session.swift:1334;Source/Core/Session.swift:1385;Tests/CachedResponseHandlerTests.swift:241;Tests/TestHelpers.swift:355;Tests/WebSocketTests.swift:729	Source/Core/Session.swift:30;Source/Core/Session.swift:201
swift0036	pick-hit	member	options	Source/Features/RetryPolicy.swift:44:71	picker	4.0	options: by name, 4 declarations	Source/Core/HTTPMethod.swift:39;Source/Core/ParameterEncoding.swift:262;Source/Features/ResponseSerialization.swift:365;Source/Features/ServerTrustEvaluation.swift:157	Source/Core/HTTPMethod.swift:39
swift0037	none	member	onQueue	Source/Core/Request.swift:564:41	stay	4.6	no definition for onQueue		/private/var/folders/3_/2z6rxrbd7m7_4817ppdvtvb40000gn/T/sourcekit-lsp/GeneratedInterfaces/8966550810307939946/Dispatch.swiftinterface:3565
swift0038	oracle-none/picker	member	fulfill	Tests/RedirectHandlerTests.swift:157:24	picker	7.2	fulfill: by name, 3 declarations	Tests/ConcurrencyTests.swift:484;Tests/ConcurrencyTests.swift:510;Tests/ConcurrencyTests.swift:538	
swift0039	none	type	ISO8601DateFormatter	Source/Features/URLEncodedFormEncoder.swift:130:56	stay	4.6	no definition for ISO8601DateFormatter		/private/var/folders/3_/2z6rxrbd7m7_4817ppdvtvb40000gn/T/sourcekit-lsp/GeneratedInterfaces/4435652192077691589/Foundation.NSISO8601DateFormatter.swiftinterface:52
swift0040	pick-hit	name	cachePolicy	Tests/TestHelpers.swift:309:30	picker	3.9	cachePolicy: by name, 5 declarations	Tests/TestHelpers.swift:291;Tests/CacheTests.swift:226;Tests/CacheTests.swift:238;Tests/CacheTests.swift:250;Tests/CacheTests.swift:262	Tests/TestHelpers.swift:291
swift0041	ok	type	CombineTestCase	Tests/CombineTests.swift:508:43	jump	4.1	CombineTestCase: by name, 1 match	Tests/CombineTests.swift:1506	Tests/CombineTests.swift:1506
swift0042	pick-miss	member	failure	Source/Extensions/Result+Alamofire.swift:114:24	picker	3.6	failure: by name, 2 declarations	Source/Extensions/Result+Alamofire.swift:51;Tests/Result+AlamofireTests.swift:42	/private/var/folders/3_/2z6rxrbd7m7_4817ppdvtvb40000gn/T/sourcekit-lsp/GeneratedInterfaces/7551707899838734384/Swift.Result.swiftinterface:9
swift0043	oracle-none/stay	call	XCTAssertEqual	Tests/DataStreamTests.swift:417:8	stay	4.6	no definition for XCTAssertEqual		
swift0044	oracle-none/picker	call	expectation	Tests/DownloadTests.swift:425:41	picker	9.5	expectation: by name, 166 declarations	Tests/DownloadTests.swift:35;Tests/DownloadTests.swift:57;Tests/DownloadTests.swift:91;Tests/DownloadTests.swift:126;Tests/DownloadTests.swift:156;Tests/DownloadTests.swift:183	
swift0045	oracle-none/picker	member	credential	Source/Core/SessionDelegate.swift:119:61	picker	11.2	credential: by name, 39 declarations	Source/Core/SessionDelegate.swift:67;Source/Core/HTTPHeaders.swift:261;Source/Core/Request.swift:124;Source/Core/Request.swift:199;Source/Core/Request.swift:805;Source/Core/Session.swift:1426	
swift0046	pick-hit	member	value	Source/Core/Instant.swift:54:24	picker	10.2	value: by name, 34 declarations	Source/Core/Instant.swift:35;Example/Source/DetailViewController.swift:163;Source/Core/DataStreamRequest.swift:494;Source/Core/HTTPHeaders.swift:112;Source/Core/HTTPHeaders.swift:193;Source/Core/ParameterEncoding.swift:234	Source/Core/Instant.swift:35
swift0047	pick-hit	call	append	Tests/InspectorEventMonitor.swift:212:8	picker	3.9	append: by name, 6 declarations	Tests/InspectorEventMonitor.swift:57;Source/Features/MultipartFormData.swift:148;Source/Features/MultipartFormData.swift:172;Source/Features/MultipartFormData.swift:198;Source/Features/MultipartFormData.swift:284;Source/Features/MultipartFormData.swift:305	Tests/InspectorEventMonitor.swift:57
swift0048	pick-hit	member	method	Tests/TestHelpers.swift:447:34	picker	8.7	method: by name, 11 declarations	Tests/TestHelpers.swift:74;Tests/TestHelpers.swift:204;Tests/TestHelpers.swift:287;Source/Core/Request.swift:1167;Source/Core/Request.swift:1184;Source/Core/Session.swift:288	Tests/TestHelpers.swift:287
swift0049	pick-miss	type	URL	Source/Features/EventMonitor.swift:565:81	picker	3.9	URL: by name, 2 declarations	Source/Core/URLConvertible+URLRequestConvertible.swift:49;Tests/TestHelpers.swift:33	/private/var/folders/3_/2z6rxrbd7m7_4817ppdvtvb40000gn/T/sourcekit-lsp/GeneratedInterfaces/2082143577059315396/Foundation.swiftinterface:32075
swift0050	pick-miss	member	append	Tests/MultipartFormDataTests.swift:281:25	picker	7.5	append: by name, 6 declarations	Source/Features/MultipartFormData.swift:148;Source/Features/MultipartFormData.swift:172;Source/Features/MultipartFormData.swift:198;Source/Features/MultipartFormData.swift:284;Source/Features/MultipartFormData.swift:305;Tests/InspectorEventMonitor.swift:57	/private/var/folders/3_/2z6rxrbd7m7_4817ppdvtvb40000gn/T/sourcekit-lsp/GeneratedInterfaces/3654450471586116955/Foundation.swiftinterface:9167
swift0051	pick-hit	member	metrics	Source/Core/DataStreamRequest.swift:328:58	picker	4.1	metrics: by name, 6 declarations	Source/Core/DataStreamRequest.swift:64;Source/Core/Request.swift:131;Source/Core/Request.swift:250;Source/Core/Response.swift:47;Source/Core/Response.swift:232;Source/Core/WebSocketRequest.swift:86	Source/Core/Request.swift:250
swift0052	oracle-none/picker	member	data	Example/Source/DetailViewController.swift:131:55	picker	12.6	data: by name, 54 declarations	Source/Core/DataRequest.swift:32;Source/Core/DataRequest.swift:35;Source/Core/ParameterEncoder.swift:82;Source/Core/ParameterEncoding.swift:285;Source/Core/ParameterEncoding.swift:317;Source/Core/Response.swift:41	
swift0053	on-decl	name	mimeType	Source/Features/MultipartFormData.swift:148:85	picker	3.7	mimeType: by name, 2 declarations	Source/Features/MultipartFormData.swift:552;Source/Features/MultipartFormData.swift:572	Source/Features/MultipartFormData.swift:148
swift0054	oracle-none/picker	member	contentType	Tests/UploadTests.swift:362:58	picker	7.7	contentType: by name, 8 declarations	Tests/UploadTests.swift:315;Tests/UploadTests.swift:361;Tests/UploadTests.swift:509;Tests/UploadTests.swift:583;Source/Core/HTTPHeaders.swift:314;Source/Features/MultipartFormData.swift:98	
swift0055	oracle-none/picker	member	request	Source/Features/EventMonitor.swift:562:26	picker	32.8	request: by name, 405 declarations	Source/Features/EventMonitor.swift:103;Source/Features/EventMonitor.swift:106;Source/Features/EventMonitor.swift:109;Source/Features/EventMonitor.swift:112;Source/Features/EventMonitor.swift:115;Source/Features/EventMonitor.swift:118	
swift0056	oracle-none/jump	member	leafValidDNSName	Tests/ServerTrustEvaluatorTests.swift:122:63	jump	4.0	leafValidDNSName → TestCertificates.leafValidDNSName (via TestCertificates)	Tests/ServerTrustEvaluatorTests.swift:50	
swift0057	oracle-none/stay	call	waitForExpectations	Tests/UploadTests.swift:753:8	stay	4.5	no definition for waitForExpectations		
swift0058	oracle-none/jump	call	StringResponseSerializer	Tests/ResponseSerializationTests.swift:970:25	jump	3.8	StringResponseSerializer: by name, 1 match	Source/Features/ResponseSerialization.swift:272	
swift0059	pick-hit	member	isSuccess	Tests/ResponseSerializationTests.swift:1265:29	picker	7.4	isSuccess: by name, 4 declarations	Source/Extensions/Result+Alamofire.swift:34;Source/Features/ServerTrustEvaluation.swift:713;Source/Features/ServerTrustEvaluation.swift:719;Tests/Result+AlamofireTests.swift:28	Tests/Result+AlamofireTests.swift:28
swift0060	pick-hit	member	retry	Tests/RequestInterceptorTests.swift:736:47	picker	5.5	retry: by name, 20 declarations	Tests/RequestInterceptorTests.swift:39;Tests/RequestInterceptorTests.swift:54;Tests/RequestInterceptorTests.swift:69;Tests/RequestInterceptorTests.swift:701;Tests/RequestInterceptorTests.swift:735;Source/Core/Request.swift:1048	Source/Features/RequestInterceptor.swift:69
swift0061	pick-hit	name	response	Tests/ConcurrencyTests.swift:735:16	picker	13.7	response: by name, 267 declarations	Tests/ConcurrencyTests.swift:166;Tests/ConcurrencyTests.swift:366;Tests/ConcurrencyTests.swift:718;Source/Core/DataRequest.swift:220;Source/Core/DataRequest.swift:227;Source/Core/DataRequest.swift:263	Tests/ConcurrencyTests.swift:718
swift0062	pick-miss	name	request	Source/Core/RequestTaskMap.swift:48:30	picker	17.1	request: by name, 405 declarations	Example/Source/DetailViewController.swift:33;Source/Core/DataStreamRequest.swift:60;Source/Core/DataStreamRequest.swift:71;Source/Core/DownloadRequest.swift:96;Source/Core/Notifications.swift:51;Source/Core/Notifications.swift:103	Source/Core/RequestTaskMap.swift:47
swift0063	pick-hit	call	Session	Tests/SessionTests.swift:851:22	picker	5.0	Session: by name, 6 declarations	Source/Core/Session.swift:30;Source/Core/Session.swift:1334;Source/Core/Session.swift:1385;Tests/CachedResponseHandlerTests.swift:241;Tests/TestHelpers.swift:355;Tests/WebSocketTests.swift:729	Source/Core/Session.swift:30;Source/Core/Session.swift:201
swift0064	pick-hit	name	eventMonitor	Tests/RequestTests.swift:692:8	picker	6.7	eventMonitor: by name, 25 declarations	Tests/RequestTests.swift:423;Tests/RequestTests.swift:450;Tests/RequestTests.swift:477;Tests/RequestTests.swift:507;Tests/RequestTests.swift:537;Tests/RequestTests.swift:567	Tests/RequestTests.swift:684
swift0065	pick-hit	name	timeout	Tests/DownloadTests.swift:821:37	picker	4.2	timeout: by name, 4 declarations	Source/Features/OfflineRetrier.swift:164;Source/Features/OfflineRetrier.swift:249;Tests/BaseTestCase.swift:57;Tests/TestHelpers.swift:289	Tests/BaseTestCase.swift:57
swift0066	oracle-none/stay	call	XCTAssertEqual	Tests/ParameterEncoderTests.swift:303:8	stay	4.6	no definition for XCTAssertEqual		
swift0067	none	member	requestBodyStreamExhausted	Tests/RetryPolicyTests.swift:122:55	stay	4.5	no definition for requestBodyStreamExhausted		/private/var/folders/3_/2z6rxrbd7m7_4817ppdvtvb40000gn/T/sourcekit-lsp/GeneratedInterfaces/1731935948756605409/Foundation.swiftinterface:34873
swift0068	oracle-none/picker	member	fulfill	Tests/CombineTests.swift:955:67	picker	7.5	fulfill: by name, 3 declarations	Tests/ConcurrencyTests.swift:484;Tests/ConcurrencyTests.swift:510;Tests/ConcurrencyTests.swift:538	
swift0069	ok	call	TestCredential	Tests/AuthenticationInterceptorTests.swift:1151:33	jump	4.1	TestCredential → AuthenticationInterceptorTestCase.TestCredential (by name, 1 match)	Tests/AuthenticationInterceptorTests.swift:32	Tests/AuthenticationInterceptorTests.swift:32;Tests/AuthenticationInterceptorTests.swift:40
swift0070	pick-hit	type	AFError	Tests/ValidationTests.swift:386:27	picker	4.1	AFError: by name, 24 declarations	Source/Core/AFError.swift:33;Source/Core/AFError.swift:254;Source/Core/AFError.swift:368;Source/Core/AFError.swift:466;Source/Core/AFError.swift:478;Source/Core/AFError.swift:489	Source/Core/AFError.swift:33
swift0071	pick-miss	type	Value	Source/Features/Combine.swift:262:69	picker	3.8	Value: by name, 2 declarations	Tests/ParameterEncodingTests.swift:604;Tests/ParameterEncodingTests.swift:616	Source/Features/Combine.swift:258
swift0072	pick-hit	member	isFailure	Tests/AuthenticationInterceptorTests.swift:1449:52	picker	4.0	isFailure: by name, 2 declarations	Source/Extensions/Result+Alamofire.swift:40;Tests/Result+AlamofireTests.swift:33	Tests/Result+AlamofireTests.swift:33
swift0073	oracle-none/picker	member	fulfill	Tests/DataStreamTests.swift:1037:19	picker	7.5	fulfill: by name, 3 declarations	Tests/ConcurrencyTests.swift:484;Tests/ConcurrencyTests.swift:510;Tests/ConcurrencyTests.swift:538	
swift0074	WRONG	name	refreshResult	Tests/AuthenticationInterceptorTests.swift:1186:46	jump	4.2	refreshResult → AuthenticationInterceptorTestCase.TestAuthenticator.refreshResult (by name, 1 match)	Tests/AuthenticationInterceptorTests.swift:63	Tests/AuthenticationInterceptorTests.swift:67
swift0075	oracle-none/stay	call	XCTAssertEqual	Tests/AuthenticationInterceptorTests.swift:1047:8	stay	4.7	no definition for XCTAssertEqual		
swift0076	pick-miss	type	Failure	Source/Core/DataStreamRequest.swift:302:120	picker	3.9	Failure: by name, 8 declarations	Source/Core/WebSocketRequest.swift:510;Source/Core/WebSocketRequest.swift:531;Source/Features/Combine.swift:37;Source/Features/Combine.swift:92;Source/Features/Combine.swift:260;Source/Features/Combine.swift:312	Source/Core/DataStreamRequest.swift:301
swift0077	WRONG	type	Data	Tests/SessionTests.swift:505:35	jump	4.1	Data: by name, 1 match	Tests/TestHelpers.swift:484	/private/var/folders/3_/2z6rxrbd7m7_4817ppdvtvb40000gn/T/sourcekit-lsp/GeneratedInterfaces/8557871295305220533/Foundation.swiftinterface:8944
swift0078	pick-hit	member	isEmpty	Tests/SessionTests.swift:1318:35	picker	7.4	isEmpty: by name, 2 declarations	Source/Core/RequestTaskMap.swift:102;Source/Features/Validation.swift:287	Source/Core/RequestTaskMap.swift:102
swift0079	pick-hit	member	cURLDescription	Tests/RequestTests.swift:1182:71	picker	4.6	cURLDescription: by name, 8 declarations	Tests/RequestTests.swift:1157;Tests/RequestTests.swift:1177;Tests/RequestTests.swift:1227;Tests/RequestTests.swift:1316;Tests/RequestTests.swift:1346;Source/Core/Request.swift:909	Source/Core/Request.swift:931
swift0080	pick-hit	type	Request	Source/Features/EventMonitor.swift:680:38	picker	4.3	Request: by name, 9 declarations	Source/Core/Notifications.swift:27;Source/Core/Request.swift:29;Source/Core/Request.swift:1130;Source/Core/Request.swift:1149;Source/Core/Request.swift:1155;Source/Core/Request.swift:1161	Source/Core/Request.swift:29
swift0081	ok	call	RequestHandler	Tests/SessionTests.swift:1582:22	jump	4.3	RequestHandler → SessionTestCase.RequestHandler (by name, 1 match)	Tests/SessionTests.swift:90	Tests/SessionTests.swift:90;Tests/SessionTests.swift:114
swift0082	pick-hit	call	Session	Tests/DownloadTests.swift:840:29	picker	4.4	Session: by name, 6 declarations	Source/Core/Session.swift:30;Source/Core/Session.swift:1334;Source/Core/Session.swift:1385;Tests/CachedResponseHandlerTests.swift:241;Tests/TestHelpers.swift:355;Tests/WebSocketTests.swift:729	Source/Core/Session.swift:30;Source/Core/Session.swift:201
swift0083	oracle-none/stay	call	XCTAssertNotNil	Tests/ResponseTests.swift:505:8	stay	4.5	no definition for XCTAssertNotNil		
swift0084	oracle-none/jump	call	Data	Example/Source/DetailViewController.swift:129:61	jump	3.8	Data: by name, 1 match	Tests/TestHelpers.swift:484	
swift0085	pick-miss	type	URLRequest	Source/Core/Session.swift:284:56	picker	4.1	URLRequest: by name, 4 declarations	Source/Core/HTTPHeaders.swift:446;Source/Core/URLConvertible+URLRequestConvertible.swift:82;Source/Core/URLConvertible+URLRequestConvertible.swift:89;Source/Extensions/URLRequest+Alamofire.swift:27	/private/var/folders/3_/2z6rxrbd7m7_4817ppdvtvb40000gn/T/sourcekit-lsp/GeneratedInterfaces/1266127685115585326/Foundation.swiftinterface:35025
swift0086	oracle-none/picker	member	uploadable	Tests/UploadTests.swift:541:39	picker	8.1	uploadable: by name, 6 declarations	Source/Core/Session.swift:751;Source/Core/Session.swift:1132;Source/Core/Session.swift:1225;Source/Core/UploadRequest.swift:52;Source/Core/UploadRequest.swift:152;Source/Features/MultipartUpload.swift:57	
swift0087	pick-hit	type	DataRequest	Tests/InspectorEventMonitor.swift:199:35	picker	4.6	DataRequest: by name, 7 declarations	Source/Core/DataRequest.swift:28;Source/Features/Combine.swift:133;Source/Features/Concurrency.swift:170;Source/Features/Validation.swift:146;Tests/Request+AlamofireTests.swift:27;Tests/RequestInterceptorTests.swift:570	Source/Core/DataRequest.swift:28
swift0088	pick-hit	member	encode	Source/Core/ParameterEncoder.swift:176:76	picker	9.7	encode: by name, 42 declarations	Source/Core/ParameterEncoder.swift:38;Source/Core/ParameterEncoder.swift:75;Source/Core/ParameterEncoder.swift:159;Source/Core/ParameterEncoding.swift:40;Source/Core/ParameterEncoding.swift:93;Source/Core/ParameterEncoding.swift:114	Source/Features/URLEncodedFormEncoder.swift:450
swift0089	oracle-none/stay	call	XCTAssertEqual	Tests/AuthenticationInterceptorTests.swift:770:8	stay	4.9	no definition for XCTAssertEqual		
swift0090	pick-hit	member	queue1Complete	Tests/ProtectedTests.swift:175:37	picker	7.2	queue1Complete: by name, 2 declarations	Tests/ProtectedTests.swift:95;Tests/ProtectedTests.swift:103	Tests/ProtectedTests.swift:95
swift0091	none	type	URLSession	Tests/InspectorEventMonitor.swift:104:31	stay	4.5	no definition for URLSession		/private/var/folders/3_/2z6rxrbd7m7_4817ppdvtvb40000gn/T/sourcekit-lsp/GeneratedInterfaces/4173456964283431064/Foundation.NSURLSession.swiftinterface:5
swift0092	pick-hit	type	AFError	Tests/SessionTests.swift:618:42	picker	4.5	AFError: by name, 24 declarations	Source/Core/AFError.swift:33;Source/Core/AFError.swift:254;Source/Core/AFError.swift:368;Source/Core/AFError.swift:466;Source/Core/AFError.swift:478;Source/Core/AFError.swift:489	Source/Core/AFError.swift:33
swift0093	pick-miss	member	cachePolicy	Tests/TestHelpers.swift:309:16	picker	7.4	cachePolicy: by name, 5 declarations	Tests/TestHelpers.swift:291;Tests/CacheTests.swift:226;Tests/CacheTests.swift:238;Tests/CacheTests.swift:250;Tests/CacheTests.swift:262	/private/var/folders/3_/2z6rxrbd7m7_4817ppdvtvb40000gn/T/sourcekit-lsp/GeneratedInterfaces/4509503893712820011/Foundation.swiftinterface:35046
swift0094	oracle-none/stay	name	macOS	Tests/WebSocketTests.swift:703:11	stay	4.6	no definition for macOS		
swift0095	ok	member	serverTrustEvaluationFailed	Source/Features/ServerTrustEvaluation.swift:191:24	jump	3.9	serverTrustEvaluationFailed → AFError.serverTrustEvaluationFailed (via AFError)	Source/Core/AFError.swift:220	Source/Core/AFError.swift:220
swift0096	oracle-none/stay	call	XCTAssertNotNil	Tests/ResponseTests.swift:49:8	stay	4.5	no definition for XCTAssertNotNil		
swift0097	ok	member	MIMEType	Tests/MIMETypeTests.swift:127:45	jump	3.6	MIMEType → Request.MIMEType (via Request)	Source/Features/Validation.swift:35	Source/Features/Validation.swift:35
swift0098	ok	member	performUploadRequest	Source/Core/Session.swift:1178:54	jump	4.0	performUploadRequest → Session.performUploadRequest (by name, 1 match)	Source/Core/Session.swift:1220	Source/Core/Session.swift:1220
swift0099	oracle-none/picker	member	finished	Tests/RequestTests.swift:531:39	picker	4.3	finished: by name, 2 declarations	Source/Core/Request.swift:47;Tests/RequestInterceptorTests.swift:571	
swift0100	pick-hit	member	write	Source/Core/Request.swift:303:21	picker	7.6	write: by name, 5 declarations	Source/Core/Protected.swift:114;Source/Core/Protected.swift:121;Source/Features/MultipartFormData.swift:433;Source/Features/MultipartFormData.swift:487;Source/Features/MultipartFormData.swift:494	Source/Core/Protected.swift:114
swift0101	pick-hit	call	upload	Source/Core/Session.swift:911:15	picker	5.3	upload: by name, 18 declarations	Source/Core/Session.swift:779;Source/Core/Session.swift:809;Source/Core/Session.swift:837;Source/Core/Session.swift:869;Source/Core/Session.swift:899;Source/Core/Session.swift:925	Source/Core/Session.swift:925
swift0102	pick-hit	call	createStream	Source/Features/Concurrency.swift:792:8	picker	4.1	createStream: by name, 2 declarations	Source/Features/Concurrency.swift:658;Source/Features/Concurrency.swift:831	Source/Features/Concurrency.swift:831
swift0103	ok	call	takeRedirectHandler	Tests/RedirectHandlerTests.swift:237:8	jump	3.6	takeRedirectHandler → StaticRedirectHandlerTests.takeRedirectHandler (by name, 1 match)	Tests/RedirectHandlerTests.swift:231	Tests/RedirectHandlerTests.swift:231
swift0104	pick-miss	name	error	Source/Core/SessionDelegate.swift:389:110	picker	7.3	error: by name, 50 declarations	Source/Core/DataStreamRequest.swift:66;Source/Core/DataStreamRequest.swift:501;Source/Core/Request.swift:135;Source/Core/Request.swift:260;Source/Core/Response.swift:59;Source/Core/Response.swift:244	Source/Core/SessionDelegate.swift:388
swift0105	pick-hit	type	EncodingCharacters	Source/Features/MultipartFormData.swift:395:14	picker	4.0	EncodingCharacters: by name, 2 declarations	Source/Features/MultipartFormData.swift:48;Tests/MultipartFormDataTests.swift:29	Source/Features/MultipartFormData.swift:48
swift0106	ok	member	exponentialBackoffBase	Source/Features/RetryPolicy.swift:301:13	jump	3.6	exponentialBackoffBase → RetryPolicy.exponentialBackoffBase (by name, 1 match)	Source/Features/RetryPolicy.swift:266	Source/Features/RetryPolicy.swift:266
swift0107	WRONG	name	maximumAttempts	Tests/AuthenticationInterceptorTests.swift:979:87	jump	4.0	maximumAttempts → AuthenticationInterceptor.RefreshWindow.maximumAttempts (by name, 1 match)	Source/Features/AuthenticationInterceptor.swift:180	Source/Features/AuthenticationInterceptor.swift:187
swift0108	oracle-none/stay	call	XCTAssertEqual	Tests/AuthenticationInterceptorTests.swift:175:8	stay	4.7	no definition for XCTAssertEqual		
swift0109	ok	member	inputDataNilOrZeroLength	Source/Features/ResponseSerialization.swift:389:67	jump	3.7	inputDataNilOrZeroLength → AFError.ResponseSerializationFailureReason.inputDataNilOrZeroLength (by name, 1 match)	Source/Core/AFError.swift:119	Source/Core/AFError.swift:119
swift0110	pick-hit	member	request	Tests/SessionTests.swift:1454:30	picker	33.3	request: at a declaration, 404 others by name	Tests/SessionTests.swift:479;Tests/SessionTests.swift:508;Tests/SessionTests.swift:538;Tests/SessionTests.swift:598;Tests/SessionTests.swift:1064;Tests/SessionTests.swift:1101	Tests/TestHelpers.swift:390
swift0111	pick-hit	member	trust	Tests/ServerTrustEvaluatorTests.swift:859:49	picker	8.4	trust: by name, 9 declarations	Tests/ServerTrustEvaluatorTests.swift:80;Tests/ServerTrustEvaluatorTests.swift:130;Tests/ServerTrustEvaluatorTests.swift:208;Tests/ServerTrustEvaluatorTests.swift:254;Tests/ServerTrustEvaluatorTests.swift:293;Tests/ServerTrustEvaluatorTests.swift:334	Tests/ServerTrustEvaluatorTests.swift:80
swift0112	oracle-none/stay	call	waitForExpectations	Tests/AuthenticationInterceptorTests.swift:321:8	stay	4.7	no definition for waitForExpectations		
swift0113	oracle-none/stay	call	dispatchPrecondition	Tests/CombineTests.swift:330:26	stay	4.6	no definition for dispatchPrecondition		
swift0114	none	call	InputStream	Tests/UploadTests.swift:140:26	stay	4.7	no definition for InputStream		/private/var/folders/3_/2z6rxrbd7m7_4817ppdvtvb40000gn/T/sourcekit-lsp/GeneratedInterfaces/2243397420892693624/Foundation.NSStream.swiftinterface:70;/private/var/folders/3_/2z6rxrbd7m7_4817ppdvtvb40000gn/T/sourcekit-lsp/GeneratedInterfaces/2243397420892693624/Foundation.NSStream.swiftinterface:81
swift0115	ok	member	post	Tests/RequestTests.swift:261:57	jump	3.9	post → HTTPMethod.post (by name, 1 match)	Source/Core/HTTPMethod.swift:43	Source/Core/HTTPMethod.swift:43
swift0116	pick-miss	type	URLRequest	Source/Features/EventMonitor.swift:453:114	picker	3.8	URLRequest: by name, 4 declarations	Source/Core/HTTPHeaders.swift:446;Source/Core/URLConvertible+URLRequestConvertible.swift:82;Source/Core/URLConvertible+URLRequestConvertible.swift:89;Source/Extensions/URLRequest+Alamofire.swift:27	/private/var/folders/3_/2z6rxrbd7m7_4817ppdvtvb40000gn/T/sourcekit-lsp/GeneratedInterfaces/2082143577059315396/Foundation.swiftinterface:35025
swift0117	oracle-none/stay	member	setTaskCompletedWithSnapshot	watchOS Example/watchOS Example WatchKit Extension/ExtensionDelegate.swift:50:33	stay	7.0	no definition for setTaskCompletedWithSnapshot		
swift0118	oracle-none/stay	call	XCTAssertNil	Tests/ResponseSerializationTests.swift:1069:8	stay	4.7	no definition for XCTAssertNil		
swift0119	oracle-none/stay	call	XCTAssertNil	Tests/RequestTests.swift:146:8	stay	4.7	no definition for XCTAssertNil		
swift0120	oracle-none/stay	call	XCTAssertEqual	Tests/SessionTests.swift:770:8	stay	4.7	no definition for XCTAssertEqual		
swift0121	oracle-none/picker	member	retryCalledCount	Tests/UploadTests.swift:814:31	picker	8.1	retryCalledCount: by name, 5 declarations	Tests/RequestInterceptorTests.swift:665;Tests/SessionTests.swift:95;Tests/SessionTests.swift:110;Tests/SessionTests.swift:196;Tests/SessionTests.swift:205	
swift0122	oracle-none/stay	call	XCTFail	Tests/ConcurrencyTests.swift:756:20	stay	4.7	no definition for XCTFail		
swift0123	oracle-none/picker	call	expectation	Tests/RedirectHandlerTests.swift:96:26	picker	9.4	expectation: at a declaration, 165 others by name	Tests/RedirectHandlerTests.swift:43;Tests/RedirectHandlerTests.swift:69;Tests/RedirectHandlerTests.swift:126;Tests/RedirectHandlerTests.swift:152;Tests/RedirectHandlerTests.swift:181;Tests/RedirectHandlerTests.swift:209	
swift0124	pick-hit	member	upload	Tests/UploadTests.swift:200:16	picker	9.2	upload: by name, 18 declarations	Tests/UploadTests.swift:336;Tests/UploadTests.swift:688;Source/Core/Session.swift:779;Source/Core/Session.swift:809;Source/Core/Session.swift:837;Source/Core/Session.swift:869	Source/Core/Session.swift:779
swift0125	pick-miss	name	stream	Source/Features/Combine.swift:332:36	picker	4.9	stream: by name, 9 declarations	Source/Core/DataStreamRequest.swift:51;Source/Core/UploadRequest.swift:37;Source/Features/Concurrency.swift:98;Source/Features/Concurrency.swift:920;Source/Features/MultipartFormData.swift:150;Tests/ConcurrencyTests.swift:590	Source/Features/Combine.swift:330
swift0126	pick-hit	member	streamRequest	Tests/DataStreamTests.swift:521:16	picker	7.7	streamRequest: by name, 5 declarations	Source/Core/Session.swift:431;Source/Core/Session.swift:469;Source/Core/Session.swift:501;Tests/TestHelpers.swift:394;Tests/TestHelpers.swift:409	Tests/TestHelpers.swift:409
swift0127	oracle-none/stay	call	waitForExpectations	Tests/RequestTests.swift:775:8	stay	4.7	no definition for waitForExpectations		
swift0128	ok	member	didRequestFailDueToAuthErrorCount	Tests/AuthenticationInterceptorTests.swift:534:37	jump	7.3	didRequestFailDueToAuthErrorCount → AuthenticationInterceptorTestCase.TestAuthenticator.didRequestFailDueToAuthErrorCount (by name, 1 match)	Tests/AuthenticationInterceptorTests.swift:60	Tests/AuthenticationInterceptorTests.swift:60
swift0129	pick-hit	name	timeout	Tests/RequestTests.swift:1214:37	picker	4.1	timeout: by name, 4 declarations	Source/Features/OfflineRetrier.swift:164;Source/Features/OfflineRetrier.swift:249;Tests/BaseTestCase.swift:57;Tests/TestHelpers.swift:289	Tests/BaseTestCase.swift:57
swift0130	ok	call	TestCredential	Tests/AuthenticationInterceptorTests.swift:149:25	jump	4.0	TestCredential → AuthenticationInterceptorTestCase.TestCredential (by name, 1 match)	Tests/AuthenticationInterceptorTests.swift:32	Tests/AuthenticationInterceptorTests.swift:32;Tests/AuthenticationInterceptorTests.swift:40
swift0131	ok	type	HTTPMethod	Source/Core/DataRequest.swift:390:56	jump	3.6	HTTPMethod: by name, 1 match	Source/Core/HTTPMethod.swift:29	Source/Core/HTTPMethod.swift:29
swift0132	pick-hit	member	response	Tests/ConcurrencyTests.swift:350:89	picker	13.6	response: by name, 267 declarations	Tests/ConcurrencyTests.swift:166;Tests/ConcurrencyTests.swift:366;Tests/ConcurrencyTests.swift:718;Source/Core/DataRequest.swift:220;Source/Core/DataRequest.swift:227;Source/Core/DataRequest.swift:263	Source/Features/Concurrency.swift:375
swift0133	pick-hit	type	DataResponse	Tests/RequestTests.swift:292:22	picker	4.1	DataResponse: by name, 3 declarations	Source/Core/Response.swift:33;Source/Core/Response.swift:87;Source/Core/Response.swift:126	Source/Core/Response.swift:33
swift0134	pick-miss	member	cancel	Tests/ConcurrencyTests.swift:252:13	picker	8.7	cancel: by name, 17 declarations	Source/Core/DataStreamRequest.swift:41;Source/Core/DataStreamRequest.swift:78;Source/Core/DownloadRequest.swift:227;Source/Core/DownloadRequest.swift:239;Source/Core/DownloadRequest.swift:256;Source/Core/DownloadRequest.swift:266	/private/var/folders/3_/2z6rxrbd7m7_4817ppdvtvb40000gn/T/sourcekit-lsp/GeneratedInterfaces/5701023757361687536/Swift.swiftinterface:101557
swift0135	pick-hit	member	eventMonitor	Source/Core/Request.swift:76:28	picker	6.4	eventMonitor: by name, 25 declarations	Source/Core/Request.swift:75;Source/Core/Request.swift:120;Source/Core/Request.swift:1077;Source/Core/Session.swift:84;Source/Core/SessionDelegate.swift:32;Tests/AuthenticationInterceptorTests.swift:548	Source/Core/Request.swift:120
swift0136	pick-hit	member	stream	Tests/TestHelpers.swift:239:24	picker	4.8	stream: by name, 9 declarations	Tests/TestHelpers.swift:80;Tests/TestHelpers.swift:238;Source/Core/DataStreamRequest.swift:51;Source/Core/UploadRequest.swift:37;Source/Features/Concurrency.swift:98;Source/Features/Concurrency.swift:920	Tests/TestHelpers.swift:80
swift0137	ok	call	AuthenticationInterceptor	Tests/AuthenticationInterceptorTests.swift:1419:26	jump	4.0	AuthenticationInterceptor: by name, 1 match	Source/Features/AuthenticationInterceptor.swift:160	Source/Features/AuthenticationInterceptor.swift:160;Source/Features/AuthenticationInterceptor.swift:258
swift0138	pick-hit	call	Session	Tests/OfflineRetrierTests.swift:109:22	picker	4.2	Session: by name, 6 declarations	Source/Core/Session.swift:30;Source/Core/Session.swift:1334;Source/Core/Session.swift:1385;Tests/CachedResponseHandlerTests.swift:241;Tests/TestHelpers.swift:355;Tests/WebSocketTests.swift:729	Source/Core/Session.swift:30;Source/Core/Session.swift:201
swift0139	oracle-none/stay	type	WKRefreshBackgroundTask	watchOS Example/watchOS Example WatchKit Extension/ExtensionDelegate.swift:28:39	stay	4.6	no definition for WKRefreshBackgroundTask		
swift0140	pick-hit	member	request	Tests/RequestTests.swift:164:16	picker	34.3	request: by name, 405 declarations	Tests/RequestTests.swift:129;Tests/RequestTests.swift:439;Tests/RequestTests.swift:466;Tests/RequestTests.swift:493;Tests/RequestTests.swift:523;Tests/RequestTests.swift:553	Source/Core/Session.swift:318
swift0141	pick-hit	member	requestDidResume	Source/Core/Request.swift:428:22	picker	4.6	requestDidResume: by name, 8 declarations	Source/Core/Notifications.swift:87;Source/Features/EventMonitor.swift:137;Source/Features/EventMonitor.swift:282;Source/Features/EventMonitor.swift:489;Source/Features/EventMonitor.swift:671;Source/Features/EventMonitor.swift:844	Source/Core/Notifications.swift:87;Source/Features/EventMonitor.swift:137;Source/Features/EventMonitor.swift:282;Source/Features/EventMonitor.swift:489
swift0142	oracle-none/picker	member	isFailure	Tests/ParameterEncoderTests.swift:676:29	picker	7.4	isFailure: by name, 2 declarations	Source/Extensions/Result+Alamofire.swift:40;Tests/Result+AlamofireTests.swift:33	
swift0143	ok	member	resumed	Source/Core/Request.swift:56:69	jump	4.0	resumed → Request.State.resumed (by name, 1 match)	Source/Core/Request.swift:37	Source/Core/Request.swift:37
swift0144	on-decl	name	retryableHTTPStatusCodes	Source/Features/RetryPolicy.swift:364:35	jump	3.6	retryableHTTPStatusCodes → RetryPolicy.retryableHTTPStatusCodes (by name, 1 match)	Source/Features/RetryPolicy.swift:275	Source/Features/RetryPolicy.swift:364
swift0145	pick-miss	type	DispatchQueue	Source/Core/Request.swift:99:71	picker	3.9	DispatchQueue: by name, 3 declarations	Source/Extensions/DispatchQueue+Alamofire.swift:28;Source/Features/Concurrency.swift:898;Tests/DispatchQueue+AlamofireTests.swift:27	/private/var/folders/3_/2z6rxrbd7m7_4817ppdvtvb40000gn/T/sourcekit-lsp/GeneratedInterfaces/8966550810307939946/Dispatch.swiftinterface:203
swift0146	pick-hit	call	Endpoint	Tests/TestHelpers.swift:231:8	picker	3.9	Endpoint: by name, 3 declarations	Tests/TestHelpers.swift:37;Tests/TestHelpers.swift:301;Tests/TestHelpers.swift:315	Tests/TestHelpers.swift:37
swift0147	none	call	SecPolicyCreateSSL	Tests/ServerTrustEvaluatorTests.swift:338:24	stay	4.7	no definition for SecPolicyCreateSSL		/private/var/folders/3_/2z6rxrbd7m7_4817ppdvtvb40000gn/T/sourcekit-lsp/GeneratedInterfaces/7175896409784234666/Security.SecPolicy.swiftinterface:169
swift0148	pick-hit	call	Instant	Tests/InstantTests.swift:44:21	picker	3.6	Instant: by name, 3 declarations	Source/Core/Instant.swift:34;Source/Core/Instant.swift:58;Source/Core/Instant.swift:59	Source/Core/Instant.swift:34;Source/Core/Instant.swift:42
swift0149	oracle-none/picker	name	timeout	Tests/ResponseTests.swift:260:28	picker	3.9	timeout: by name, 4 declarations	Source/Features/OfflineRetrier.swift:164;Source/Features/OfflineRetrier.swift:249;Tests/BaseTestCase.swift:57;Tests/TestHelpers.swift:289	
swift0150	pick-hit	type	RequestInterceptor	Tests/TestHelpers.swift:423:70	picker	3.9	RequestInterceptor: by name, 7 declarations	Source/Features/OfflineRetrier.swift:184;Source/Features/RequestCompression.swift:124;Source/Features/RequestInterceptor.swift:119;Source/Features/RequestInterceptor.swift:121;Source/Features/RequestInterceptor.swift:341;Source/Features/RetryPolicy.swift:342	Source/Features/RequestInterceptor.swift:119
swift0151	pick-miss	type	Result	Tests/RequestInterceptorTests.swift:668:35	picker	3.9	Result: by name, 3 declarations	Source/Extensions/Result+Alamofire.swift:32;Source/Features/OfflineRetrier.swift:248;Tests/Result+AlamofireTests.swift:27	/private/var/folders/3_/2z6rxrbd7m7_4817ppdvtvb40000gn/T/sourcekit-lsp/GeneratedInterfaces/4039692752431486546/Swift.Result.swiftinterface:3
swift0152	none	member	utf8	Tests/MultipartFormDataTests.swift:336:14	stay	4.6	no definition for utf8		/private/var/folders/3_/2z6rxrbd7m7_4817ppdvtvb40000gn/T/sourcekit-lsp/GeneratedInterfaces/3654450471586116955/Swift.String.swiftinterface:19624
swift0153	WRONG	type	Data	Tests/RedirectHandlerTests.swift:151:35	jump	3.7	Data: by name, 1 match	Tests/TestHelpers.swift:484	/private/var/folders/3_/2z6rxrbd7m7_4817ppdvtvb40000gn/T/sourcekit-lsp/GeneratedInterfaces/9127791835037635619/Foundation.swiftinterface:8944
swift0154	pick-miss	call	DispatchQueue	Tests/RequestTests.swift:1727:20	picker	4.2	DispatchQueue: by name, 3 declarations	Source/Extensions/DispatchQueue+Alamofire.swift:28;Source/Features/Concurrency.swift:898;Tests/DispatchQueue+AlamofireTests.swift:27	/private/var/folders/3_/2z6rxrbd7m7_4817ppdvtvb40000gn/T/sourcekit-lsp/GeneratedInterfaces/8838275882029001028/Dispatch.swiftinterface:203;/private/var/folders/3_/2z6rxrbd7m7_4817ppdvtvb40000gn/T/sourcekit-lsp/GeneratedInterfaces/8838275882029001028/Dispatch.swiftinterface:395
swift0155	none	member	flatMap	Tests/RequestTests.swift:1538:68	stay	5.0	no definition for flatMap		/private/var/folders/3_/2z6rxrbd7m7_4817ppdvtvb40000gn/T/sourcekit-lsp/GeneratedInterfaces/8838275882029001028/Swift.Optional.swiftinterface:464
swift0156	pick-miss	type	Result	Tests/ServerTrustEvaluatorTests.swift:1225:21	picker	3.9	Result: by name, 3 declarations	Source/Extensions/Result+Alamofire.swift:32;Source/Features/OfflineRetrier.swift:248;Tests/Result+AlamofireTests.swift:27	/private/var/folders/3_/2z6rxrbd7m7_4817ppdvtvb40000gn/T/sourcekit-lsp/GeneratedInterfaces/7175896409784234666/Swift.Result.swiftinterface:3;/private/var/folders/3_/2z6rxrbd7m7_4817ppdvtvb40000gn/T/sourcekit-lsp/GeneratedInterfaces/7175896409784234666/Swift.Result.swiftinterface:73
swift0157	oracle-none/stay	call	waitForExpectations	Tests/SessionTests.swift:1571:8	stay	5.0	no definition for waitForExpectations		
swift0158	oracle-none/stay	call	waitForExpectations	Tests/RequestModifierTests.swift:202:8	stay	4.6	no definition for waitForExpectations		
swift0159	oracle-none/stay	name	of	Tests/ConcurrencyTests.swift:559:26	stay	4.5	no definition for of		
swift0160	pick-hit	member	result	Tests/AuthenticationInterceptorTests.swift:1507:39	picker	13.8	result: by name, 279 declarations	Tests/AuthenticationInterceptorTests.swift:88;Source/Core/AFError.swift:148;Source/Core/DataRequest.swift:148;Source/Core/DataRequest.swift:223;Source/Core/DataRequest.swift:250;Source/Core/DataRequest.swift:291	Source/Core/Response.swift:53
swift0161	ok	member	NetworkReachabilityStatus	Tests/NetworkReachabilityManagerTests.swift:281:48	jump	4.0	NetworkReachabilityStatus → NetworkReachabilityManager.NetworkReachabilityStatus (via NetworkReachabilityManager)	Source/Features/NetworkReachabilityManager.swift:43	Source/Features/NetworkReachabilityManager.swift:43;Source/Features/NetworkReachabilityManager.swift:51
swift0162	pick-hit	member	asAFError	Tests/ResponseSerializationTests.swift:1010:39	picker	4.0	asAFError: by name, 3 declarations	Source/Core/AFError.swift:234;Source/Core/AFError.swift:239;Source/Core/AFError.swift:247	Source/Core/AFError.swift:234
swift0163	ok	call	DataMutableState	Source/Core/DataRequest.swift:41:45	jump	3.7	DataMutableState → DataRequest.DataMutableState (by name, 1 match)	Source/Core/DataRequest.swift:34	Source/Core/DataRequest.swift:34
swift0164	ok	type	URLEncodedFormComponent	Source/Features/URLEncodedFormEncoder.swift:547:45	jump	3.8	URLEncodedFormComponent: by name, 1 match	Source/Features/URLEncodedFormEncoder.swift:546	Source/Features/URLEncodedFormEncoder.swift:546
swift0165	oracle-none/picker	member	fulfill	Tests/SessionTests.swift:1939:27	picker	7.6	fulfill: by name, 3 declarations	Tests/ConcurrencyTests.swift:484;Tests/ConcurrencyTests.swift:510;Tests/ConcurrencyTests.swift:538	
swift0166	pick-hit	type	AFError	Source/Features/EventMonitor.swift:701:73	picker	4.6	AFError: by name, 24 declarations	Source/Core/AFError.swift:33;Source/Core/AFError.swift:254;Source/Core/AFError.swift:368;Source/Core/AFError.swift:466;Source/Core/AFError.swift:478;Source/Core/AFError.swift:489	Source/Core/AFError.swift:33
swift0167	oracle-none/stay	call	XCTAssertNotNil	Tests/DownloadTests.swift:766:8	stay	4.7	no definition for XCTAssertNotNil		
swift0168	pick-hit	type	Endpoint	Tests/RequestTests.swift:261:24	picker	4.0	Endpoint: by name, 3 declarations	Tests/TestHelpers.swift:37;Tests/TestHelpers.swift:301;Tests/TestHelpers.swift:315	Tests/TestHelpers.swift:37
swift0169	oracle-none/stay	call	XCTAssertNotNil	Tests/ResponseTests.swift:360:8	stay	4.4	no definition for XCTAssertNotNil		
swift0170	pick-hit	member	result	Tests/ResponseTests.swift:478:33	picker	13.4	result: by name, 279 declarations	Source/Core/AFError.swift:148;Source/Core/DataRequest.swift:148;Source/Core/DataRequest.swift:223;Source/Core/DataRequest.swift:250;Source/Core/DataRequest.swift:291;Source/Core/DataStreamRequest.swift:207	Source/Core/Response.swift:53
swift0171	ok	type	TestResponse	Tests/CombineTests.swift:388:35	jump	4.3	TestResponse: by name, 1 match	Tests/TestHelpers.swift:494	Tests/TestHelpers.swift:494
swift0172	none	member	dynamic	Package@swift-6.2.swift:35:68	stay	4.5	no definition for dynamic		/private/var/folders/3_/2z6rxrbd7m7_4817ppdvtvb40000gn/T/sourcekit-lsp/GeneratedInterfaces/5228102388173916273/PackageDescription.swiftinterface:2172
swift0173	oracle-none/stay	call	XCTAssertNotNil	Tests/UploadTests.swift:308:8	stay	4.5	no definition for XCTAssertNotNil		
swift0174	oracle-none/picker	name	timeout	Tests/UploadTests.swift:43:28	picker	4.0	timeout: by name, 4 declarations	Source/Features/OfflineRetrier.swift:164;Source/Features/OfflineRetrier.swift:249;Tests/BaseTestCase.swift:57;Tests/TestHelpers.swift:289	
swift0175	ok	member	read	Source/Core/DownloadRequest.swift:127:52	jump	7.5	read → Protected.read (by name, 1 match)	Source/Core/Protected.swift:104	Source/Core/Protected.swift:104
swift0176	pick-hit	call	Session	Tests/RequestInterceptorTests.swift:482:22	picker	4.5	Session: by name, 6 declarations	Source/Core/Session.swift:30;Source/Core/Session.swift:1334;Source/Core/Session.swift:1385;Tests/CachedResponseHandlerTests.swift:241;Tests/TestHelpers.swift:355;Tests/WebSocketTests.swift:729	Source/Core/Session.swift:30;Source/Core/Session.swift:201
swift0177	pick-hit	type	Request	Source/Features/EventMonitor.swift:453:35	picker	4.4	Request: by name, 9 declarations	Source/Core/Notifications.swift:27;Source/Core/Request.swift:29;Source/Core/Request.swift:1130;Source/Core/Request.swift:1149;Source/Core/Request.swift:1155;Source/Core/Request.swift:1161	Source/Core/Request.swift:29
swift0178	pick-miss	name	task	Source/Core/DownloadRequest.swift:298:64	picker	6.0	task: by name, 38 declarations	Source/Core/DownloadRequest.swift:205;Source/Core/DownloadRequest.swift:216;Source/Core/DataRequest.swift:119;Source/Core/DataStreamRequest.swift:146;Source/Core/Request.swift:239;Source/Core/Request.swift:700	Source/Core/DownloadRequest.swift:278
swift0179	ok	member	endpoints	Tests/OfflineRetrierTests.swift:147:44	jump	3.8	endpoints → URLRequestConvertible.endpoints (by name, 1 match)	Tests/TestHelpers.swift:350	Tests/TestHelpers.swift:350
swift0180	none	name	interceptors	Source/Features/RequestInterceptor.swift:256:35	stay	4.5	no definition for interceptors		Source/Features/RequestInterceptor.swift:255
swift0181	none	type	URLSession	Source/Features/EventMonitor.swift:241:38	stay	4.6	no definition for URLSession		/private/var/folders/3_/2z6rxrbd7m7_4817ppdvtvb40000gn/T/sourcekit-lsp/GeneratedInterfaces/2082143577059315396/Foundation.NSURLSession.swiftinterface:5
swift0182	ok	type	HTTPMethod	Source/Core/Session.swift:319:30	jump	3.8	HTTPMethod: by name, 1 match	Source/Core/HTTPMethod.swift:29	Source/Core/HTTPMethod.swift:29
swift0183	pick-hit	name	gatheredMetrics	Tests/SessionTests.swift:1837:52	picker	4.5	gatheredMetrics: by name, 5 declarations	Tests/SessionTests.swift:1736;Tests/SessionTests.swift:1784;Tests/SessionTests.swift:1832;Tests/SessionTests.swift:1880;Tests/SessionTests.swift:1925	Tests/SessionTests.swift:1832
swift0184	pick-hit	member	result	Tests/AuthenticationInterceptorTests.swift:1508:39	picker	14.1	result: by name, 279 declarations	Tests/AuthenticationInterceptorTests.swift:88;Source/Core/AFError.swift:148;Source/Core/DataRequest.swift:148;Source/Core/DataRequest.swift:223;Source/Core/DataRequest.swift:250;Source/Core/DataRequest.swift:291	Source/Core/Response.swift:53
swift0185	oracle-none/picker	call	expectation	Tests/RequestModifierTests.swift:36:23	picker	9.6	expectation: by name, 166 declarations	Tests/AuthenticationTests.swift:35;Tests/AuthenticationTests.swift:63;Tests/AuthenticationTests.swift:91;Tests/AuthenticationTests.swift:124;Tests/AuthenticationTests.swift:155;Tests/AuthenticationTests.swift:183	
swift0186	pick-hit	member	method	Tests/UploadTests.swift:531:50	picker	4.3	method: via Endpoint, 2 declarations	Tests/TestHelpers.swift:204;Tests/TestHelpers.swift:287	Tests/TestHelpers.swift:204
swift0187	ok	type	TestResponse	Tests/CombineTests.swift:443:40	jump	4.1	TestResponse: by name, 1 match	Tests/TestHelpers.swift:494	Tests/TestHelpers.swift:494
swift0188	ok	type	DecodableResponseSerializer	Tests/ResponseSerializationTests.swift:707:25	jump	3.9	DecodableResponseSerializer: by name, 1 match	Source/Features/ResponseSerialization.swift:462	Source/Features/ResponseSerialization.swift:462;Source/Features/ResponseSerialization.swift:476
swift0189	pick-hit	call	url	Tests/UploadTests.swift:58:23	picker	8.0	url: by name, 63 declarations	Tests/UploadTests.swift:87;Tests/UploadTests.swift:108;Tests/UploadTests.swift:193;Tests/UploadTests.swift:218;Tests/UploadTests.swift:285;Tests/UploadTests.swift:326	Tests/BaseTestCase.swift:104
swift0190	oracle-none/picker	member	pong	Tests/WebSocketTests.swift:413:34	picker	4.0	pong: by name, 2 declarations	Source/Core/WebSocketRequest.swift:126;Source/Core/WebSocketRequest.swift:297	
swift0191	pick-hit	member	download	Tests/CombineTests.swift:1046:20	picker	8.7	download: by name, 15 declarations	Source/Core/Session.swift:612;Source/Core/Session.swift:649;Source/Core/Session.swift:678;Source/Core/Session.swift:715;Tests/DownloadTests.swift:537;Tests/DownloadTests.swift:571	Tests/TestHelpers.swift:457
swift0192	oracle-none/picker	member	fulfill	Tests/URLProtocolTests.swift:159:28	picker	7.2	fulfill: by name, 3 declarations	Tests/ConcurrencyTests.swift:484;Tests/ConcurrencyTests.swift:510;Tests/ConcurrencyTests.swift:538	
swift0193	oracle-none/picker	call	expectation	Tests/RequestTests.swift:721:21	picker	9.7	expectation: by name, 166 declarations	Tests/RequestTests.swift:36;Tests/RequestTests.swift:158;Tests/RequestTests.swift:206;Tests/RequestTests.swift:256;Tests/RequestTests.swift:291;Tests/RequestTests.swift:312	
swift0194	oracle-none/stay	call	XCTAssertEqual	Tests/AuthenticationInterceptorTests.swift:1509:8	stay	4.9	no definition for XCTAssertEqual		
swift0195	pick-miss	name	response	Tests/ResponseSerializationTests.swift:1110:77	picker	14.1	response: by name, 267 declarations	Tests/ResponseSerializationTests.swift:81;Tests/ResponseSerializationTests.swift:97;Tests/ResponseSerializationTests.swift:113;Tests/ResponseSerializationTests.swift:129;Tests/ResponseSerializationTests.swift:200;Tests/ResponseSerializationTests.swift:231	Source/Features/ResponseSerialization.swift:156
swift0196	pick-hit	member	initial	Tests/MultipartFormDataTests.swift:114:61	picker	4.5	initial: by name, 2 declarations	Tests/MultipartFormDataTests.swift:35;Source/Features/MultipartFormData.swift:54	Tests/MultipartFormDataTests.swift:35
swift0197	pick-miss	call	handler	Source/Features/Concurrency.swift:727:40	picker	5.6	handler: by name, 14 declarations	Tests/SessionTests.swift:945;Tests/SessionTests.swift:980;Tests/SessionTests.swift:1020;Tests/SessionTests.swift:1056;Tests/SessionTests.swift:1133;Tests/SessionTests.swift:1169	Source/Features/Concurrency.swift:724
swift0198	none	type	Sendable	Source/Features/RequestInterceptor.swift:150:31	stay	5.2	no definition for Sendable		/private/var/folders/3_/2z6rxrbd7m7_4817ppdvtvb40000gn/T/sourcekit-lsp/GeneratedInterfaces/3984403572133733833/Swift.Misc.swiftinterface:342
swift0199	oracle-none/stay	call	XCTAssertNotNil	Tests/ValidationTests.swift:482:8	stay	5.2	no definition for XCTAssertNotNil		
swift0200	oracle-none/stay	call	XCTAssertTrue	Tests/ResponseSerializationTests.swift:283:8	stay	5.2	no definition for XCTAssertTrue		
swift0201	none	call	clock_gettime	Source/Core/Instant.swift:44:8	stay	5.0	no definition for clock_gettime		/private/var/folders/3_/2z6rxrbd7m7_4817ppdvtvb40000gn/T/sourcekit-lsp/GeneratedInterfaces/5840456040469098929/_DarwinFoundation2._time.swiftinterface:124
swift0202	none	type	MemoryLayout	Source/Features/RequestCompression.swift:111:52	stay	4.9	no definition for MemoryLayout		/private/var/folders/3_/2z6rxrbd7m7_4817ppdvtvb40000gn/T/sourcekit-lsp/GeneratedInterfaces/4755895417629935304/Swift.C.swiftinterface:30
swift0203	pick-hit	member	isBodyPartInputStreamCreationFailed	Tests/AFError+AlamofireTests.swift:79:68	picker	7.5	isBodyPartInputStreamCreationFailed: by name, 2 declarations	Tests/AFError+AlamofireTests.swift:78;Tests/AFError+AlamofireTests.swift:237	Tests/AFError+AlamofireTests.swift:237
swift0204	pick-hit	type	AFError	Tests/SessionTests.swift:1138:49	picker	5.2	AFError: by name, 24 declarations	Source/Core/AFError.swift:33;Source/Core/AFError.swift:254;Source/Core/AFError.swift:368;Source/Core/AFError.swift:466;Source/Core/AFError.swift:478;Source/Core/AFError.swift:489	Source/Core/AFError.swift:33
swift0205	ok	type	DataDecoder	Source/Core/WebSocketRequest.swift:420:27	jump	4.4	DataDecoder: by name, 1 match	Source/Features/ResponseSerialization.swift:430	Source/Features/ResponseSerialization.swift:430
swift0206	oracle-none/picker	member	result	Tests/RequestTests.swift:1677:25	picker	28.4	result: by name, 279 declarations	Tests/RequestTests.swift:1789;Tests/RequestTests.swift:1810;Tests/RequestTests.swift:1833;Tests/RequestTests.swift:1856;Tests/RequestTests.swift:1878;Tests/RequestTests.swift:1901	
swift0207	ok	call	stored	Tests/ConcurrencyTests.swift:603:22	jump	4.1	stored → BaseTestCase.stored (by name, 1 match)	Tests/BaseTestCase.swift:108	Tests/BaseTestCase.swift:108
swift0208	oracle-none/picker	member	fulfill	Tests/AuthenticationInterceptorTests.swift:1142:24	picker	7.7	fulfill: by name, 3 declarations	Tests/ConcurrencyTests.swift:484;Tests/ConcurrencyTests.swift:510;Tests/ConcurrencyTests.swift:538	
swift0209	pick-hit	member	mutableState	Tests/SessionTests.swift:1234:66	picker	9.0	mutableState: by name, 6 declarations	Tests/SessionTests.swift:106;Tests/SessionTests.swift:201;Source/Core/Request.swift:144;Source/Core/Session.swift:98;Source/Features/AuthenticationInterceptor.swift:245;Source/Features/NetworkReachabilityManager.swift:121	Source/Core/Session.swift:98
swift0210	ok	member	customSerializationFailed	Source/Core/AFError.swift:605:18	jump	4.0	customSerializationFailed → AFError.ResponseSerializationFailureReason.customSerializationFailed (by name, 1 match)	Source/Core/AFError.swift:131	Source/Core/AFError.swift:131
swift0211	oracle-none/picker	call	expectation	Tests/RequestTests.swift:790:29	picker	9.7	expectation: by name, 166 declarations	Tests/RequestTests.swift:36;Tests/RequestTests.swift:158;Tests/RequestTests.swift:206;Tests/RequestTests.swift:256;Tests/RequestTests.swift:291;Tests/RequestTests.swift:312	
swift0212	pick-hit	member	response	Tests/SessionTests.swift:735:31	picker	14.4	response: by name, 267 declarations	Tests/SessionTests.swift:449;Tests/SessionTests.swift:476;Tests/SessionTests.swift:505;Tests/SessionTests.swift:535;Tests/SessionTests.swift:618;Tests/SessionTests.swift:644	Source/Core/Response.swift:38
swift0213	ok	call	streamSerializer	Source/Core/WebSocketRequest.swift:412:8	jump	4.0	streamSerializer → WebSocketRequest.streamSerializer (by name, 1 match)	Source/Core/WebSocketRequest.swift:377	Source/Core/WebSocketRequest.swift:377
swift0214	oracle-none/stay	call	XCTAssertNotNil	Tests/ResponseSerializationTests.swift:74:8	stay	4.8	no definition for XCTAssertNotNil		
swift0215	on-decl	name	result	Tests/RetryPolicyTests.swift:303:27	picker	13.9	result: by name, 279 declarations	Source/Core/AFError.swift:148;Source/Core/DataRequest.swift:148;Source/Core/DataRequest.swift:223;Source/Core/DataRequest.swift:250;Source/Core/DataRequest.swift:291;Source/Core/DataStreamRequest.swift:207	Tests/RetryPolicyTests.swift:303
swift0216	oracle-none/stay	member	statusCode	Tests/DataStreamTests.swift:1022:33	stay	4.8	no definition for statusCode		
swift0217	pick-hit	type	Empty	Tests/ResponseSerializationTests.swift:701:39	picker	3.9	Empty: by name, 2 declarations	Source/Features/ResponseSerialization.swift:416;Source/Features/ResponseSerialization.swift:421	Source/Features/ResponseSerialization.swift:416
swift0218	none	member	Code	Tests/RetryPolicyTests.swift:101:45	stay	7.2	no definition for Code		/private/var/folders/3_/2z6rxrbd7m7_4817ppdvtvb40000gn/T/sourcekit-lsp/GeneratedInterfaces/1731935948756605409/Foundation.swiftinterface:34466
swift0219	ok	member	suspended	Source/Core/Request.swift:56:79	jump	3.8	suspended → Request.State.suspended (by name, 1 match)	Source/Core/Request.swift:40	Source/Core/Request.swift:40
swift0220	pick-hit	type	AFError	Source/Features/EventMonitor.swift:278:100	picker	4.2	AFError: by name, 24 declarations	Source/Core/AFError.swift:33;Source/Core/AFError.swift:254;Source/Core/AFError.swift:368;Source/Core/AFError.swift:466;Source/Core/AFError.swift:478;Source/Core/AFError.swift:489	Source/Core/AFError.swift:33
swift0221	pick-hit	type	AFError	Tests/UploadTests.swift:685:19	picker	4.3	AFError: by name, 24 declarations	Source/Core/AFError.swift:33;Source/Core/AFError.swift:254;Source/Core/AFError.swift:368;Source/Core/AFError.swift:466;Source/Core/AFError.swift:478;Source/Core/AFError.swift:489	Source/Core/AFError.swift:33
swift0222	ok	member	applyCount	Tests/AuthenticationInterceptorTests.swift:614:37	jump	7.5	applyCount → AuthenticationInterceptorTestCase.TestAuthenticator.applyCount (by name, 1 match)	Tests/AuthenticationInterceptorTests.swift:58	Tests/AuthenticationInterceptorTests.swift:58
swift0223	ok	member	Object	Source/Features/URLEncodedFormEncoder.swift:1089:53	jump	3.9	Object → URLEncodedFormComponent.Object (via URLEncodedFormComponent)	Source/Features/URLEncodedFormEncoder.swift:547	Source/Features/URLEncodedFormEncoder.swift:547
swift0224	none	member	cannotCloseFile	Tests/RetryPolicyTests.swift:105:55	stay	4.5	no definition for cannotCloseFile		/private/var/folders/3_/2z6rxrbd7m7_4817ppdvtvb40000gn/T/sourcekit-lsp/GeneratedInterfaces/1731935948756605409/Foundation.swiftinterface:34851
swift0225	ok	member	isValid	Tests/ServerTrustEvaluatorTests.swift:301:29	jump	7.4	isValid → SecTrust.isValid (by name, 1 match)	Tests/ServerTrustEvaluatorTests.swift:152	Tests/ServerTrustEvaluatorTests.swift:152
swift0226	oracle-none/stay	call	XCTAssertEqual	Tests/ParameterEncoderTests.swift:701:8	stay	4.5	no definition for XCTAssertEqual		
swift0227	none	type	JSONEncoder	Source/Core/ParameterEncoder.swift:66:24	stay	4.3	no definition for JSONEncoder		/private/var/folders/3_/2z6rxrbd7m7_4817ppdvtvb40000gn/T/sourcekit-lsp/GeneratedInterfaces/7524616093606647074/Foundation.swiftinterface:19269
swift0228	oracle-none/stay	call	XCTAssertTrue	Tests/ConcurrencyTests.swift:189:8	stay	4.4	no definition for XCTAssertTrue		
swift0229	none	type	Sendable	Source/Core/WebSocketRequest.swift:422:39	stay	4.4	no definition for Sendable		/private/var/folders/3_/2z6rxrbd7m7_4817ppdvtvb40000gn/T/sourcekit-lsp/GeneratedInterfaces/8710148707011373684/Swift.Misc.swiftinterface:342
swift0230	oracle-none/stay	call	XCTAssertEqual	Tests/AuthenticationInterceptorTests.swift:611:8	stay	4.6	no definition for XCTAssertEqual		
swift0231	oracle-none/stay	type	Thread	Tests/CombineTests.swift:827:43	stay	4.6	no definition for Thread		
swift0232	pick-hit	name	didReceive	Tests/DataStreamTests.swift:831:20	picker	4.7	didReceive: by name, 20 declarations	Tests/DataStreamTests.swift:40;Tests/DataStreamTests.swift:85;Tests/DataStreamTests.swift:133;Tests/DataStreamTests.swift:187;Tests/DataStreamTests.swift:238;Tests/DataStreamTests.swift:457	Tests/DataStreamTests.swift:816
swift0233	pick-hit	member	authenticate	Tests/AuthenticationTests.swift:69:13	picker	3.8	authenticate: by name, 2 declarations	Source/Core/Request.swift:804;Source/Core/Request.swift:816	Source/Core/Request.swift:804
swift0234	pick-hit	name	response	Tests/AuthenticationInterceptorTests.swift:1359:23	picker	14.1	response: by name, 267 declarations	Tests/AuthenticationInterceptorTests.swift:156;Tests/AuthenticationInterceptorTests.swift:313;Tests/AuthenticationInterceptorTests.swift:348;Tests/AuthenticationInterceptorTests.swift:393;Tests/AuthenticationInterceptorTests.swift:428;Tests/AuthenticationInterceptorTests.swift:463	Tests/AuthenticationInterceptorTests.swift:1349
swift0235	pick-hit	member	result	Tests/AuthenticationInterceptorTests.swift:1327:38	picker	14.2	result: by name, 279 declarations	Tests/AuthenticationInterceptorTests.swift:88;Source/Core/AFError.swift:148;Source/Core/DataRequest.swift:148;Source/Core/DataRequest.swift:223;Source/Core/DataRequest.swift:250;Source/Core/DataRequest.swift:291	Source/Core/Response.swift:53
swift0236	WRONG	member	SecPolicy	Source/Features/ServerTrustEvaluation.swift:667:87	jump	4.0	SecPolicy: by name, 1 match	Source/Features/ServerTrustEvaluation.swift:646	/private/var/folders/3_/2z6rxrbd7m7_4817ppdvtvb40000gn/T/sourcekit-lsp/GeneratedInterfaces/7747669272392579597/Security.SecBase.swiftinterface:39
swift0237	pick-hit	call	stream	Source/Features/Concurrency.swift:39:8	picker	4.8	stream: by name, 9 declarations	Source/Features/Concurrency.swift:98;Source/Features/Concurrency.swift:920;Source/Core/DataStreamRequest.swift:51;Source/Core/UploadRequest.swift:37;Source/Features/MultipartFormData.swift:150;Tests/ConcurrencyTests.swift:590	Source/Features/Concurrency.swift:98
swift0238	pick-miss	type	URL	Source/Core/AFError.swift:45:41	picker	3.9	URL: by name, 2 declarations	Source/Core/URLConvertible+URLRequestConvertible.swift:49;Tests/TestHelpers.swift:33	/private/var/folders/3_/2z6rxrbd7m7_4817ppdvtvb40000gn/T/sourcekit-lsp/GeneratedInterfaces/5482526458293327776/Foundation.swiftinterface:32075
swift0239	ok	type	URLEncodedFormContext	Source/Features/URLEncodedFormEncoder.swift:493:18	jump	3.9	URLEncodedFormContext: by name, 1 match	Source/Features/URLEncodedFormEncoder.swift:538	Source/Features/URLEncodedFormEncoder.swift:538
swift0240	pick-miss	member	isEmpty	Source/Features/URLEncodedFormEncoder.swift:582:20	picker	7.2	isEmpty: by name, 2 declarations	Source/Core/RequestTaskMap.swift:102;Source/Features/Validation.swift:287	/private/var/folders/3_/2z6rxrbd7m7_4817ppdvtvb40000gn/T/sourcekit-lsp/GeneratedInterfaces/4435652192077691589/Swift.Collection.Array.swiftinterface:2627
swift0241	oracle-none/stay	call	XCTAssertEqual	Tests/ParameterEncodingTests.swift:301:8	stay	4.5	no definition for XCTAssertEqual		
swift0242	ok	member	invalidURL	Tests/ResponseTests.swift:370:31	jump	3.8	invalidURL → String.invalidURL (via String)	Tests/TestHelpers.swift:29	Tests/TestHelpers.swift:29
swift0243	pick-hit	type	ResponseSerializer	Source/Features/ResponseSerialization.swift:462:62	picker	3.7	ResponseSerializer: by name, 5 declarations	Source/Features/ResponseSerialization.swift:64;Source/Features/ResponseSerialization.swift:108;Source/Features/ResponseSerialization.swift:246;Source/Features/ResponseSerialization.swift:326;Source/Features/ResponseSerialization.swift:511	Source/Features/ResponseSerialization.swift:64
swift0244	ok	type	BaseTestCase	Tests/DownloadTests.swift:29:41	jump	3.8	BaseTestCase: by name, 1 match	Tests/BaseTestCase.swift:29	Tests/BaseTestCase.swift:29
swift0245	ok	member	didSuspend	Source/Core/Request.swift:753:41	jump	3.8	didSuspend → Request.didSuspend (by name, 1 match)	Source/Core/Request.swift:441	Source/Core/Request.swift:441
swift0246	pick-hit	member	doNotRetry	Source/Core/Session.swift:1351:42	picker	4.0	doNotRetry: by name, 4 declarations	Source/Features/RequestInterceptor.swift:73;Tests/RequestInterceptorTests.swift:41;Tests/RequestInterceptorTests.swift:56;Tests/RequestInterceptorTests.swift:71	Source/Features/RequestInterceptor.swift:73
swift0247	pick-miss	type	HTTPURLResponse	Source/Features/Concurrency.swift:176:115	picker	4.1	HTTPURLResponse: by name, 2 declarations	Source/Core/HTTPHeaders.swift:454;Tests/ResponseSerializationTests.swift:1402	/private/var/folders/3_/2z6rxrbd7m7_4817ppdvtvb40000gn/T/sourcekit-lsp/GeneratedInterfaces/3999109800757355754/Foundation.NSURLResponse.swiftinterface:95
swift0248	pick-hit	type	Stream	Source/Features/Concurrency.swift:601:111	picker	4.1	Stream: by name, 2 declarations	Source/Features/Concurrency.swift:585;Source/Core/DataStreamRequest.swift:34	Source/Features/Concurrency.swift:585
swift0249	pick-hit	name	timeout	Tests/ValidationTests.swift:215:37	picker	4.1	timeout: by name, 4 declarations	Source/Features/OfflineRetrier.swift:164;Source/Features/OfflineRetrier.swift:249;Tests/BaseTestCase.swift:57;Tests/TestHelpers.swift:289	Tests/BaseTestCase.swift:57
swift0250	pick-hit	member	isReachable	Tests/NetworkReachabilityManagerTests.swift:73:32	picker	3.8	isReachable: by name, 3 declarations	Source/Features/MultipartFormData.swift:216;Source/Features/NetworkReachabilityManager.swift:80;Source/Features/NetworkReachabilityManager.swift:267	Source/Features/NetworkReachabilityManager.swift:80
swift0251	oracle-none/picker	call	expectation	Tests/CombineTests.swift:1179:40	picker	9.5	expectation: by name, 166 declarations	Tests/AuthenticationTests.swift:35;Tests/AuthenticationTests.swift:63;Tests/AuthenticationTests.swift:91;Tests/AuthenticationTests.swift:124;Tests/AuthenticationTests.swift:155;Tests/AuthenticationTests.swift:183	
swift0252	on-decl	type	Interceptor	Tests/RequestInterceptorTests.swift:628:33	jump	3.8	Interceptor: by name, 1 match	Source/Features/RequestInterceptor.swift:221	Tests/RequestInterceptorTests.swift:628
swift0253	pick-miss	member	url	Tests/RedirectHandlerTests.swift:197:43	picker	8.0	url: by name, 63 declarations	Source/Core/AFError.swift:88;Source/Core/AFError.swift:376;Source/Core/AFError.swift:490;Source/Core/DownloadRequest.swift:70;Source/Core/Request.swift:1166;Source/Core/Request.swift:1182	/private/var/folders/3_/2z6rxrbd7m7_4817ppdvtvb40000gn/T/sourcekit-lsp/GeneratedInterfaces/9127791835037635619/Foundation.NSURLResponse.swiftinterface:32
swift0254	none	type	URLSessionTask	Tests/NSLoggingEventMonitor.swift:64:56	stay	4.5	no definition for URLSessionTask		/private/var/folders/3_/2z6rxrbd7m7_4817ppdvtvb40000gn/T/sourcekit-lsp/GeneratedInterfaces/2208563188016435527/Foundation.NSURLSession.swiftinterface:319
swift0255	ok	call	stored	Tests/ConcurrencyTests.swift:34:22	jump	3.7	stored → BaseTestCase.stored (by name, 1 match)	Tests/BaseTestCase.swift:108	Tests/BaseTestCase.swift:108
swift0256	pick-hit	member	final	Tests/MultipartFormDataTests.swift:287:78	picker	4.0	final: by name, 2 declarations	Tests/MultipartFormDataTests.swift:35;Source/Features/MultipartFormData.swift:54	Tests/MultipartFormDataTests.swift:35
swift0257	pick-hit	member	publishDecodable	Tests/CombineTests.swift:729:17	picker	4.0	publishDecodable: by name, 5 declarations	Source/Features/Combine.swift:202;Source/Features/Combine.swift:232;Source/Features/Combine.swift:391;Source/Features/Combine.swift:587;Source/Features/Combine.swift:616	Source/Features/Combine.swift:391
swift0258	oracle-none/stay	call	XCTAssertEqual	Tests/DataStreamTests.swift:339:8	stay	4.6	no definition for XCTAssertEqual		
swift0259	pick-hit	type	AFError	Tests/ConcurrencyTests.swift:243:57	picker	4.1	AFError: by name, 24 declarations	Source/Core/AFError.swift:33;Source/Core/AFError.swift:254;Source/Core/AFError.swift:368;Source/Core/AFError.swift:466;Source/Core/AFError.swift:478;Source/Core/AFError.swift:489	Source/Core/AFError.swift:33
swift0260	ok	type	StringResponseSerializer	Source/Features/ResponseSerialization.swift:328:30	jump	3.6	StringResponseSerializer: by name, 1 match	Source/Features/ResponseSerialization.swift:272	Source/Features/ResponseSerialization.swift:272
swift0261	pick-hit	member	isFailure	Tests/AuthenticationInterceptorTests.swift:1360:40	picker	3.9	isFailure: by name, 2 declarations	Source/Extensions/Result+Alamofire.swift:40;Tests/Result+AlamofireTests.swift:33	Tests/Result+AlamofireTests.swift:33
swift0262	pick-miss	name	interceptor	Tests/RequestTests.swift:1861:43	picker	7.0	interceptor: by name, 59 declarations	Tests/RequestTests.swift:1550;Tests/RequestTests.swift:1609;Source/Core/Request.swift:80;Source/Core/Request.swift:122;Source/Core/Request.swift:993;Source/Core/Session.swift:75	Source/Core/Session.swift:367
swift0263	pick-hit	type	DataResponse	Tests/SessionTests.swift:1333:27	picker	4.3	DataResponse: by name, 3 declarations	Source/Core/Response.swift:33;Source/Core/Response.swift:87;Source/Core/Response.swift:126	Source/Core/Response.swift:33
swift0264	ok	call	DeflateRequestCompressor	Source/Features/RequestCompression.swift:142:8	jump	3.5	DeflateRequestCompressor: by name, 1 match	Source/Features/RequestCompression.swift:39	Source/Features/RequestCompression.swift:39;Source/Features/RequestCompression.swift:64
swift0265	oracle-none/stay	member	downloadProgresses	Tests/ConcurrencyTests.swift:864:31	stay	6.9	no definition for downloadProgresses		
swift0266	none	call	wait	Tests/WebSocketTests.swift:124:8	stay	4.5	no definition for wait		/private/var/folders/3_/2z6rxrbd7m7_4817ppdvtvb40000gn/T/sourcekit-lsp/GeneratedInterfaces/3753028922436335779/_DarwinFoundation3.sys_wait.swiftinterface:36
swift0267	pick-miss	name	mutableState	Tests/SessionTests.swift:213:16	picker	5.0	mutableState: by name, 6 declarations	Tests/SessionTests.swift:106;Tests/SessionTests.swift:201;Source/Core/Request.swift:144;Source/Core/Session.swift:98;Source/Features/AuthenticationInterceptor.swift:245;Source/Features/NetworkReachabilityManager.swift:121	Tests/SessionTests.swift:212
swift0268	pick-miss	type	URL	Tests/ResponseSerializationTests.swift:788:38	picker	4.0	URL: by name, 2 declarations	Source/Core/URLConvertible+URLRequestConvertible.swift:49;Tests/TestHelpers.swift:33	/private/var/folders/3_/2z6rxrbd7m7_4817ppdvtvb40000gn/T/sourcekit-lsp/GeneratedInterfaces/5933721479833742975/Foundation.swiftinterface:32075
swift0269	ok	type	RetryPolicy	Source/Features/RetryPolicy.swift:295:56	jump	3.6	RetryPolicy: by name, 1 match	Source/Features/RetryPolicy.swift:29	Source/Features/RetryPolicy.swift:29
