go0000	on-decl	type	Apps	caddyconfig/httpcaddyfile/options_test.go:196:2	stay	2304.1	no definition for Apps		caddyconfig/httpcaddyfile/options_test.go:196
go0001	ok	member	HTTPChallengeConfig	caddyconfig/httpcaddyfile/tlsapp.go:733:56	jump	3.7	HTTPChallengeConfig: via import modules/caddytls/	modules/caddytls/automation.go:551	modules/caddytls/automation.go:551
go0002	ok	member	Expr	modules/caddyhttp/celmatcher.go:738:30	jump	15.2	Expr: via import cel.dev/cel-go/common/ast	~/go/pkg/mod/cel.dev/cel-go@v0.32.0/common/ast/expr.go:57	~/go/pkg/mod/cel.dev/cel-go@v0.32.0/common/ast/expr.go:57
go0003	ok	name	caddyconfig	caddyconfig/httpcaddyfile/httptype.go:478:13	jump	11.7	caddyconfig: via import github.com/caddyserver/caddy/v2/caddyconfig	caddyconfig/httpcaddyfile/httptype.go:33	caddyconfig/httpcaddyfile/httptype.go:33
go0004	ok	type	HashFilter	modules/logging/filters.go:38:22	jump	9.2	HashFilter: by name, 1 match	modules/logging/filters.go:88	modules/logging/filters.go:88
go0005	pick-hit	member	Get	modules/caddyhttp/encode/encode.go:486:48	picker	2784.4	Get: by name, 4562 declarations	internal/filesystems/map.go:60;modules/caddyhttp/reverseproxy/fastcgi/client.go:284;replacer.go:100;/opt/homebrew/Cellar/go/1.27.1/libexec/src/crypto/internal/boring/bcache/cache.go:80;/opt/homebrew/Cellar/go/1.27.1/libexec/src/crypto/internal/fips140cache/cache.go:32;/opt/homebrew/Cellar/go/1.27.1/libexec/src/crypto/tls/common.go:1750	/opt/homebrew/Cellar/go/1.27.1/libexec/src/sync/pool.go:132
go0006	on-decl	type	MaxHeaderBytes	caddyconfig/httpcaddyfile/serveroptions.go:54:1	picker	16.5	MaxHeaderBytes: at a declaration, 2 others by name	modules/caddyhttp/httpredirectlistener.go:49;modules/caddyhttp/server.go:141	caddyconfig/httpcaddyfile/serveroptions.go:54
go0007	ok	call	isJSONRawMessage	context.go:212:5	jump	8.6	isJSONRawMessage: by name, 1 match	modules.go:355	modules.go:355
go0008	pick-hit	member	Validate	modules/caddyhttp/vars_test.go:143:18	picker	466.9	Validate: by name, 137 declarations (chain broke at tc)	modules/caddyhttp/app.go:425;modules/caddyhttp/encode/encode.go:144;modules/caddyhttp/encode/gzip/gzip.go:69;modules/caddyhttp/fileserver/matcher.go:296;modules/caddyhttp/headers/headers.go:74;modules/caddyhttp/map/map.go:91	modules/caddyhttp/vars.go:442
go0009	none	type	CobraFunc	cmd/commands.go:274:2	stay	365.7	no definition for CobraFunc		cmd/commands.go:73
go0010	ok	member	Err	modules/caddytls/connpolicy.go:708:13	jump	7.2	Err → Dispenser.Err (via d: Dispenser)	caddyconfig/caddyfile/dispenser.go:434	caddyconfig/caddyfile/dispenser.go:434
go0011	pick-hit	member	Errorf	modules/internal/network/networkproxy_test.go:110:5	picker	367.4	Errorf: by name, 30 declarations	/opt/homebrew/Cellar/go/1.27.1/libexec/src/internal/trace/testtrace/validation.go:417;/opt/homebrew/Cellar/go/1.27.1/libexec/src/testing/testing.go:1354;~/go/pkg/mod/github.com/quic-go/quic-go@v0.60.0/internal/utils/log.go:78;~/go/pkg/mod/github.com/stretchr/testify@v1.11.1/assert/assertion_forward.go:318;~/go/pkg/mod/github.com/stretchr/testify@v1.11.1/assert/assertions.go:2035;~/go/pkg/mod/github.com/stretchr/testify@v1.11.1/require/require_forward.go:319	/opt/homebrew/Cellar/go/1.27.1/libexec/src/testing/testing.go:1354
go0012	ok	member	NewReplacer	modules/caddyhttp/tracing/module_test.go:311:15	jump	4.1	NewReplacer: via import ./	replacer.go:34	replacer.go:34
go0013	WRONG	type	Address	modules/caddyhttp/reverseproxy/admin.go:128:3	jump	9.5	Address: by name, 1 match	caddyconfig/httpcaddyfile/addresses.go:367	modules/caddyhttp/reverseproxy/admin.go:37
go0014	on-decl	type	IsNamedRoute	caddyconfig/caddyfile/parse.go:823:1	stay	14.7	IsNamedRoute → ServerBlock.IsNamedRoute (by name, 1 match)		caddyconfig/caddyfile/parse.go:823
go0015	ok	member	NewReader	modules/caddyhttp/reverseproxy/fastcgi/contentlength_test.go:119:76	jump	12.7	NewReader: via import strings	/opt/homebrew/Cellar/go/1.27.1/libexec/src/strings/reader.go:156	/opt/homebrew/Cellar/go/1.27.1/libexec/src/strings/reader.go:156
go0016	ok	member	FileMode	listeners.go:155:18	jump	13.5	FileMode: via import io/fs	/opt/homebrew/Cellar/go/1.27.1/libexec/src/io/fs/fs.go:185	/opt/homebrew/Cellar/go/1.27.1/libexec/src/io/fs/fs.go:185
go0017	none	type	ConfigID	modules/caddytls/storage_clean_test.go:428:5	stay	366.9	no definition for ConfigID		modules/caddytls/ech.go:969
go0018	ok	member	HTTP	caddyconfig/httpcaddyfile/options_test.go:277:84	jump	9.9	HTTP → ChallengesConfig.HTTP (via merged.Challenges: ChallengesConfig)	modules/caddytls/automation.go:510	modules/caddytls/automation.go:510
go0019	ok	member	Request	modules/caddyhttp/matchers.go:423:33	jump	13.8	Request: via import net/http	/opt/homebrew/Cellar/go/1.27.1/libexec/src/net/http/request.go:114	/opt/homebrew/Cellar/go/1.27.1/libexec/src/net/http/request.go:114
go0020	pick-hit	member	Errorf	modules/caddyhttp/fileserver/matcher_test.go:379:5	picker	369.8	Errorf: by name, 30 declarations	/opt/homebrew/Cellar/go/1.27.1/libexec/src/internal/trace/testtrace/validation.go:417;/opt/homebrew/Cellar/go/1.27.1/libexec/src/testing/testing.go:1354;~/go/pkg/mod/github.com/quic-go/quic-go@v0.60.0/internal/utils/log.go:78;~/go/pkg/mod/github.com/stretchr/testify@v1.11.1/assert/assertion_forward.go:318;~/go/pkg/mod/github.com/stretchr/testify@v1.11.1/assert/assertions.go:2035;~/go/pkg/mod/github.com/stretchr/testify@v1.11.1/require/require_forward.go:319	/opt/homebrew/Cellar/go/1.27.1/libexec/src/testing/testing.go:1354
go0021	on-decl	call	ServeHTTP	modules/caddyhttp/rewrite/rewrite.go:132:20	picker	11.4	ServeHTTP: at a declaration, 32 others by name	admin.go:798;admin.go:1389;modules/caddyhttp/caddyauth/caddyauth.go:89;modules/caddyhttp/caddyhttp.go:73;modules/caddyhttp/encode/encode.go:164;modules/caddyhttp/fileserver/staticfiles.go:321	modules/caddyhttp/rewrite/rewrite.go:132
go0022	ok	member	Next	caddyconfig/httpcaddyfile/options.go:570:3	jump	4.2	Next → Dispenser.Next (via d: Dispenser)	caddyconfig/caddyfile/dispenser.go:60	caddyconfig/caddyfile/dispenser.go:60
go0023	ok	type	VarsMatcher	modules/caddyhttp/vars_test.go:78:11	jump	9.0	VarsMatcher: by name, 1 match	modules/caddyhttp/vars.go:136	modules/caddyhttp/vars.go:136
go0024	pick-miss	member	Args	cmd/commandfuncs.go:87:6	picker	373.5	Args: by name, 14 declarations	caddyconfig/caddyfile/dispenser.go:273;modules/caddyhttp/templates/tplcontext.go:53;/opt/homebrew/Cellar/go/1.27.1/libexec/src/flag/flag.go:741;~/go/pkg/mod/cel.dev/cel-go@v0.32.0/common/ast/expr.go:500;~/go/pkg/mod/cel.dev/cel-go@v0.32.0/common/ast/navigable.go:400;~/go/pkg/mod/cel.dev/cel-go@v0.32.0/interpreter/async.go:90	/opt/homebrew/Cellar/go/1.27.1/libexec/src/os/exec/exec.go:160
go0025	ok	member	String	admin.go:449:29	jump	9.2	String → NetworkAddress.String (via parseAdminListenAddr() NetworkAddress)	listeners.go:291	listeners.go:291
go0026	pick-hit	member	Close	caddytest/integration/reverseproxy_test.go:702:36	picker	395.4	Close: by name, 612 declarations	listen.go:177;listen.go:275;listen_unix.go:224;listen_unix.go:250;listen_unix.go:295;listen_unix.go:307	/opt/homebrew/Cellar/go/1.27.1/libexec/src/net/net.go:418
go0027	none	type	DisableRedir	modules/caddyhttp/reverseproxy/command.go:268:48	stay	370.3	no definition for DisableRedir		modules/caddyhttp/autohttps.go:44
go0028	pick-miss	type	ResponseWriter	modules/caddyhttp/encode/sse_test.go:84:25	picker	370.7	ResponseWriter: by name, 3 declarations	/opt/homebrew/Cellar/go/1.27.1/libexec/src/net/http/internal/http2/api.go:126;/opt/homebrew/Cellar/go/1.27.1/libexec/src/net/http/server.go:97;~/go/pkg/mod/github.com/miekg/dns@v1.1.72/server.go:42	modules/caddyhttp/encode/sse_test.go:33
go0029	ok	call	mustCloseRead	modules/caddyhttp/reverseproxy/streaming_test.go:273:3	jump	1.6	mustCloseRead → TestHandlerUpgradedStreamHalfClose.mustCloseRead (local)	modules/caddyhttp/reverseproxy/streaming_test.go:246	modules/caddyhttp/reverseproxy/streaming_test.go:246
go0030	ok	name	heredocMarker	caddyconfig/caddyfile/lexer.go:189:40	jump	1.4	heredocMarker → next.heredocMarker (local)	caddyconfig/caddyfile/lexer.go:110	caddyconfig/caddyfile/lexer.go:110
go0031	ok	call	testParser	caddyconfig/caddyfile/parse_test.go:807:6	jump	9.5	testParser: by name, 1 match	caddyconfig/caddyfile/parse_test.go:1075	caddyconfig/caddyfile/parse_test.go:1075
go0032	ok	type	ShorthandReplacer	caddyconfig/httpcaddyfile/shorthands.go:44:8	jump	8.1	ShorthandReplacer: by name, 1 match	caddyconfig/httpcaddyfile/shorthands.go:15	caddyconfig/httpcaddyfile/shorthands.go:15
go0033	ok	member	OverrideDomain	caddyconfig/httpcaddyfile/tlsapp.go:793:9	jump	8.7	OverrideDomain → DNSChallengeConfig.OverrideDomain (via cloneDNSChallengeConfig() *caddytls.DNSChallengeConfig)	modules/caddytls/automation.go:604	modules/caddytls/automation.go:604
go0034	ok	call	parseUpstreamDialAddress	modules/caddyhttp/reverseproxy/caddyfile.go:160:13	jump	8.8	parseUpstreamDialAddress: by name, 1 match	modules/caddyhttp/reverseproxy/addresses.go:65	modules/caddyhttp/reverseproxy/addresses.go:65
go0035	ok	member	ToLower	modules/caddyhttp/metrics.go:275:27	jump	12.6	ToLower: via import strings	/opt/homebrew/Cellar/go/1.27.1/libexec/src/strings/strings.go:708	/opt/homebrew/Cellar/go/1.27.1/libexec/src/strings/strings.go:708
go0036	ok	member	IPRanges	modules/caddypki/acmeserver/caddyfile.go:121:7	jump	4.2	IPRanges → RuleSet.IPRanges (via r: RuleSet)	modules/caddypki/acmeserver/policy.go:37	modules/caddypki/acmeserver/policy.go:37
go0037	ok	member	Equal	modules/caddyhttp/server_test.go:234:8	jump	15.4	Equal: via import github.com/stretchr/testify/assert	~/go/pkg/mod/github.com/stretchr/testify@v1.11.1/assert/assertions.go:495	~/go/pkg/mod/github.com/stretchr/testify@v1.11.1/assert/assertions.go:495
go0038	on-decl	call	funcMaybe	modules/caddyhttp/templates/tplcontext.go:531:25	stay	8.1	funcMaybe → TemplateContext.funcMaybe (by name, 1 match)		modules/caddyhttp/templates/tplcontext.go:531
go0039	on-decl	call	WriterKey	logging.go:272:1	picker	7.8	WriterKey: implementations of WriterOpener.WriterKey, 6 declarations	logging.go:673;logging.go:676;logging.go:679;modules/logging/filewriter.go:182;modules/logging/netwriter.go:88;caddytest/integration/panic_test.go:92	logging.go:272
go0040	pick-miss	member	Interface	modules/logging/filters.go:397:20	picker	360.7	Interface: by name, 11 declarations	/opt/homebrew/Cellar/go/1.27.1/libexec/src/reflect/value.go:1489;~/go/pkg/mod/github.com/golang/protobuf@v1.5.4/ptypes/any.go:169;~/go/pkg/mod/github.com/mitchellh/copystructure@v1.2.0/copystructure.go:329;~/go/pkg/mod/google.golang.org/protobuf@v1.36.11/internal/impl/legacy_message.go:522;~/go/pkg/mod/google.golang.org/protobuf@v1.36.11/internal/impl/message_reflect_gen.go:23;~/go/pkg/mod/google.golang.org/protobuf@v1.36.11/internal/impl/message_reflect_gen.go:151	~/go/pkg/mod/go.uber.org/zap@v1.28.0/zapcore/field.go:109
go0041	ok	member	UnmarshalCaddyfile	modules/logging/encoders.go:72:28	jump	5.3	UnmarshalCaddyfile → LogEncoderConfig.UnmarshalCaddyfile (via ce.LogEncoderConfig: LogEncoderConfig)	modules/logging/encoders.go:158	modules/logging/encoders.go:158
go0042	ok	member	HTTPChallengeConfig	caddyconfig/httpcaddyfile/tlsapp.go:733:87	jump	3.0	HTTPChallengeConfig: via import modules/caddytls/	modules/caddytls/automation.go:551	modules/caddytls/automation.go:551
go0043	ok	member	NextArg	caddyconfig/httpcaddyfile/pkiapp.go:117:11	jump	6.0	NextArg → Dispenser.NextArg (via d: Dispenser)	caddyconfig/caddyfile/dispenser.go:90	caddyconfig/caddyfile/dispenser.go:90
go0044	ok	call	isSSE	modules/caddyhttp/encode/encode_test.go:103:12	jump	8.9	isSSE: by name, 1 match	modules/caddyhttp/encode/encode.go:301	modules/caddyhttp/encode/encode.go:301
go0045	pick-miss	member	fields	logging_test.go:97:16	picker	367.2	fields: by name, 2 declarations	internal/logbuffer.go:28;modules/caddyhttp/logging.go:236	logging_test.go:31
go0046	ok	member	Issuers	modules/caddyhttp/autohttps.go:639:25	jump	362.9	Issuers → AutomationPolicy.Issuers (by name, 1 match)	modules/caddytls/automation.go:170	modules/caddytls/automation.go:170
go0047	ok	member	NextArg	modules/caddyhttp/reverseproxy/caddyfile.go:475:9	jump	6.0	NextArg → Dispenser.NextArg (via d: Dispenser)	caddyconfig/caddyfile/dispenser.go:90	caddyconfig/caddyfile/dispenser.go:90
go0048	on-decl	name	ok	admin_test.go:1179:13	picker	10.1	ok: by name, 2 declarations	caddytest/caddytest.go:480;caddytest/integration/caddyfile_adapt_test.go:55	admin_test.go:1179
go0049	on-decl	name	relativePath	modules/caddyhttp/rewrite/rewrite.go:349:6	jump	364.4	relativePath → Module.relativePath (by name, 1 match)	~/go/pkg/mod/golang.org/x/exp@v0.0.0-20260410095643-746e56fc9e2f/apidiff/apidiff.go:103	modules/caddyhttp/rewrite/rewrite.go:349
go0050	pick-miss	member	Body	modules/caddyhttp/idletimeout_test.go:233:36	picker	370.6	Body: by name, 10 declarations	modules/caddyhttp/reverseproxy/healthchecks.go:99;modules/caddyhttp/staticresp.go:112;modules/caddyhttp/templates/frontmatter.go:103;~/go/pkg/mod/github.com/grpc-ecosystem/grpc-gateway/v2@v2.29.0/examples/internal/clients/abe/client.go:467;~/go/pkg/mod/github.com/grpc-ecosystem/grpc-gateway/v2@v2.29.0/examples/internal/clients/echo/client.go:457;~/go/pkg/mod/github.com/grpc-ecosystem/grpc-gateway/v2@v2.29.0/examples/internal/clients/generateunboundmethods/client.go:457	/opt/homebrew/Cellar/go/1.27.1/libexec/src/net/http/response.go:76
go0051	on-decl	name	value	modules/logging/nopencoder.go:65:39	picker	8.9	value: by name, 5 declarations	caddyconfig/caddyfile/parse.go:221;caddyconfig/httpcaddyfile/tlsapp.go:726;caddyconfig/httpcaddyfile/tlsapp.go:827;caddyconfig/httpcaddyfile/tlsapp.go:882;modules/caddyhttp/tracing/module.go:114	modules/logging/nopencoder.go:65
go0052	ok	call	testApp	modules/caddyevents/app_test.go:98:21	jump	8.2	testApp: by name, 1 match	modules/caddyevents/app_test.go:38	modules/caddyevents/app_test.go:38
go0053	on-decl	call	Write	modules/caddyhttp/server_test.go:35:21	picker	10.0	Write: at a declaration, 24 others by name	modules/caddyhttp/server_test.go:47;internal/logbuffer.go:58;modules/caddyhttp/app.go:705;modules/caddyhttp/caddyauth/caddyauth.go:238;modules/caddyhttp/encode/encode.go:351;modules/caddyhttp/headers/headers.go:403	modules/caddyhttp/server_test.go:35
go0054	ok	type	User	modules/caddyhttp/caddyauth/caddyauth_test.go:122:10	jump	9.2	User: by name, 1 match	modules/caddyhttp/caddyauth/caddyauth.go:308	modules/caddyhttp/caddyauth/caddyauth.go:308
go0055	ok	member	StringSliceP	cmd/commands.go:160:15	jump	365.6	StringSliceP → FlagSet.StringSliceP (by name, 1 match)	~/go/pkg/mod/github.com/spf13/pflag@v1.0.10/string_slice.go:143	~/go/pkg/mod/github.com/spf13/pflag@v1.0.10/string_slice.go:143
go0056	ok	call	adaptByContentType	caddyconfig/load.go:164:26	jump	8.8	adaptByContentType: by name, 1 match	caddyconfig/load.go:186	caddyconfig/load.go:186
go0057	ok	name	time	modules/caddyhttp/reverseproxy/hosts.go:160:65	jump	2.3	time: via import time	modules/caddyhttp/reverseproxy/hosts.go:24	modules/caddyhttp/reverseproxy/hosts.go:24
go0058	ok	call	upgradeBuild	cmd/packagesfuncs.go:101:8	jump	7.7	upgradeBuild: by name, 1 match	cmd/packagesfuncs.go:132	cmd/packagesfuncs.go:132
go0059	ok	member	Admin	admin.go:470:6	jump	5.8	Admin → Config.Admin (via cfg: Config)	caddy.go:69	caddy.go:69
go0060	ok	type	Mapping	modules/caddyhttp/map/map_test.go:122:16	jump	8.5	Mapping: by name, 1 match	modules/caddyhttp/map/map.go:176	modules/caddyhttp/map/map.go:176
go0061	ok	member	Errf	modules/caddyhttp/responsematchers.go:114:12	jump	4.7	Errf → Dispenser.Errf (via d: Dispenser)	caddyconfig/caddyfile/dispenser.go:439	caddyconfig/caddyfile/dispenser.go:439
go0062	on-decl	call	isFresh	modules/caddyhttp/reverseproxy/upstreams.go:256:20	picker	7.4	isFresh: at a declaration, 1 other by name	modules/caddyhttp/reverseproxy/upstreams.go:443	modules/caddyhttp/reverseproxy/upstreams.go:256
go0063	pick-miss	type	Text	caddyconfig/caddyfile/lexer_test.go:400:14	picker	371.8	Text: by name, 32 declarations	/opt/homebrew/Cellar/go/1.27.1/libexec/src/bufio/scan.go:114;/opt/homebrew/Cellar/go/1.27.1/libexec/src/crypto/rand/text.go:14;/opt/homebrew/Cellar/go/1.27.1/libexec/src/go/ast/ast.go:101;/opt/homebrew/Cellar/go/1.27.1/libexec/src/go/doc/comment/parse.go:136;/opt/homebrew/Cellar/go/1.27.1/libexec/src/go/doc/comment/text.go:26;/opt/homebrew/Cellar/go/1.27.1/libexec/src/go/doc/doc.go:389	caddyconfig/caddyfile/lexer.go:44
go0064	pick-miss	type	Expr	modules/caddyhttp/celmatcher_test.go:197:4	picker	548.2	Expr: by name, 154 declarations	/opt/homebrew/Cellar/go/1.27.1/libexec/src/go/ast/ast.go:42;/opt/homebrew/Cellar/go/1.27.1/libexec/src/go/build/constraint/expr.go:25;~/go/pkg/mod/cel.dev/cel-go@v0.32.0/cel/env.go:70;~/go/pkg/mod/cel.dev/cel-go@v0.32.0/cel/inlining.go:45;~/go/pkg/mod/cel.dev/cel-go@v0.32.0/checker/cost.go:92;~/go/pkg/mod/cel.dev/cel-go@v0.32.0/common/ast/ast.go:35	modules/caddyhttp/celmatcher.go:65
go0065	ok	member	IsUnixNetwork	modules/caddyhttp/app.go:648:19	jump	11.3	IsUnixNetwork → NetworkAddress.IsUnixNetwork (via caddy.ParseNetworkAddress() NetworkAddress)	listeners.go:209	listeners.go:209
go0066	WRONG	name	sb	replacer.go:272:4	jump	9.6	sb: by name, 1 match	caddyconfig/httpcaddyfile/directives_test.go:87	replacer.go:183
go0067	pick-hit	member	MatchWithError	modules/caddyhttp/matchers_test.go:1197:27	picker	371.4	MatchWithError: by name, 10 declarations (chain broke at tc)	modules/caddyhttp/celmatcher.go:213;modules/caddyhttp/fileserver/matcher.go:327;modules/caddyhttp/ip_matchers.go:155;modules/caddyhttp/ip_matchers.go:262;modules/caddyhttp/matchers.go:307;modules/caddyhttp/matchers.go:429	modules/caddyhttp/vars.go:327
go0068	ok	type	LogBufferCore	internal/logbuffer.go:81:30	jump	8.7	LogBufferCore: by name, 1 match	internal/logbuffer.go:25	internal/logbuffer.go:25
go0069	ok	type	RequestMatcherWithError	modules/caddyhttp/ip_matchers.go:356:3	jump	8.1	RequestMatcherWithError: by name, 1 match	modules/caddyhttp/caddyhttp.go:55	modules/caddyhttp/caddyhttp.go:55
go0070	ok	member	IsUnixNetwork	listeners.go:136:7	jump	4.8	IsUnixNetwork → NetworkAddress.IsUnixNetwork (via na: NetworkAddress)	listeners.go:209	listeners.go:209
go0071	on-decl	call	Next	modules/caddytls/distributedstek/distributedstek.go:113:19	picker	7.4	Next: at a declaration, 2 others by name	caddyconfig/caddyfile/dispenser.go:60;modules/caddytls/standardstek/stek.go:76	modules/caddytls/distributedstek/distributedstek.go:113
go0072	pick-miss	name	name	modules/caddyhttp/urlpatternmatcher_test.go:49:3	picker	10.7	name: by name, 17 declarations	caddyconfig/httpcaddyfile/httptype.go:765;caddyconfig/httpcaddyfile/httptype.go:1897;caddyconfig/httpcaddyfile/tlsapp.go:300;modules/caddyfs/filesystem.go:99;modules/caddyhttp/encode/caddyfile.go:85;modules/caddyhttp/fileserver/browsetplcontext.go:57	modules/caddyhttp/urlpatternmatcher_test.go:19
go0073	ok	call	resetDynamicHosts	modules/caddyhttp/reverseproxy/dynamic_upstreams_test.go:80:1	jump	8.2	resetDynamicHosts: by name, 1 match	modules/caddyhttp/reverseproxy/dynamic_upstreams_test.go:26	modules/caddyhttp/reverseproxy/dynamic_upstreams_test.go:26
go0074	ok	type	JournaldEncoder	modules/logging/journaldencoder_test.go:117:9	jump	7.6	JournaldEncoder: by name, 1 match	modules/logging/journaldencoder.go:44	modules/logging/journaldencoder.go:44
go0075	ok	member	Errorf	context.go:450:19	jump	12.7	Errorf: via import fmt	/opt/homebrew/Cellar/go/1.27.1/libexec/src/fmt/errors.go:23	/opt/homebrew/Cellar/go/1.27.1/libexec/src/fmt/errors.go:23
go0076	ok	type	PKI	modules/caddypki/maintain.go:62:9	jump	7.2	PKI: by name, 1 match	modules/caddypki/pki.go:35	modules/caddypki/pki.go:35
go0077	pick-miss	member	ConvertToNative	modules/caddyhttp/vars.go:415:23	picker	354.9	ConvertToNative: by name, 25 declarations	modules/caddyhttp/celmatcher.go:303;modules/caddyhttp/celmatcher.go:326;~/go/pkg/mod/cel.dev/cel-go@v0.32.0/common/types/bool.go:60;~/go/pkg/mod/cel.dev/cel-go@v0.32.0/common/types/bytes.go:63;~/go/pkg/mod/cel.dev/cel-go@v0.32.0/common/types/double.go:73;~/go/pkg/mod/cel.dev/cel-go@v0.32.0/common/types/duration.go:94	~/go/pkg/mod/cel.dev/cel-go@v0.32.0/common/types/ref/reference.go:49
go0078	none	member	StatusInternalServerError	modules/caddyhttp/fileserver/staticfiles.go:620:31	stay	364.1	no definition for StatusInternalServerError		/opt/homebrew/Cellar/go/1.27.1/libexec/src/net/http/status.go:66
go0079	pick-hit	member	HeaderOps	modules/caddyhttp/headers/caddyfile.go:137:25	picker	371.1	HeaderOps: by name, 2 declarations (chain broke at handlerToUse)	modules/caddyhttp/headers/headers.go:205;modules/caddyhttp/push/handler.go:197	modules/caddyhttp/headers/headers.go:205
go0080	ok	member	String	modules/caddyhttp/reverseproxy/reverseproxy.go:658:7	jump	14.4	String: via import go.uber.org/zap	~/go/pkg/mod/go.uber.org/zap@v1.28.0/field.go:222	~/go/pkg/mod/go.uber.org/zap@v1.28.0/field.go:222
go0081	pick-miss	type	Replace	modules/caddyhttp/rewrite/rewrite_test.go:381:64	picker	396.6	Replace: by name, 40 declarations	/opt/homebrew/Cellar/go/1.27.1/libexec/src/bytes/bytes.go:1162;/opt/homebrew/Cellar/go/1.27.1/libexec/src/strings/replace.go:95;/opt/homebrew/Cellar/go/1.27.1/libexec/src/strings/replace.go:330;/opt/homebrew/Cellar/go/1.27.1/libexec/src/strings/replace.go:389;/opt/homebrew/Cellar/go/1.27.1/libexec/src/strings/replace.go:440;/opt/homebrew/Cellar/go/1.27.1/libexec/src/strings/replace.go:510	modules/caddyhttp/rewrite/rewrite.go:539
go0082	pick-hit	member	Serve	caddytest/integration/reverseproxy_test.go:544:11	picker	395.5	Serve: by name, 9 declarations	/opt/homebrew/Cellar/go/1.27.1/libexec/src/net/http/server.go:3506;~/go/pkg/mod/github.com/quic-go/quic-go@v0.60.0/http3/server.go:211;~/go/pkg/mod/github.com/smallstep/certificates@v0.30.2/server/server.go:66;~/go/pkg/mod/github.com/chzyer/readline@v1.5.1/remote.go:418;~/go/pkg/mod/github.com/pires/go-proxyproto@v0.15.0/helper/http2/http2.go:70;~/go/pkg/mod/golang.org/x/tools@v0.48.0/internal/event/export/prometheus/prometheus.go:87	/opt/homebrew/Cellar/go/1.27.1/libexec/src/net/http/server.go:3506
go0083	on-decl	call	executeTemplateInBuffer	modules/caddyhttp/templates/tplcontext.go:241:26	stay	10.3	executeTemplateInBuffer → TemplateContext.executeTemplateInBuffer (by name, 1 match)		modules/caddyhttp/templates/tplcontext.go:241
go0084	ok	type	Replacement	modules/caddyhttp/headers/headers_test.go:328:26	jump	9.5	Replacement: by name, 1 match	modules/caddyhttp/headers/headers.go:190	modules/caddyhttp/headers/headers.go:190
go0085	ok	member	Errf	modules/logging/filters.go:183:12	jump	5.3	Errf → Dispenser.Errf (via d: Dispenser)	caddyconfig/caddyfile/dispenser.go:439	caddyconfig/caddyfile/dispenser.go:439
go0086	ok	call	parseLevel	logging.go:360:24	jump	8.1	parseLevel: by name, 1 match	logging.go:751	logging.go:751
go0087	ok	member	Val	modules/caddyhttp/reverseproxy/caddyfile.go:594:65	jump	6.3	Val → Dispenser.Val (via d: Dispenser)	caddyconfig/caddyfile/dispenser.go:203	caddyconfig/caddyfile/dispenser.go:203
go0088	on-decl	call	Provision	modules/caddyhttp/tracing/module.go:48:19	picker	14.3	Provision: at a declaration, 97 others by name	modules/caddyevents/app.go:121;modules/caddyfs/filesystem.go:60;modules/caddyhttp/app.go:188;modules/caddyhttp/caddyauth/basicauth.go:79;modules/caddyhttp/caddyauth/caddyauth.go:76;modules/caddyhttp/caddyhttp.go:143	modules/caddyhttp/tracing/module.go:48
go0089	pick-miss	type	Password	modules/caddyhttp/caddyauth/caddyfile.go:90:3	picker	382.0	Password: by name, 9 declarations	/opt/homebrew/Cellar/go/1.27.1/libexec/src/net/url/url.go:346;~/go/pkg/mod/github.com/dunglas/go-urlpattern@v1.0.0/urlpattern.go:76;~/go/pkg/mod/go.step.sm/crypto@v0.81.1/nssdb/metadata.go:14;~/go/pkg/mod/golang.org/x/crypto@v0.55.0/ssh/client_auth.go:228;~/go/pkg/mod/github.com/google/go-tpm@v0.9.8/tpm2/sessions.go:223;~/go/pkg/mod/github.com/nlnwa/whatwg-url@v0.6.2/url/url.go:108	modules/caddyhttp/caddyauth/basicauth.go:290
go0090	ok	member	LimitReader	modules/caddyhttp/reverseproxy/buffering_test.go:45:27	jump	13.3	LimitReader: via import io	/opt/homebrew/Cellar/go/1.27.1/libexec/src/io/io.go:461	/opt/homebrew/Cellar/go/1.27.1/libexec/src/io/io.go:461
go0091	ok	member	wrapped	modules/logging/appendencoder.go:294:4	jump	3.4	wrapped → AppendEncoder.wrapped (via fe: AppendEncoder)	modules/logging/appendencoder.go:57	modules/logging/appendencoder.go:57
go0092	on-decl	name	metrics	modules/caddyhttp/routes.go:225:61	picker	8.8	metrics: by name, 5 declarations	caddyconfig/httpcaddyfile/options.go:484;modules/caddyhttp/metrics_test.go:34;modules/caddyhttp/metrics_test.go:205;modules/caddyhttp/metrics_test.go:381;modules/caddyhttp/metrics_test.go:438	modules/caddyhttp/routes.go:225
go0093	ok	member	Int	modules/caddyhttp/reverseproxy/streaming.go:107:15	jump	13.6	Int: via import go.uber.org/zap	~/go/pkg/mod/go.uber.org/zap@v1.28.0/field.go:152	~/go/pkg/mod/go.uber.org/zap@v1.28.0/field.go:152
go0094	pick-miss	member	URL	admin.go:1090:34	picker	368.5	URL: by name, 10 declarations	caddyconfig/httploader.go:46;modules/caddyhttp/fileserver/browsetplcontext.go:293;modules/caddytls/certmanagers.go:108;modules/internal/network/networkproxy.go:22;/opt/homebrew/Cellar/go/1.27.1/libexec/src/internal/trace/traceviewer/http.go:259;/opt/homebrew/Cellar/go/1.27.1/libexec/src/internal/trace/traceviewer/http.go:274	/opt/homebrew/Cellar/go/1.27.1/libexec/src/net/http/request.go:131
go0095	ok	name	fe	modules/logging/appendencoder.go:345:29	jump	1.5	fe → EncodeEntry.fe (local)	modules/logging/appendencoder.go:322	modules/logging/appendencoder.go:322
go0096	pick-hit	member	Add	modules/caddyhttp/reverseproxy/client_disconnect_test.go:39:4	picker	521.0	Add: by name, 1875 declarations	modules/caddyhttp/headers/headers.go:116;modules/caddyhttp/logging.go:241;modules/caddyhttp/rewrite/rewrite.go:651;modules/caddyhttp/templates/tplcontext.go:571;/opt/homebrew/Cellar/go/1.27.1/libexec/src/crypto/elliptic/nistec.go:170;/opt/homebrew/Cellar/go/1.27.1/libexec/src/crypto/elliptic/params.go:110	/opt/homebrew/Cellar/go/1.27.1/libexec/src/sync/waitgroup.go:77
go0097	ok	member	Context	modules/caddyhttp/tracing/tracer.go:46:13	jump	12.6	Context: via import context	/opt/homebrew/Cellar/go/1.27.1/libexec/src/context/context.go:72	/opt/homebrew/Cellar/go/1.27.1/libexec/src/context/context.go:72
go0098	ok	type	InternalIssuer	modules/caddytls/internalissuer.go:60:6	jump	8.4	InternalIssuer: by name, 1 match	modules/caddytls/internalissuer.go:40	modules/caddytls/internalissuer.go:40
go0099	none	type	SkipUnmappedHosts	modules/caddyhttp/logging.go:162:2	stay	360.5	no definition for SkipUnmappedHosts		modules/caddyhttp/logging.go:71
go0100	pick-miss	member	Proto	modules/caddyhttp/reverseproxy/reverseproxy.go:1258:45	picker	368.1	Proto: by name, 2 declarations	modules/caddyhttp/reverseproxy/upstreams.go:43;~/go/pkg/mod/google.golang.org/grpc@v1.83.2/internal/status/status.go:117	/opt/homebrew/Cellar/go/1.27.1/libexec/src/net/http/response.go:39
go0101	ok	member	UTF16PtrFromString	cmd/removebinary_windows.go:34:22	jump	19.0	UTF16PtrFromString: via import syscall	/opt/homebrew/Cellar/go/1.27.1/libexec/src/syscall/syscall_windows.go:113	/opt/homebrew/Cellar/go/1.27.1/libexec/src/syscall/syscall_windows.go:113
go0102	pick-hit	call	Error	modules/caddyhttp/server.go:914:10	picker	10.7	Error: by name, 10 declarations	admin.go:1404;caddytest/caddytest.go:109;cmd/cobra.go:172;modules/caddyhttp/errors.go:32;modules/caddyhttp/errors.go:65;modules/caddyhttp/replacer.go:420	modules/caddyhttp/errors.go:32
go0103	ok	member	ExternalAccount	caddyconfig/httpcaddyfile/tlsapp.go:809:8	jump	354.8	ExternalAccount → ACMEIssuer.ExternalAccount (by name, 1 match)	modules/caddytls/acmeissuer.go:80	modules/caddytls/acmeissuer.go:80
go0104	ok	name	skipStandard	cmd/commandfuncs.go:518:27	jump	1.5	skipStandard → cmdListModules.skipStandard (local)	cmd/commandfuncs.go:441	cmd/commandfuncs.go:441
go0105	ok	name	caddyfile	modules/caddytls/capools.go:735:47	jump	2.8	caddyfile: via import github.com/caddyserver/caddy/v2/caddyconfig/caddyfile	modules/caddytls/capools.go:20	modules/caddytls/capools.go:20
go0106	WRONG	member	errorFunc	caddyconfig/httpcaddyfile/builtins_test.go:406:9	jump	377.2	errorFunc → RetryConfig.errorFunc (by name, 1 match)	~/go/pkg/mod/google.golang.org/api@v0.280.0/internal/gensupport/retry.go:113	caddyconfig/httpcaddyfile/builtins_test.go:343
go0107	pick-miss	type	Dial	modules/caddyhttp/reverseproxy/retries_test.go:753:58	picker	372.3	Dial: by name, 36 declarations	/opt/homebrew/Cellar/go/1.27.1/libexec/src/crypto/tls/tls.go:185;/opt/homebrew/Cellar/go/1.27.1/libexec/src/crypto/tls/tls.go:211;/opt/homebrew/Cellar/go/1.27.1/libexec/src/log/syslog/syslog.go:118;/opt/homebrew/Cellar/go/1.27.1/libexec/src/net/dial.go:473;/opt/homebrew/Cellar/go/1.27.1/libexec/src/net/dial.go:507;/opt/homebrew/Cellar/go/1.27.1/libexec/src/net/http/socks_bundle.go:366	modules/caddyhttp/reverseproxy/hosts.go:48
go0108	on-decl	call	dialAddr	modules/caddyhttp/reverseproxy/addresses.go:31:20	stay	8.4	dialAddr → parsedAddr.dialAddr (by name, 1 match)		modules/caddyhttp/reverseproxy/addresses.go:31
go0109	pick-miss	member	name	modules/caddyhttp/encode/encode_test.go:381:13	picker	370.6	name: by name, 33 declarations	caddy.go:1125;caddyconfig/configadapters.go:119;caddyconfig/httpcaddyfile/httptype.go:1903;modules/caddyhttp/server.go:366;/opt/homebrew/Cellar/go/1.27.1/libexec/src/archive/tar/format.go:255;/opt/homebrew/Cellar/go/1.27.1/libexec/src/encoding/gob/type.go:223	modules/caddyhttp/encode/encode_test.go:346
go0110	on-decl	type	Sort	modules/caddyhttp/fileserver/browsetplcontext.go:186:1	stay	15.5	Sort → browseTemplateContext.Sort (by name, 1 match)		modules/caddyhttp/fileserver/browsetplcontext.go:186
go0111	ok	member	PermissionRaw	modules/caddytls/tls.go:282:81	jump	8.3	PermissionRaw → OnDemandConfig.PermissionRaw (via t.Automation: AutomationConfig → OnDemand: OnDemandConfig)	modules/caddytls/ondemand.go:51	modules/caddytls/ondemand.go:51
go0112	WRONG	type	Line	caddyconfig/caddyfile/lexer_test.go:200:5	jump	8.5	Line → Dispenser.Line (by name, 1 match)	caddyconfig/caddyfile/dispenser.go:252	caddyconfig/caddyfile/lexer.go:43
go0113	ok	call	serveAuth	modules/caddyhttp/caddyauth/caddyauth_test.go:240:8	jump	7.9	serveAuth: by name, 1 match	modules/caddyhttp/caddyauth/caddyauth_test.go:220	modules/caddyhttp/caddyauth/caddyauth_test.go:220
go0114	ok	call	deadUpstreamAddr	modules/caddyhttp/reverseproxy/retries_test.go:753:64	jump	7.9	deadUpstreamAddr: by name, 1 match	modules/caddyhttp/reverseproxy/retries_test.go:66	modules/caddyhttp/reverseproxy/retries_test.go:66
go0115	ok	type	AdminMetrics	modules/metrics/adminmetrics.go:50:9	jump	7.2	AdminMetrics: by name, 1 match	modules/metrics/adminmetrics.go:35	modules/metrics/adminmetrics.go:35
go0116	ok	call	determineStorage	cmd/storagefuncs.go:148:20	jump	7.5	determineStorage: by name, 1 match	cmd/storagefuncs.go:38	cmd/storagefuncs.go:38
go0117	WRONG	name	sortByName	modules/caddyhttp/fileserver/browsetplcontext.go:234:14	jump	364.1	sortByName: by name, 1 match	~/go/pkg/mod/golang.org/x/net@v0.58.0/http2/hpack/gen.go:161	modules/caddyhttp/fileserver/browsetplcontext.go:397
go0118	ok	type	DefaultMaxWriteChunk	modules/caddyhttp/idletimeout.go:147:8	jump	0.8	DefaultMaxWriteChunk: local	modules/caddyhttp/idletimeout.go:30	modules/caddyhttp/idletimeout.go:30
go0119	pick-miss	type	New	caddyconfig/load.go:225:1	picker	511.1	New: by name, 930 declarations	/opt/homebrew/Cellar/go/1.27.1/libexec/src/arena/arena.go:65;/opt/homebrew/Cellar/go/1.27.1/libexec/src/container/list/list.go:62;/opt/homebrew/Cellar/go/1.27.1/libexec/src/container/ring/ring.go:60;/opt/homebrew/Cellar/go/1.27.1/libexec/src/crypto/crypto.go:138;/opt/homebrew/Cellar/go/1.27.1/libexec/src/crypto/hmac/hmac.go:39;/opt/homebrew/Cellar/go/1.27.1/libexec/src/crypto/internal/fips140/aes/aes.go:64	/opt/homebrew/Cellar/go/1.27.1/libexec/src/sync/pool.go:64
go0120	pick-hit	member	Reset	modules/caddytls/standardstek/stek.go:118:11	picker	520.6	Reset: by name, 2224 declarations (chain broke at timer)	caddyconfig/caddyfile/dispenser.go:403;/opt/homebrew/Cellar/go/1.27.1/libexec/src/bufio/bufio.go:74;/opt/homebrew/Cellar/go/1.27.1/libexec/src/bufio/bufio.go:619;/opt/homebrew/Cellar/go/1.27.1/libexec/src/bytes/buffer.go:124;/opt/homebrew/Cellar/go/1.27.1/libexec/src/bytes/reader.go:156;/opt/homebrew/Cellar/go/1.27.1/libexec/src/compress/flate/deflate.go:890	/opt/homebrew/Cellar/go/1.27.1/libexec/src/time/sleep.go:138
go0121	ok	name	baseACMEIssuer	modules/caddyhttp/autohttps.go:694:2	jump	1.5	baseACMEIssuer → createAutomationPolicies.baseACMEIssuer (local)	modules/caddyhttp/autohttps.go:684	modules/caddyhttp/autohttps.go:684
go0122	pick-hit	member	Err	modules/caddytls/tls.go:473:13	picker	373.5	Err: by name, 48 declarations	admin.go:1399;caddyconfig/caddyfile/dispenser.go:434;cmd/cobra.go:169;modules/caddyhttp/errors.go:58;modules/caddyhttp/replacer.go:416;/opt/homebrew/Cellar/go/1.27.1/libexec/src/bufio/scan.go:98	/opt/homebrew/Cellar/go/1.27.1/libexec/src/context/context.go:116
go0123	ok	member	Port	caddyconfig/httpcaddyfile/addresses.go:426:22	jump	3.8	Port → Address.Port (via a: Address)	caddyconfig/httpcaddyfile/addresses.go:368	caddyconfig/httpcaddyfile/addresses.go:368
go0124	pick-hit	name	err	cmd/commandfuncs.go:675:1	picker	1.2	err: local, 2 declarations	cmd/commandfuncs.go:663;cmd/commandfuncs.go:648	cmd/commandfuncs.go:648
go0125	ok	call	determineStorage	cmd/storagefuncs.go:76:20	jump	9.2	determineStorage: by name, 1 match	cmd/storagefuncs.go:38	cmd/storagefuncs.go:38
go0126	ok	member	Request	modules/caddyhttp/caddyauth/basicauth.go:143:71	jump	14.0	Request: via import net/http	/opt/homebrew/Cellar/go/1.27.1/libexec/src/net/http/request.go:114	/opt/homebrew/Cellar/go/1.27.1/libexec/src/net/http/request.go:114
go0127	ok	call	indent	caddyconfig/caddyfile/formatter.go:344:3	jump	1.5	indent → Format.indent (local)	caddyconfig/caddyfile/formatter.go:98	caddyconfig/caddyfile/formatter.go:98
go0128	pick-hit	member	Errorf	modules/caddyhttp/reverseproxy/client_disconnect_test.go:52:4	picker	376.1	Errorf: by name, 30 declarations	/opt/homebrew/Cellar/go/1.27.1/libexec/src/internal/trace/testtrace/validation.go:417;/opt/homebrew/Cellar/go/1.27.1/libexec/src/testing/testing.go:1354;~/go/pkg/mod/github.com/quic-go/quic-go@v0.60.0/internal/utils/log.go:78;~/go/pkg/mod/github.com/stretchr/testify@v1.11.1/assert/assertion_forward.go:318;~/go/pkg/mod/github.com/stretchr/testify@v1.11.1/assert/assertions.go:2035;~/go/pkg/mod/github.com/stretchr/testify@v1.11.1/require/require_forward.go:319	/opt/homebrew/Cellar/go/1.27.1/libexec/src/testing/testing.go:1354
go0129	pick-miss	type	KeyID	modules/caddytls/acmeissuer_test.go:22:3	picker	370.7	KeyID: by name, 2 declarations	~/go/pkg/mod/golang.org/x/crypto@v0.55.0/acme/jws.go:24;~/go/pkg/mod/github.com/dgraph-io/badger/v2@v2.2007.4/table/table.go:661	~/go/pkg/mod/github.com/mholt/acmez/v3@v3.1.6/acme/account.go:254
go0130	on-decl	type	IPv6MaskRaw	modules/logging/filters.go:158:1	stay	15.9	IPv6MaskRaw → IPMaskFilter.IPv6MaskRaw (by name, 1 match)		modules/logging/filters.go:158
go0131	pick-hit	call	newRequest	modules/caddyhttp/rewrite/rewrite_test.go:417:11	picker	8.8	newRequest: by name, 2 declarations	modules/caddyhttp/rewrite/rewrite_test.go:715;modules/caddyhttp/reverseproxy/fastcgi/fastcgi_test.go:448	modules/caddyhttp/rewrite/rewrite_test.go:715
go0132	ok	call	setPlaceholders	modules/caddyhttp/fileserver/matcher.go:452:5	jump	2.3	setPlaceholders → selectFile.setPlaceholders (local)	modules/caddyhttp/fileserver/matcher.go:420	modules/caddyhttp/fileserver/matcher.go:420
go0133	on-decl	name	req	modules/caddyhttp/reverseproxy/selectionpolicies.go:513:54	picker	12.8	req: by name, 133 declarations	modules/caddyhttp/reverseproxy/reverseproxy.go:1532;service_windows.go:51;admin_test.go:240;admin_test.go:274;admin_test.go:378;admin_test.go:474	modules/caddyhttp/reverseproxy/selectionpolicies.go:513
go0134	ok	call	exitProcess	admin.go:1156:1	jump	8.7	exitProcess: by name, 1 match	caddy.go:758	caddy.go:758
go0135	none	member	MethodGet	modules/caddyhttp/server_test.go:542:33	stay	384.9	no definition for MethodGet		/opt/homebrew/Cellar/go/1.27.1/libexec/src/net/http/method.go:11
go0136	pick-hit	member	Errno	listen_reuseUnixSocket_windows.go:67:31	picker	22.3	Errno: via import syscall, 5 declarations	/opt/homebrew/Cellar/go/1.27.1/libexec/src/syscall/syscall_js.go:56;/opt/homebrew/Cellar/go/1.27.1/libexec/src/syscall/syscall_plan9.go:32;/opt/homebrew/Cellar/go/1.27.1/libexec/src/syscall/syscall_unix.go:108;/opt/homebrew/Cellar/go/1.27.1/libexec/src/syscall/syscall_wasip1.go:65;/opt/homebrew/Cellar/go/1.27.1/libexec/src/syscall/syscall_windows.go:128	/opt/homebrew/Cellar/go/1.27.1/libexec/src/syscall/syscall_windows.go:128
go0137	pick-miss	type	URI	modules/caddyhttp/rewrite/rewrite_test.go:448:19	picker	407.4	URI: by name, 3 declarations	~/go/pkg/mod/go.step.sm/crypto@v0.81.1/kms/uri/uri.go:28;~/go/pkg/mod/google.golang.org/api@v0.280.0/containeranalysis/v1alpha1/containeranalysis-gen.go:7393;~/go/pkg/mod/github.com/miekg/dns@v1.1.72/types.go:1273	modules/caddyhttp/rewrite/rewrite.go:72
go0138	ok	name	mre	modules/caddytls/matchers_test.go:147:5	jump	1.0	mre: local	modules/caddytls/matchers_test.go:145	modules/caddytls/matchers_test.go:145
go0139	pick-hit	type	CA	modules/caddytls/capools.go:834:11	picker	9.8	CA: by name, 2 declarations	modules/caddytls/capools.go:37;modules/caddypki/ca.go:40	modules/caddytls/capools.go:37
go0140	pick-hit	call	newRequest	modules/caddyhttp/rewrite/rewrite_test.go:361:11	picker	9.8	newRequest: by name, 2 declarations	modules/caddyhttp/rewrite/rewrite_test.go:715;modules/caddyhttp/reverseproxy/fastcgi/fastcgi_test.go:448	modules/caddyhttp/rewrite/rewrite_test.go:715
go0141	ok	member	NewReplacer	modules/caddyevents/app.go:244:15	jump	3.6	NewReplacer: via import ./	replacer.go:34	replacer.go:34
go0142	pick-hit	call	IsUnixNetwork	listeners.go:331:4	picker	9.6	IsUnixNetwork: by name, 2 declarations	listeners.go:209;listeners.go:299	listeners.go:299
go0143	none	member	Hour	caddy_test.go:31:20	stay	383.9	no definition for Hour		/opt/homebrew/Cellar/go/1.27.1/libexec/src/time/time.go:940
go0144	on-decl	call	CELLibrary	modules/caddyhttp/fileserver/matcher.go:174:17	picker	8.1	CELLibrary: at a declaration, 6 others by name	modules/caddyhttp/ip_matchers.go:101;modules/caddyhttp/ip_matchers.go:214;modules/caddyhttp/matchers.go:374;modules/caddyhttp/urlpatternmatcher.go:156;modules/caddyhttp/vars.go:242;modules/caddyhttp/vars.go:385	modules/caddyhttp/fileserver/matcher.go:174
go0145	ok	call	resetDynamicHosts	modules/caddyhttp/reverseproxy/passive_health_test.go:120:1	jump	8.1	resetDynamicHosts: by name, 1 match	modules/caddyhttp/reverseproxy/dynamic_upstreams_test.go:26	modules/caddyhttp/reverseproxy/dynamic_upstreams_test.go:26
go0146	pick-miss	member	ServerName	modules/caddytls/connpolicy.go:295:41	picker	367.2	ServerName: by name, 2 declarations	modules/caddyhttp/reverseproxy/httptransport.go:772;modules/caddytls/capools.go:528	/opt/homebrew/Cellar/go/1.27.1/libexec/src/crypto/tls/common.go:452
go0147	WRONG	type	Network	listeners.go:369:2	jump	9.4	Network → testAddr.Network (by name, 1 match)	modules/caddytls/matchers_test.go:315	listeners.go:47
go0148	ok	member	GOOS	modules/caddyhttp/fileserver/staticfiles_test.go:122:13	jump	20.6	GOOS: via import runtime	/opt/homebrew/Cellar/go/1.27.1/libexec/src/runtime/extern.go:382	/opt/homebrew/Cellar/go/1.27.1/libexec/src/runtime/extern.go:382
go0149	ok	name	startIndex	caddyconfig/caddyfile/parse.go:575:28	jump	1.3	startIndex: local	caddyconfig/caddyfile/parse.go:573	caddyconfig/caddyfile/parse.go:573
go0150	ok	call	suppressConsoleEncoderTimestamp	modules/logging/journaldencoder.go:84:1	jump	8.4	suppressConsoleEncoderTimestamp: by name, 1 match	modules/logging/journaldencoder.go:197	modules/logging/journaldencoder.go:197
go0151	ok	member	configsMu	modules/caddytls/ech.go:112:11	jump	5.0	configsMu → ECH.configsMu (via ech: ECH)	modules/caddytls/ech.go:72	modules/caddytls/ech.go:72
go0152	ok	call	subjectQualifiesForPublicCert	caddyconfig/httpcaddyfile/tlsapp.go:1167:9	jump	9.3	subjectQualifiesForPublicCert: by name, 1 match	caddyconfig/httpcaddyfile/tlsapp.go:1125	caddyconfig/httpcaddyfile/tlsapp.go:1125
go0153	ok	member	HasPrefix	modules/caddyhttp/replacer.go:94:14	jump	13.6	HasPrefix: via import strings	/opt/homebrew/Cellar/go/1.27.1/libexec/src/strings/strings.go:501	/opt/homebrew/Cellar/go/1.27.1/libexec/src/strings/strings.go:501
go0154	ok	call	serverErrorLogger	modules/caddyhttp/app_test.go:48:19	jump	8.5	serverErrorLogger: by name, 1 match	modules/caddyhttp/app.go:695	modules/caddyhttp/app.go:695
go0155	pick-miss	member	Listener	modules/caddyhttp/reverseproxy/retries_test.go:360:36	picker	367.1	Listener: by name, 6 declarations	listen.go:197;listen_unix.go:291;modules/caddyhttp/http2listener.go:29;modules/caddyhttp/httpredirectlistener.go:71;~/go/pkg/mod/golang.org/x/crypto@v0.55.0/acme/autocert/listener.go:72;~/go/pkg/mod/google.golang.org/grpc@v1.83.2/benchmark/latency/latency.go:255	/opt/homebrew/Cellar/go/1.27.1/libexec/src/net/http/httptest/server.go:128
go0156	pick-miss	member	Body	modules/caddyhttp/reverseproxy/reverseproxy.go:792:43	picker	371.8	Body: by name, 10 declarations	modules/caddyhttp/reverseproxy/healthchecks.go:99;modules/caddyhttp/staticresp.go:112;modules/caddyhttp/templates/frontmatter.go:103;~/go/pkg/mod/github.com/grpc-ecosystem/grpc-gateway/v2@v2.29.0/examples/internal/clients/abe/client.go:467;~/go/pkg/mod/github.com/grpc-ecosystem/grpc-gateway/v2@v2.29.0/examples/internal/clients/echo/client.go:457;~/go/pkg/mod/github.com/grpc-ecosystem/grpc-gateway/v2@v2.29.0/examples/internal/clients/generateunboundmethods/client.go:457	/opt/homebrew/Cellar/go/1.27.1/libexec/src/net/http/request.go:189
go0157	pick-hit	member	Check	modules/caddyhttp/ip_matchers.go:167:19	picker	429.1	Check: by name, 37 declarations (chain broke at logger)	internal/logbuffer.go:51;logging.go:611;/opt/homebrew/Cellar/go/1.27.1/libexec/src/go/types/api.go:484;/opt/homebrew/Cellar/go/1.27.1/libexec/src/internal/trace/testtrace/expectation.go:32;/opt/homebrew/Cellar/go/1.27.1/libexec/src/net/http/csrf.go:134;~/go/pkg/mod/cel.dev/cel-go@v0.32.0/cel/env.go:417	~/go/pkg/mod/go.uber.org/zap@v1.28.0/logger.go:221
go0158	pick-miss	name	fileName	modules/caddyhttp/templates/tplcontext_test.go:298:3	picker	9.9	fileName: by name, 2 declarations	caddyconfig/caddyfile/parse_test.go:849;caddyconfig/caddyfile/parse_test.go:874	modules/caddyhttp/templates/tplcontext_test.go:283
go0159	on-decl	call	CaddyModule	caddytest/integration/mockdns_test.go:23:23	picker	14.3	CaddyModule: at a declaration, 135 others by name	caddyconfig/configadapters.go:123;caddyconfig/httploader.go:76;caddyconfig/load.go:47;internal/testmocks/dummyverifier.go:23;logging.go:645;logging.go:653	caddytest/integration/mockdns_test.go:23
go0160	on-decl	call	init	modules/caddyhttp/encode/encode.go:476:26	picker	15.4	init: at a declaration, 121 others by name	modules/caddyhttp/encode/encode.go:39;admin.go:59;caddyconfig/httpcaddyfile/builtins.go:38;caddyconfig/httpcaddyfile/httptype.go:40;caddyconfig/httpcaddyfile/options.go:32;caddyconfig/httpcaddyfile/pkiapp.go:28	modules/caddyhttp/encode/encode.go:476
go0161	ok	call	RegisterHandlerDirective	caddyconfig/httpcaddyfile/builtins.go:48:1	jump	9.1	RegisterHandlerDirective: by name, 1 match	caddyconfig/httpcaddyfile/directives.go:135	caddyconfig/httpcaddyfile/directives.go:135
go0162	ok	member	Val	modules/logging/filters.go:214:44	jump	5.8	Val → Dispenser.Val (via d: Dispenser)	caddyconfig/caddyfile/dispenser.go:203	caddyconfig/caddyfile/dispenser.go:203
go0163	ok	member	ReplaceAll	notify/notify_linux.go:73:25	jump	12.6	ReplaceAll: via import strings	/opt/homebrew/Cellar/go/1.27.1/libexec/src/strings/strings.go:1178	/opt/homebrew/Cellar/go/1.27.1/libexec/src/strings/strings.go:1178
go0164	none	type	MatchPath	modules/caddyhttp/matchers_test.go:320:11	stay	365.6	no definition for MatchPath		modules/caddyhttp/matchers.go:108
go0165	on-decl	call	Push	modules/caddyhttp/responsewriter.go:38:34	stay	8.5	Push → ResponseWriterWrapper.Push (by name, 1 match)		modules/caddyhttp/responsewriter.go:38
go0166	ok	call	provisionHeaderAliasAllowlist	modules/caddyhttp/server.go:487:58	jump	8.6	provisionHeaderAliasAllowlist: by name, 1 match	modules/caddyhttp/server.go:421	modules/caddyhttp/server.go:421
go0167	ok	member	Field	modules/logging/filters_test.go:375:25	jump	13.8	Field: via import go.uber.org/zap/zapcore	~/go/pkg/mod/go.uber.org/zap@v1.28.0/zapcore/field.go:104	~/go/pkg/mod/go.uber.org/zap@v1.28.0/zapcore/field.go:104
go0168	on-decl	call	storageKeyIntermediateCert	modules/caddypki/ca.go:422:13	stay	8.1	storageKeyIntermediateCert → CA.storageKeyIntermediateCert (by name, 1 match)		modules/caddypki/ca.go:422
go0169	WRONG	member	CallKind	modules/caddyhttp/celmatcher.go:654:36	jump	373.1	CallKind: by name, 1 match	~/go/pkg/mod/golang.org/x/tools@v0.48.0/internal/typesinternal/classify_call.go:15	~/go/pkg/mod/cel.dev/cel-go@v0.32.0/common/ast/expr.go:29
go0170	ok	call	addHTTPVarsToReplacer	modules/caddyhttp/vars_test.go:47:1	jump	9.6	addHTTPVarsToReplacer: by name, 1 match	modules/caddyhttp/replacer.go:59	modules/caddyhttp/replacer.go:59
go0171	ok	call	addHTTPVarsToReplacer	modules/caddyhttp/replacer.go:55:1	jump	9.0	addHTTPVarsToReplacer: by name, 1 match	modules/caddyhttp/replacer.go:59	modules/caddyhttp/replacer.go:59
go0172	on-decl	call	closeConnections	modules/caddyhttp/reverseproxy/streaming.go:431:18	stay	8.9	closeConnections → Handler.closeConnections (by name, 1 match)		modules/caddyhttp/reverseproxy/streaming.go:431
go0173	ok	member	Duration	caddyconfig/httpcaddyfile/options.go:233:14	jump	3.0	Duration: via import ./	caddy.go:866	caddy.go:866
go0174	pick-hit	member	Write	caddytest/integration/reverseproxy_test.go:637:5	picker	507.7	Write: by name, 409 declarations	internal/logbuffer.go:58;modules/caddyhttp/app.go:705;modules/caddyhttp/caddyauth/caddyauth.go:238;modules/caddyhttp/encode/encode.go:351;modules/caddyhttp/headers/headers.go:403;modules/caddyhttp/idletimeout.go:150	/opt/homebrew/Cellar/go/1.27.1/libexec/src/net/http/server.go:141
go0175	pick-hit	call	newRequest	modules/caddyhttp/rewrite/rewrite_test.go:217:11	picker	9.9	newRequest: by name, 2 declarations	modules/caddyhttp/rewrite/rewrite_test.go:715;modules/caddyhttp/reverseproxy/fastcgi/fastcgi_test.go:448	modules/caddyhttp/rewrite/rewrite_test.go:715
go0176	ok	call	newPassiveHandler	modules/caddyhttp/reverseproxy/passive_health_test.go:256:14	jump	8.0	newPassiveHandler: by name, 1 match	modules/caddyhttp/reverseproxy/passive_health_test.go:28	modules/caddyhttp/reverseproxy/passive_health_test.go:28
go0177	ok	member	IdleTimeoutReader	modules/caddyhttp/timeouts/timeouts.go:95:22	jump	3.2	IdleTimeoutReader: via import modules/caddyhttp/	modules/caddyhttp/idletimeout.go:76	modules/caddyhttp/idletimeout.go:76
go0178	ok	type	Address	caddyconfig/httpcaddyfile/addresses_test.go:119:11	jump	8.1	Address: by name, 1 match	caddyconfig/httpcaddyfile/addresses.go:367	caddyconfig/httpcaddyfile/addresses.go:367
go0179	on-decl	type	OriginalRequestCtxKey	modules/caddyhttp/server.go:1585:1	stay	356.0	no definition for OriginalRequestCtxKey		modules/caddyhttp/server.go:1585
go0180	on-decl	call	Rewrite	modules/caddyhttp/rewrite/rewrite.go:158:20	picker	8.7	Rewrite: at a declaration, 1 other by name	modules/caddyhttp/rewrite/rewrite.go:54	modules/caddyhttp/rewrite/rewrite.go:158
go0181	ok	call	HandlerFunc	modules/caddyhttp/routes.go:333:9	jump	8.1	HandlerFunc: by name, 1 match	modules/caddyhttp/caddyhttp.go:70	modules/caddyhttp/caddyhttp.go:70
go0182	none	type	Deny	modules/caddypki/acmeserver/policy_test.go:64:4	stay	368.9	no definition for Deny		modules/caddypki/acmeserver/policy.go:19
go0183	none	type	SymlinkPath	modules/caddyhttp/fileserver/browsetplcontext.go:139:3	stay	366.9	no definition for SymlinkPath		modules/caddyhttp/fileserver/browsetplcontext.go:298
go0184	pick-hit	member	Add	usagepool.go:122:11	picker	522.8	Add: by name, 1875 declarations (chain broke at refs)	modules/caddyhttp/headers/headers.go:116;modules/caddyhttp/logging.go:241;modules/caddyhttp/rewrite/rewrite.go:651;modules/caddyhttp/templates/tplcontext.go:571;/opt/homebrew/Cellar/go/1.27.1/libexec/src/crypto/elliptic/nistec.go:170;/opt/homebrew/Cellar/go/1.27.1/libexec/src/crypto/elliptic/params.go:110	/opt/homebrew/Cellar/go/1.27.1/libexec/src/sync/atomic/type.go:94
go0185	ok	member	DialTimeout	listen_reuseUnixSocket_windows.go:58:24	jump	14.4	DialTimeout: via import net	/opt/homebrew/Cellar/go/1.27.1/libexec/src/net/dial.go:488	/opt/homebrew/Cellar/go/1.27.1/libexec/src/net/dial.go:488
go0186	ok	name	fe	modules/logging/appendencoder.go:209:1	jump	0.8	fe → AddBool.fe (local)	modules/logging/appendencoder.go:208	modules/logging/appendencoder.go:208
go0187	ok	call	testParser	caddyconfig/caddyfile/parse_test.go:388:7	jump	9.2	testParser: by name, 1 match	caddyconfig/caddyfile/parse_test.go:1075	caddyconfig/caddyfile/parse_test.go:1075
go0188	none	type	MinLength	modules/caddyhttp/encode/encode_harness_test.go:156:2	stay	364.5	no definition for MinLength		modules/caddyhttp/encode/encode.go:53
go0189	none	member	Minute	caddyconfig/httpcaddyfile/pkiapp_test.go:61:26	stay	382.2	no definition for Minute		/opt/homebrew/Cellar/go/1.27.1/libexec/src/time/time.go:939
go0190	ok	call	newOpenTelemetryWrapper	modules/caddyhttp/tracing/module.go:52:16	jump	8.3	newOpenTelemetryWrapper: by name, 1 match	modules/caddyhttp/tracing/tracer.go:45	modules/caddyhttp/tracing/tracer.go:45
go0191	ok	member	Next	caddyconfig/httpcaddyfile/options.go:658:6	jump	3.9	Next → Dispenser.Next (via d: Dispenser)	caddyconfig/caddyfile/dispenser.go:60	caddyconfig/caddyfile/dispenser.go:60
go0192	pick-miss	type	Handler	caddytest/integration/reverseproxy_test.go:79:2	picker	9.0	Handler: by name, 7 declarations	modules/caddyevents/app.go:340;modules/caddyhttp/caddyhttp.go:65;modules/caddyhttp/headers/headers.go:43;modules/caddyhttp/map/map.go:39;modules/caddyhttp/push/handler.go:46;modules/caddyhttp/reverseproxy/reverseproxy.go:100	/opt/homebrew/Cellar/go/1.27.1/libexec/src/net/http/server.go:3047
go0193	ok	call	cancel	listeners.go:569:2	jump	1.3	cancel → addState.cancel (local)	listeners.go:567	listeners.go:567
go0194	ok	call	resetDynamicHosts	modules/caddyhttp/reverseproxy/passive_health_test.go:84:1	jump	7.9	resetDynamicHosts: by name, 1 match	modules/caddyhttp/reverseproxy/dynamic_upstreams_test.go:26	modules/caddyhttp/reverseproxy/dynamic_upstreams_test.go:26
go0195	none	type	MatchHost	modules/caddyhttp/matchers_test.go:1422:10	stay	366.6	no definition for MatchHost		modules/caddyhttp/matchers.go:65
go0196	ok	member	Header	modules/caddyhttp/encode/encode_conformance_test.go:140:37	jump	14.3	Header: via import net/http	/opt/homebrew/Cellar/go/1.27.1/libexec/src/net/http/header.go:24	/opt/homebrew/Cellar/go/1.27.1/libexec/src/net/http/header.go:24
go0197	ok	type	HandlerError	modules/caddyhttp/replacer_test.go:370:64	jump	9.1	HandlerError: by name, 1 match	modules/caddyhttp/errors.go:57	modules/caddyhttp/errors.go:57
go0198	none	type	Resolvers	modules/caddytls/zerosslissuer.go:93:3	stay	365.9	no definition for Resolvers		~/go/pkg/mod/github.com/caddyserver/certmagic@v0.25.4/solvers.go:357
go0199	ok	member	RegisterModule	modules/caddytls/capools.go:30:7	jump	3.1	RegisterModule: via import ./	modules.go:138	modules.go:138
go0200	on-decl	call	makeBrowseTemplate	modules/caddyhttp/fileserver/browse.go:315:24	stay	8.4	makeBrowseTemplate → FileServer.makeBrowseTemplate (by name, 1 match)		modules/caddyhttp/fileserver/browse.go:315
go0201	pick-hit	call	isCELStringLiteral	modules/caddyhttp/fileserver/matcher.go:255:7	picker	9.0	isCELStringLiteral: by name, 2 declarations	modules/caddyhttp/fileserver/matcher.go:646;modules/caddyhttp/celmatcher.go:738	modules/caddyhttp/fileserver/matcher.go:646
go0202	pick-hit	type	Handler	modules/caddyevents/app.go:109:12	picker	8.1	Handler: by name, 7 declarations	modules/caddyevents/app.go:340;modules/caddyhttp/caddyhttp.go:65;modules/caddyhttp/headers/headers.go:43;modules/caddyhttp/map/map.go:39;modules/caddyhttp/push/handler.go:46;modules/caddyhttp/reverseproxy/reverseproxy.go:100	modules/caddyevents/app.go:340
go0203	ok	type	SRVUpstreams	modules/caddyhttp/reverseproxy/upstreams.go:21:22	jump	7.9	SRVUpstreams: by name, 1 match	modules/caddyhttp/reverseproxy/upstreams.go:38	modules/caddyhttp/reverseproxy/upstreams.go:38
go0204	ok	type	MatchFile	modules/caddyhttp/fileserver/matcher.go:174:6	jump	7.5	MatchFile: by name, 1 match	modules/caddyhttp/fileserver/matcher.go:65	modules/caddyhttp/fileserver/matcher.go:65
go0205	ok	name	fw	modules/logging/filewriter_test.go:289:13	jump	0.9	fw: local	modules/logging/filewriter_test.go:288	modules/logging/filewriter_test.go:288
go0206	on-decl	call	Write	modules/caddyhttp/responsewriter.go:175:28	picker	8.8	Write: at a declaration, 24 others by name	modules/caddyhttp/responsewriter.go:302;internal/logbuffer.go:58;modules/caddyhttp/app.go:705;modules/caddyhttp/caddyauth/caddyauth.go:238;modules/caddyhttp/encode/encode.go:351;modules/caddyhttp/headers/headers.go:403	modules/caddyhttp/responsewriter.go:175
go0207	on-decl	call	httpPort	modules/caddyhttp/app.go:876:16	picker	8.5	httpPort: at a declaration, 4 others by name	caddyconfig/httpcaddyfile/httptype.go:576;caddyconfig/httpcaddyfile/httptype.go:1152;caddyconfig/httpcaddyfile/tlsapp.go:44;modules/caddyhttp/reverseproxy/command.go:98	modules/caddyhttp/app.go:876
go0208	ok	name	fw	modules/logging/filewriter.go:299:20	jump	1.2	fw → OpenWriter.fw (local)	modules/logging/filewriter.go:187	modules/logging/filewriter.go:187
go0209	pick-miss	name	uri	modules/caddyhttp/push/link_test.go:32:38	picker	8.1	uri: by name, 4 declarations	modules/caddyhttp/reverseproxy/forwardauth/caddyfile.go:132;modules/caddyhttp/urlpatternmatcher.go:117;modules/caddypki/adminapi.go:76;modules/caddypki/command.go:208	modules/caddyhttp/push/link.go:23
go0210	ok	name	sb	caddyconfig/httpcaddyfile/httptype.go:172:35	jump	2.1	sb: local	caddyconfig/httpcaddyfile/httptype.go:112	caddyconfig/httpcaddyfile/httptype.go:112
go0211	on-decl	call	WriteHeader	modules/caddyhttp/caddyauth/caddyauth.go:232:34	picker	8.0	WriteHeader: at a declaration, 12 others by name	metrics.go:75;modules/caddyhttp/encode/encode.go:261;modules/caddyhttp/fileserver/staticfiles.go:873;modules/caddyhttp/headers/headers.go:387;modules/caddyhttp/push/handler.go:212;modules/caddyhttp/responsewriter.go:148	modules/caddyhttp/caddyauth/caddyauth.go:232
go0212	on-decl	type	CertificateAuthorities	caddyconfig/httpcaddyfile/pkiapp_test.go:46:4	stay	355.7	no definition for CertificateAuthorities		caddyconfig/httpcaddyfile/pkiapp_test.go:46
go0213	ok	call	testLogger	modules/caddyhttp/server_test.go:87:11	jump	9.6	testLogger: by name, 1 match	modules/caddyhttp/server_test.go:57	modules/caddyhttp/server_test.go:57
go0214	pick-hit	call	newRequest	modules/caddyhttp/rewrite/rewrite_test.go:227:11	picker	8.6	newRequest: by name, 2 declarations	modules/caddyhttp/rewrite/rewrite_test.go:715;modules/caddyhttp/reverseproxy/fastcgi/fastcgi_test.go:448	modules/caddyhttp/rewrite/rewrite_test.go:715
go0215	on-decl	call	Provision	modules/caddyhttp/encode/zstd/zstd.go:101:15	picker	13.0	Provision: at a declaration, 97 others by name	modules/caddyevents/app.go:121;modules/caddyfs/filesystem.go:60;modules/caddyhttp/app.go:188;modules/caddyhttp/caddyauth/basicauth.go:79;modules/caddyhttp/caddyauth/caddyauth.go:76;modules/caddyhttp/caddyhttp.go:143	modules/caddyhttp/encode/zstd/zstd.go:101
go0216	ok	name	err	modules/caddyhttp/caddyauth/caddyauth_test.go:449:60	jump	1.3	err: local	modules/caddyhttp/caddyauth/caddyauth_test.go:447	modules/caddyhttp/caddyauth/caddyauth_test.go:447
go0217	ok	call	NewTestReplacer	modules/caddyhttp/server_test.go:183:9	jump	8.4	NewTestReplacer: by name, 1 match	modules/caddyhttp/replacer.go:51	modules/caddyhttp/replacer.go:51
go0218	ok	type	UpstreamPool	modules/caddyhttp/reverseproxy/selectionpolicies.go:464:36	jump	7.6	UpstreamPool: by name, 1 match	modules/caddyhttp/reverseproxy/hosts.go:30	modules/caddyhttp/reverseproxy/hosts.go:30
go0219	ok	member	Provision	modules/caddyhttp/urlpatternmatcher_test.go:287:22	jump	5.9	Provision → MatchURLPattern.Provision (via m: MatchURLPattern)	modules/caddyhttp/urlpatternmatcher.go:55	modules/caddyhttp/urlpatternmatcher.go:55
go0220	ok	call	SanitizedPathJoin	modules/caddyhttp/caddyhttp_test.go:139:12	jump	8.1	SanitizedPathJoin: by name, 1 match	modules/caddyhttp/caddyhttp.go:252	modules/caddyhttp/caddyhttp.go:252
go0221	ok	member	TimeFormat	modules/logging/encoders.go:232:12	jump	3.5	TimeFormat → LogEncoderConfig.TimeFormat (via lec: LogEncoderConfig)	modules/logging/encoders.go:131	modules/logging/encoders.go:131
go0222	ok	call	provisionedStaticUpstream	modules/caddyhttp/reverseproxy/passive_health_test.go:208:15	jump	7.8	provisionedStaticUpstream: by name, 1 match	modules/caddyhttp/reverseproxy/passive_health_test.go:45	modules/caddyhttp/reverseproxy/passive_health_test.go:45
go0223	ok	member	MaintenanceInterval	modules/caddypki/maintain.go:34:30	jump	3.0	MaintenanceInterval → CA.MaintenanceInterval (via ca: CA)	modules/caddypki/ca.go:68	modules/caddypki/ca.go:68
go0224	ok	type	ClientCertificateVerifier	modules/caddytls/connpolicy_verifyconnection_test.go:26:15	jump	8.2	ClientCertificateVerifier: by name, 1 match	modules/caddytls/connpolicy.go:1076	modules/caddytls/connpolicy.go:1076
go0225	ok	member	LoadBalancing	modules/caddyhttp/reverseproxy/reverseproxy.go:378:4	jump	5.4	LoadBalancing → Handler.LoadBalancing (via h: Handler)	modules/caddyhttp/reverseproxy/reverseproxy.go:112	modules/caddyhttp/reverseproxy/reverseproxy.go:112
go0226	on-decl	name	knownHosts	modules/caddyhttp/reverseproxy/admin.go:76:1	stay	7.4	knownHosts → handleUpstreams.knownHosts (by name, 1 match)		modules/caddyhttp/reverseproxy/admin.go:76
go0227	none	member	DefaultHTTPSPort	caddyconfig/httpcaddyfile/httptype.go:580:37	stay	429.7	no definition for DefaultHTTPSPort		modules/caddyhttp/caddyhttp.go:332
go0228	on-decl	call	hostsFromKeysNotHTTP	caddyconfig/httpcaddyfile/directives.go:603:22	stay	9.5	hostsFromKeysNotHTTP → serverBlock.hostsFromKeysNotHTTP (by name, 1 match)		caddyconfig/httpcaddyfile/directives.go:603
go0229	none	type	PublicName	modules/caddytls/storage_clean_test.go:284:33	stay	367.2	no definition for PublicName		modules/caddytls/ech.go:742
go0230	ok	call	canonicalizePath	modules/caddyhttp/rewrite/rewrite.go:297:3	jump	10.1	canonicalizePath: by name, 1 match	modules/caddyhttp/rewrite/rewrite.go:611	modules/caddyhttp/rewrite/rewrite.go:611
go0231	ok	member	NextBlock	modules/logging/filterencoder.go:217:33	jump	5.0	NextBlock → Dispenser.NextBlock (via d: Dispenser)	caddyconfig/caddyfile/dispenser.go:168	caddyconfig/caddyfile/dispenser.go:168
go0232	WRONG	type	Token	caddyconfig/caddyfile/lexer_test.go:156:15	jump	8.2	Token → Dispenser.Token (by name, 1 match)	caddyconfig/caddyfile/dispenser.go:394	caddyconfig/caddyfile/lexer.go:40
go0233	pick-miss	type	Dial	modules/caddyhttp/reverseproxy/passive_health_test.go:47:16	picker	369.6	Dial: by name, 36 declarations	/opt/homebrew/Cellar/go/1.27.1/libexec/src/crypto/tls/tls.go:185;/opt/homebrew/Cellar/go/1.27.1/libexec/src/crypto/tls/tls.go:211;/opt/homebrew/Cellar/go/1.27.1/libexec/src/log/syslog/syslog.go:118;/opt/homebrew/Cellar/go/1.27.1/libexec/src/net/dial.go:473;/opt/homebrew/Cellar/go/1.27.1/libexec/src/net/dial.go:507;/opt/homebrew/Cellar/go/1.27.1/libexec/src/net/http/socks_bundle.go:366	modules/caddyhttp/reverseproxy/hosts.go:48
go0234	pick-miss	member	EncodeEntry	modules/logging/journaldencoder.go:165:36	picker	366.6	EncodeEntry: by name, 7 declarations	modules/logging/journaldencoder.go:164;modules/logging/appendencoder.go:322;modules/logging/filterencoder.go:449;modules/logging/nopencoder.go:109;~/go/pkg/mod/go.uber.org/zap@v1.28.0/zapcore/console_encoder.go:70;~/go/pkg/mod/go.uber.org/zap@v1.28.0/zapcore/json_encoder.go:361	~/go/pkg/mod/go.uber.org/zap@v1.28.0/zapcore/encoder.go:465
go0235	ok	type	Event	caddy.go:1150:8	jump	9.0	Event: by name, 1 match	caddy.go:1105	caddy.go:1105
go0236	ok	member	Handler	modules/caddyhttp/map/map.go:125:82	jump	2.3	Handler: via import modules/caddyhttp/	modules/caddyhttp/caddyhttp.go:65	modules/caddyhttp/caddyhttp.go:65
go0237	on-decl	call	Host	modules/caddyhttp/templates/tplcontext.go:317:25	picker	7.5	Host: at a declaration, 1 other by name	modules/caddyhttp/reverseproxy/hosts.go:184	modules/caddyhttp/templates/tplcontext.go:317
go0238	ok	member	Copy	modules/caddyhttp/responsewriter.go:309:14	jump	12.3	Copy: via import io	/opt/homebrew/Cellar/go/1.27.1/libexec/src/io/io.go:387	/opt/homebrew/Cellar/go/1.27.1/libexec/src/io/io.go:387
go0239	ok	member	Logger	modules/caddyhttp/idletimeout.go:80:15	jump	12.8	Logger: via import go.uber.org/zap	~/go/pkg/mod/go.uber.org/zap@v1.28.0/logger.go:41	~/go/pkg/mod/go.uber.org/zap@v1.28.0/logger.go:41
go0240	ok	member	ALPN	modules/caddyhttp/app.go:470:7	jump	368.3	ALPN → ConnectionPolicy.ALPN (by name, 1 match)	modules/caddytls/connpolicy.go:205	modules/caddytls/connpolicy.go:205
go0241	ok	member	Error	modules/caddyhttp/reverseproxy/healthchecks.go:492:9	jump	14.3	Error: via import go.uber.org/zap	~/go/pkg/mod/go.uber.org/zap@v1.28.0/error.go:33	~/go/pkg/mod/go.uber.org/zap@v1.28.0/error.go:33
go0242	none	name	aps	caddyconfig/httpcaddyfile/tlsapp.go:1025:32	stay	367.7	no definition for aps		caddyconfig/httpcaddyfile/tlsapp.go:969
go0243	pick-miss	type	Reader	modules/caddyhttp/reverseproxy/streaming_test.go:109:32	picker	374.2	Reader: by name, 56 declarations	/opt/homebrew/Cellar/go/1.27.1/libexec/src/archive/tar/reader.go:19;/opt/homebrew/Cellar/go/1.27.1/libexec/src/archive/zip/reader.go:36;/opt/homebrew/Cellar/go/1.27.1/libexec/src/bufio/bufio.go:35;/opt/homebrew/Cellar/go/1.27.1/libexec/src/bytes/reader.go:18;/opt/homebrew/Cellar/go/1.27.1/libexec/src/compress/flate/inflate.go:261;/opt/homebrew/Cellar/go/1.27.1/libexec/src/compress/gzip/gunzip.go:74	modules/caddyhttp/reverseproxy/streaming_test.go:163
go0244	on-decl	call	Read	modules/caddyhttp/reverseproxy/retries_test.go:47:29	picker	10.0	Read: at a declaration, 16 others by name	modules/caddyhttp/http2listener.go:104;modules/caddyhttp/httpredirectlistener.go:106;modules/caddyhttp/idletimeout.go:85;modules/caddyhttp/requestbody/requestbody.go:81;modules/caddyhttp/responsewriter.go:290;modules/caddyhttp/reverseproxy/fastcgi/reader.go:28	modules/caddyhttp/reverseproxy/retries_test.go:47
go0245	ok	name	ecdsa	caddytest/integration/acme_test.go:146:24	jump	2.2	ecdsa: via import crypto/ecdsa	caddytest/integration/acme_test.go:5	caddytest/integration/acme_test.go:5
go0246	none	call	getEOL	replacer_test.go:440:21	stay	8.2	no definition for getEOL		replacer_test.go:453
go0247	ok	type	CustomCertSelectionPolicy	modules/caddytls/certselection.go:56:8	jump	7.4	CustomCertSelectionPolicy: by name, 1 match	modules/caddytls/certselection.go:34	modules/caddytls/certselection.go:34
go0248	WRONG	type	DNS	caddyconfig/httpcaddyfile/options_test.go:247:3	jump	364.6	DNS: by name, 1 match	~/go/pkg/mod/github.com/smallstep/cli-utils@v0.12.2/ui/validators.go:49	modules/caddytls/automation.go:527
go0249	ok	member	ID	modules/caddypki/adminapi.go:111:87	jump	6.5	ID → CA.ID (via a.getCAFromAPIRequestPath() *CA)	modules/caddypki/ca.go:85	modules/caddypki/ca.go:85
go0250	none	member	StatusSwitchingProtocols	modules/caddyhttp/reverseproxy/reverseproxy.go:1241:27	stay	364.1	no definition for StatusSwitchingProtocols		/opt/homebrew/Cellar/go/1.27.1/libexec/src/net/http/status.go:11
go0251	ok	member	Request	modules/caddyhttp/server.go:899:67	jump	14.2	Request: via import net/http	/opt/homebrew/Cellar/go/1.27.1/libexec/src/net/http/request.go:114	/opt/homebrew/Cellar/go/1.27.1/libexec/src/net/http/request.go:114
go0252	on-decl	name	ctx	modules/caddytls/matchers_test.go:146:2	picker	12.3	ctx: by name, 75 declarations	caddy.go:699;modules/caddyhttp/app.go:719;modules/caddyhttp/logging/logappend.go:121;modules/caddyhttp/replacer.go:53;modules/caddyhttp/reverseproxy/fastcgi/fastcgi.go:176;modules/caddyhttp/reverseproxy/healthchecks.go:441	modules/caddytls/matchers_test.go:146
go0253	pick-miss	type	Host	listeners_test.go:397:4	picker	8.8	Host: by name, 2 declarations	modules/caddyhttp/reverseproxy/hosts.go:184;modules/caddyhttp/templates/tplcontext.go:317	listeners.go:52
go0254	ok	call	accountUsernames	modules/caddyhttp/caddyauth/basicauth_test.go:43:82	jump	7.8	accountUsernames: by name, 1 match	modules/caddyhttp/caddyauth/basicauth_test.go:102	modules/caddyhttp/caddyauth/basicauth_test.go:102
go0255	ok	member	Name	modules/caddyhttp/celmatcher.go:148:42	jump	5.2	Name → MatchExpression.Name (via m: MatchExpression)	modules/caddyhttp/celmatcher.go:70	modules/caddyhttp/celmatcher.go:70
go0256	on-decl	call	isWildcardInterface	listeners.go:271:25	stay	7.6	isWildcardInterface → NetworkAddress.isWildcardInterface (by name, 1 match)		listeners.go:271
go0257	none	member	fileContent	modules/caddyhttp/templates/tplcontext_test.go:330:51	stay	374.5	no definition for fileContent		modules/caddyhttp/templates/tplcontext_test.go:282
go0258	pick-miss	member	URL	modules/caddyhttp/rewrite/rewrite_test.go:738:8	picker	368.3	URL: by name, 10 declarations	caddyconfig/httploader.go:46;modules/caddyhttp/fileserver/browsetplcontext.go:293;modules/caddytls/certmanagers.go:108;modules/internal/network/networkproxy.go:22;/opt/homebrew/Cellar/go/1.27.1/libexec/src/internal/trace/traceviewer/http.go:259;/opt/homebrew/Cellar/go/1.27.1/libexec/src/internal/trace/traceviewer/http.go:274	/opt/homebrew/Cellar/go/1.27.1/libexec/src/net/http/request.go:131
go0259	ok	type	FileWriter	modules/logging/filewriter.go:153:6	jump	8.6	FileWriter: by name, 1 match	modules/logging/filewriter.go:85	modules/logging/filewriter.go:85
go0260	ok	call	ParseStructTag	context.go:197:14	jump	7.9	ParseStructTag: by name, 1 match	modules.go:322	modules.go:322
go0261	ok	call	eventuallyLogged	modules/caddyhttp/server_test.go:1468:1	jump	8.5	eventuallyLogged: by name, 1 match	modules/caddyhttp/server_test.go:1440	modules/caddyhttp/server_test.go:1440
go0262	ok	member	provisionUnderscoreHeaders	modules/caddyhttp/server_test.go:1285:21	jump	6.2	provisionUnderscoreHeaders → Server.provisionUnderscoreHeaders (via s: Server)	modules/caddyhttp/server.go:470	modules/caddyhttp/server.go:470
go0263	pick-hit	member	Errorf	admin_test.go:1286:6	picker	371.1	Errorf: by name, 30 declarations	/opt/homebrew/Cellar/go/1.27.1/libexec/src/internal/trace/testtrace/validation.go:417;/opt/homebrew/Cellar/go/1.27.1/libexec/src/testing/testing.go:1354;~/go/pkg/mod/github.com/quic-go/quic-go@v0.60.0/internal/utils/log.go:78;~/go/pkg/mod/github.com/stretchr/testify@v1.11.1/assert/assertion_forward.go:318;~/go/pkg/mod/github.com/stretchr/testify@v1.11.1/assert/assertions.go:2035;~/go/pkg/mod/github.com/stretchr/testify@v1.11.1/require/require_forward.go:319	/opt/homebrew/Cellar/go/1.27.1/libexec/src/testing/testing.go:1354
go0264	ok	name	caddytpl	modules/caddyhttp/fileserver/command.go:126:13	jump	2.3	caddytpl: via import github.com/caddyserver/caddy/v2/modules/caddyhttp/templates	modules/caddyhttp/fileserver/command.go:36	modules/caddyhttp/fileserver/command.go:36
go0265	pick-miss	member	String	modules/logging/filters_test.go:528:12	picker	600.8	String: by name, 4086 declarations	caddyconfig/httpcaddyfile/addresses.go:425;caddyconfig/warning/warning.go:13;cmd/main.go:312;cmd/main.go:509;cmd/packagesfuncs.go:362;listeners.go:291	~/go/pkg/mod/go.uber.org/zap@v1.28.0/zapcore/field.go:108
go0266	ok	member	listFunc	modules/caddytls/storage_clean_test.go:128:11	jump	6.4	listFunc → blockingStorage.listFunc (via s: blockingStorage)	modules/caddytls/storage_clean_test.go:80	modules/caddytls/storage_clean_test.go:80
go0267	on-decl	call	Match	modules/caddyhttp/routes.go:350:23	picker	9.5	Match: at a declaration, 16 others by name	modules/caddyhttp/celmatcher.go:204;modules/caddyhttp/encode/encode.go:316;modules/caddyhttp/fileserver/matcher.go:317;modules/caddyhttp/ip_matchers.go:146;modules/caddyhttp/ip_matchers.go:253;modules/caddyhttp/matchers.go:301	modules/caddyhttp/routes.go:350
go0268	on-decl	call	WriteHeader	modules/caddyhttp/responsewriter_test.go:30:27	picker	8.2	WriteHeader: at a declaration, 12 others by name	metrics.go:75;modules/caddyhttp/caddyauth/caddyauth.go:232;modules/caddyhttp/encode/encode.go:261;modules/caddyhttp/fileserver/staticfiles.go:873;modules/caddyhttp/headers/headers.go:387;modules/caddyhttp/push/handler.go:212	modules/caddyhttp/responsewriter_test.go:30
go0269	ok	call	prepareTestRequest	modules/caddyhttp/reverseproxy/retries_test.go:617:7	jump	7.9	prepareTestRequest: by name, 1 match	modules/caddyhttp/reverseproxy/retries_test.go:28	modules/caddyhttp/reverseproxy/retries_test.go:28
