# name	lang	url	commit	install (run in the clone; - for none)
paperless-ngx	python	https://github.com/paperless-ngx/paperless-ngx.git	6a5d06ee26a4620e6c8452870f157998d5b35050	uv sync
outline	ts	https://github.com/outline/outline.git	179d7dd7be2cb395d45f0151b858e14009cec9d1	-
eslint	js	https://github.com/eslint/eslint.git	93de066d4125f8df013d40305e8009f4634a5cba	npm install --ignore-scripts --before=2026-09-29
caddy	go	https://github.com/caddyserver/caddy.git	ea1e94b89972b83b189cbb946352abd9acec0f8c	go mod download
ripgrep	rust	https://github.com/BurntSushi/ripgrep.git	3fce3b5bb0236da2df6d99672afb8a719642eca7	cargo fetch
redis	c	https://github.com/redis/redis.git	8623fade2008754962316cecdba1f71ee103bdd8	-
leveldb	cpp	https://github.com/google/leveldb.git	7ee830d02b623e8ffe0b95d59a74db1e58da04c5	-
koel	php	https://github.com/koel/koel.git	2b4c6338f6e286d3cfc484e99be4c279b2c7b645	-
Alamofire	swift	https://github.com/Alamofire/Alamofire.git	bda9ed57d72988a3a2ada33d824583541f86eac6	-
halo	java	https://github.com/halo-dev/halo.git	fe77aacf894c9200ae4b4ddb0f904346813732d0	-
nowinandroid	kotlin	https://github.com/android/nowinandroid.git	a49ed253d75e61a2b6ab80a8da677b57437b08eb	-
eShop	csharp	https://github.com/dotnet/eShop.git	b4a40872005d4bb29e5b1fa1ff7e244143d39215	-
mastodon	ruby	https://github.com/mastodon/mastodon.git	a4ac5f5670942265804dbb261713e1ff0109a402	-
SDWebImage	objc	https://github.com/SDWebImage/SDWebImage.git	c3ad5e1a9bf55c9b76d4c362430b5fcded96c502	-
nextflow	groovy	https://github.com/nextflow-io/nextflow.git	61876c83ecbbe84a51b6702808e6a4d4656d32e4	-
pipeline-library	jenkins	https://github.com/jenkins-infra/pipeline-library.git	b022f4c30ab0b357e8d78b2f91c4be0067351a4c	-
openzeppelin-contracts	solidity	https://github.com/OpenZeppelin/openzeppelin-contracts.git	40a51f7e78852e48d0b128d4ee3d620cbc7d35d8	npm ci --ignore-scripts
rules_go	starlark	https://github.com/bazel-contrib/rules_go.git	c18ec4766d81c57cb84f545ea2823d2bd9714766	-
DataFrames.jl	julia	https://github.com/JuliaData/DataFrames.jl.git	946c72aff8898cd6c1e75f51dd9057abd87040b2	julia --project -e 'using Pkg; Pkg.instantiate()'
babashka	clojure	https://github.com/babashka/babashka.git	792a5ec8acb89797e55df68fe3ce870af1f5d567	-
magit	elisp	https://github.com/magit/magit.git	bd9bce524cce1557db37c4e2260b0a7874c1075c	-
drracket	racket	https://github.com/racket/drracket.git	05e05cb74fc6adc740a7841d258e1f942f12d701	-
chibi-scheme	scheme	https://github.com/ashinn/chibi-scheme.git	c4e7367e867428889d8fe898a0b39f42e418b3f1	-
lem	commonlisp	https://github.com/lem-project/lem.git	8cb37f8ecf2a9d6c9b51f51587de5950619a0a10	-
