# NVIM v0.12.5, nvim-treesitter 910fdf6: 1924 folds in 99 files, 33 files left out for a syntax error
# path (project/file)	each fold as line:last hidden line, 1-based
leveldb/benchmarks/db_bench_sqlite3.cc	5:12 85:91 86:90 93:98 94:97 100:105 101:104 107:113 109:112 115:672 118:162 119:148 125:138 131:136 140:147 141:144 150:160 152:154 156:158 164:670 182:193 195:206 196:200 201:205 208:241 211:240 217:239 222:235 224:226 229:234 232:234 243:251 253:284 254:263 258:261 266:283 267:280 269:280 271:280 273:280 275:280 277:280 286:312 293:302 297:301 307:310 318:339 329:338 330:337 331:336 341:344 346:419 351:418 354:360 367:414 370:414 373:414 376:414 379:414 382:414 385:414 389:414 393:414 396:414 399:414 401:414 403:414 410:413 415:417 421:481 435:438 448:454 457:467 476:480 483:584 486:495 487:490 497:501 529:576 531:536 539:567 570:575 586:653 605:645 607:612 615:636 626:627 639:644 655:669 662:665 674:726 676:714 680:713 682:713 685:713 687:713 690:713 693:713 695:713 697:713 699:713 701:713 703:713 705:713 708:713 717:721
leveldb/benchmarks/db_bench_tree_db.cc	5:12 75:80 77:79 82:485 85:129 86:115 92:105 98:103 107:114 108:111 117:127 119:121 123:125 131:483 150:168 170:181 171:175 176:180 183:219 188:218 194:217 199:212 201:203 206:211 209:211 221:229 231:262 232:241 236:239 244:261 245:258 247:258 249:258 251:258 253:258 255:258 264:290 271:280 275:279 285:288 296:316 306:315 307:314 308:313 318:322 319:321 324:392 329:391 332:338 344:387 347:387 350:387 353:387 357:387 361:387 364:387 367:387 369:387 371:387 376:387 383:386 388:390 395:426 412:415 420:422 423:425 428:460 431:440 432:435 442:446 449:459 455:457 462:471 466:469 473:482 475:481 487:531 489:519 493:518 495:518 497:518 500:518 502:518 504:518 506:518 508:518 510:518 513:518 522:526
leveldb/db/autocompact_test.cc	5:9 11:110 13:51 15:23 25:29 31:35 37:42 59:104 64:66 70:72 81:97 84:87 94:96
leveldb/db/builder.cc	5:13 15:82 17:80 24:67 27:29 34:37 38:40 44:47 51:53 54:56 60:66 70:72 74:78
leveldb/db/builder.h	5:30 10:28
leveldb/db/corruption_test.cc	5:17 19:362 23:191 25:36 38:41 43:47 51:55 57:73 60:72 68:70 75:111 83:102 86:89 90:94 97:101 113:157 121:127 122:126 133:140 135:139 141:143 144:146 152:154 159:168 162:167 171:176 179:182 193:202 204:208 210:225 216:220 227:236 238:252 254:262 264:269 271:290 292:307 309:322 324:343 331:336 345:360
leveldb/db/db_iter.cc	5:15 17:318 19:30 20:29 21:28 23:27 32:310 39:120 48:57 64:67 68:71 72:78 73:77 91:93 95:102 96:101 105:107 122:139 126:129 133:138 141:175 144:172 149:153 154:158 167:171 177:207 181:204 183:202 184:201 185:190 191:200 192:199 209:234 212:231 217:229 219:224 225:228 236:276 240:265 241:264 243:262 244:248 250:261 255:258 267:275 278:290 285:289 292:301 296:300 303:308 312:316
leveldb/db/db_iter.h	5:26 8:11 13:24
leveldb/db/dbformat.cc	5:11 13:136 15:19 21:24 26:31 33:41 35:37 43:45 47:63 53:61 56:60 58:60 65:82 72:81 84:97 88:96 101:111 106:109 113:115 117:134 121:125
leveldb/db/dbformat.h	5:224 8:18 20:222 24:47 69:78 75:76 81:83 95:98 102:117 120:129 134:164 140:142 144:147 149:152 156:159 166:169 171:181 184:216 218:220
leveldb/db/dbformat_test.cc	5:8 10:128 12:17 19:23 25:29 31:43 45:65 47:58 59:64 60:63 67:71 73:105 107:112 114:118 120:126
leveldb/db/dumpfile.cc	5:20 22:232 24:212 26:36 29:33 39:51 41:48 54:72 59:61 67:69 75:93 77:84 85:90 97:120 101:107 117:119 122:124 128:141 134:139 143:145 147:210 152:154 155:161 162:166 172:200 175:199 188:194 190:194 202:204 214:230 216:218 219:228 220:221 222:223 224:225 226:227
leveldb/db/filename.cc	5:12 14:141 20:26 28:31 33:36 38:41 43:49 51:53 57:60 62:64 67:69 78:121 81:119 84:119 87:119 90:119 93:95 96:98 105:107 109:117 111:117 113:117 123:139 132:134 135:137
leveldb/db/filename.h	7:83 10:15 17:81 21:29
leveldb/db/filename_test.cc	5:10 12:127 14:71 20:23 24:36 37:42 45:66 67:70 73:125
leveldb/db/leveldbutil.cc	5:9 11:39 12:38 14:23 16:19 25:36 28:34 30:33 41:46 48:64 51:62 56:61
leveldb/db/log_format.h	8:35 11:33 12:32 14:24
leveldb/db/log_reader.cc	5:11 13:274 14:273 18:29 33:54 38:40 45:51 47:50 56:174 57:61 58:60 71:172 80:89 81:88 83:88 91:171 92:106 93:101 98:100 108:121 109:117 114:116 123:130 124:129 132:142 133:141 144:151 145:150 153:159 154:158 161:170 178:180 182:187 183:186 189:271 190:270 191:214 192:213 197:204 202:204 222:233 225:228 235:241 244:257 247:256 262:266
leveldb/db/log_reader.h	5:112 8:12 14:110 18:109 20:107 23:30 65:73
leveldb/db/log_test.cc	5:11 13:558 14:557 18:25 20:22 28:32 35:37 39:236 41:45 47:50 52:55 57:60 64:76 65:68 71:75 78:80 82:84 86:88 90:95 104:110 105:109 112:118 113:117 120:123 125:135 137:159 147:157 162:173 167:170 175:211 179:195 182:186 188:191 197:206 198:201 213:223 216:219 238:245 247:255 263:274 276:284 277:279 280:282 286:294 296:307 309:320 322:332 334:340 342:349 351:362 354:356 358:360 366:372 374:382 384:391 393:402 404:410 412:418 420:427 429:436 438:447 449:458 460:467 469:476 478:492 494:515 506:508 531:533 535:537 539:541 543:547 549:551
leveldb/db/log_writer.cc	5:11 13:111 14:110 16:21 17:20 23:25 27:30 34:80 43:78 46:54 48:52 64:72 66:72 68:72 82:108 100:105 102:104
leveldb/db/log_writer.h	5:54 8:12 14:52 18:51 20:49
leveldb/db/memtable.cc	5:10 12:138 14:19 21:22 28:34 39:44 46:72 62:65 76:100 102:136 106:134 119:133 123:132 124:128 129:131
leveldb/db/memtable.h	5:87 8:13 15:85 20:83 33:39 36:38 69:73
leveldb/db/recovery_test.cc	5:14 16:339 18:159 20:24 26:29 34:43 38:42 45:48 50:63 53:58 59:61 65:68 70:72 74:83 77:81 79:81 85:94 90:92 98:107 103:105 109:111 115:127 119:125 122:124 133:137 142:153 161:176 162:166 178:208 179:183 189:197 210:217 219:248 220:224 225:247 227:230 234:238 250:277 253:257 272:276 279:323 304:306 317:319 325:337 331:336 334:335
leveldb/db/repair.cc	27:39 41:451 43:444 45:443 47:58 60:68 62:64 65:67 70:90 72:76 77:88 79:81 93:96 98:129 101:103 104:106 110:127 111:126 112:125 115:117 118:124 120:124 131:141 132:140 135:138 143:219 144:154 148:153 160:162 183:198 184:188 191:197 210:214 211:213 221:225 222:224 227:233 235:292 240:247 244:246 248:254 262:279 264:268 271:274 276:278 280:282 287:291 294:346 302:304 310:313 317:324 321:323 328:330 334:342 337:341 343:345 348:406 352:354 357:361 358:360 368:373 377:382 383:385 389:404 393:395 399:403 408:426 415:417 446:449
leveldb/db/skiplist.h	5:380 30:35 37:378 39:140 40:140 61:97 102:104 143:177 144:177 151:156 157:162 165:168 169:172 179:185 180:185 187:191 188:191 193:196 194:196 198:202 199:202 204:208 205:208 210:219 211:219 216:218 221:224 222:224 226:229 227:229 231:237 232:237 234:236 239:250 240:250 244:246 252:256 253:256 258:279 259:279 264:278 266:277 271:276 281:300 282:300 286:299 289:298 290:295 302:320 303:320 307:319 309:318 310:315 322:332 323:332 329:331 334:366 335:366 345:357 346:348 360:365 368:376 369:376 371:375
leveldb/db/snapshot.h	5:95 8:9 11:93 17:37 19:20 34:36 39:91 41:44 47:50 51:54 57:70 62:64 79:86 80:82
leveldb/db/table_cache.cc	5:10 12:120 14:17 19:24 26:30 32:37 41:76 48:74 53:58 55:57 59:61 63:73 78:98 81:83 87:89 94:96 100:112 106:110 114:118
leveldb/db/table_cache.h	7:61 10:16 18:59 22:57
leveldb/db/version_edit.cc	5:8 10:258 14:24 26:40 42:85 43:46 47:50 51:54 55:58 59:62 64:68 70:74 76:84 87:94 89:93 96:104 98:103 106:204 119:193 120:192 121:128 122:127 130:136 131:135 138:144 139:143 146:152 147:151 154:160 155:159 162:168 163:167 170:176 171:175 178:187 179:186 189:191 195:197 200:202 206:256 209:212 213:216 217:220 221:224 225:228 229:234 235:240 241:253
leveldb/db/version_edit.h	5:106 8:12 14:104 18:27 29:102 36:39 40:43 44:47 48:51 52:55 56:58 63:71 74:76
leveldb/db/version_edit_test.cc	5:7 9:41 11:19 21:39 25:32
leveldb/db/version_set_test.cc	5:9 11:331 13:52 17:21 18:20 23:31 33:37 39:46 54:60 62:90 92:128 130:148 150:157 159:175 181:206 190:195 191:193 197:205 208:212 214:224 226:236 238:257 259:279 281:302 304:329
leveldb/db/write_batch.cc	16:22 24:150 35:38 42:80 44:46 51:74 55:73 56:63 57:62 64:70 65:69 71:72 75:79 82:84 86:88 90:92 94:96 98:103 105:109 111:113 115:130 116:129 121:124 125:128 132:137 139:142 144:148
leveldb/db/write_batch_internal.h	5:45 8:9 11:43 17:41
leveldb/db/write_batch_test.cc	5:10 12:132 14:52 22:43 25:40 26:33 34:39 45:49 47:49 54:58 60:73 75:87 89:113 115:130
leveldb/helpers/memenv/memenv_test.cc	5:14 16:259 18:24 26:92 94:135 137:143 145:158 160:191 165:167 183:187 193:214 216:257 226:228 230:234 238:243 250:254
leveldb/include/leveldb/export.h	5:33 8:31 10:29 11:25 13:17 15:16 19:24 20:24 22:23 27:28
leveldb/include/leveldb/options.h	5:190 8:10 12:188 25:31 34:148 151:165 168:186
leveldb/issues/issue178_test.cc	6:13 15:85 19:23 27:83 43:45 50:52 57:59 74:76
leveldb/issues/issue200_test.cc	9:11 13:54 15:52
leveldb/issues/issue320_test.cc	5:15 17:126 19:39 24:37 28:31 32:35 41:124 66:114 67:69 74:103 82:92 94:102 107:113 109:111 116:120 117:119
leveldb/port/port.h	5:19 13:17 15:16
leveldb/port/thread_annotations.h	5:108 12:21 14:19 17:18 23:25 27:29 31:34 32:33 36:39 37:38 41:44 42:43 46:49 47:48 51:54 52:53 56:58 60:62 64:66 68:71 69:70 73:76 74:75 78:81 79:80 83:86 84:85 88:91 89:90 93:96 98:101 99:100 103:106 104:105
leveldb/table/block.cc	7:16 18:292 20:23 25:40 29:39 33:38 42:46 43:45 55:75 62:69 71:73 77:278 91:93 96:98 100:103 105:113 116:125 129:132 133:136 138:141 143:162 148:156 149:154 159:161 164:227 171:185 176:184 179:184 187:208 194:197 199:207 215:217 219:226 220:222 223:225 229:232 234:239 236:238 242:248 250:277 254:259 264:276 271:274 280:290 281:283 285:289
leveldb/table/block.h	5:44 8:11 13:42 18:40
leveldb/table/block_builder.cc	29:36 38:107 40:44 46:53 55:59 61:69 63:65 71:105 78:88 81:83
leveldb/table/block_builder.h	5:54 8:11 13:52 17:50
leveldb/table/filter_block.cc	5:8 10:106 18:19 21:27 24:26 29:33 35:49 36:38 42:44 51:75 53:57 62:66 77:88 90:104 92:102 95:101 98:101
leveldb/table/filter_block.h	9:68 12:18 20:66 30:50 52:64
leveldb/table/filter_block_test.cc	5:12 14:122 17:37 21:26 22:25 28:36 30:34 31:33 39:42 44:51 53:72 74:120
leveldb/table/format.cc	5:12 14:164 16:22 24:30 25:29 32:41 43:67 44:46 53:55 58:60 61:65 69:162 81:84 85:88 92:100 95:99 102:159 103:119 104:116 120:137 122:125 127:131 138:155 140:143 145:149 156:158
leveldb/table/format.h	5:99 8:13 15:97 23:44 48:71 81:85 94:95
leveldb/table/iterator.cc	7:76 9:12 14:24 15:23 17:22 26:39 29:35 41:68 43:66 54:57 58:61 72:74
leveldb/table/iterator_wrapper.h	5:92 8:9 11:90 17:88 26:34 29:33 38:41 42:45 47:50 51:55 56:60 61:65 66:70 71:75 78:83 80:82
leveldb/table/merger.cc	5:9 11:191 13:177 14:146 16:25 22:24 31:37 32:34 39:45 40:42 47:53 48:50 55:79 63:75 64:73 66:72 68:71 81:108 89:104 90:102 92:101 94:100 110:113 115:118 120:129 122:127 124:126 148:161 150:159 152:158 153:157 155:157 163:176 165:174 167:173 168:172 170:172 179:189 182:188 184:188
leveldb/table/merger.h	5:26 8:24
leveldb/table/table.cc	5:16 18:271 20:36 21:25 38:80 41:43 58:60 63:77 82:109 83:85 90:92 94:97 104:106 111:132 114:116 121:123 125:127 128:130 136:138 140:143 145:149 153:206 166:192 168:191 174:185 178:184 180:183 188:190 195:204 197:201 208:212 214:242 220:236 224:235 230:232 237:239 244:269 249:266 253:260
leveldb/table/table_builder.cc	5:17 19:280 21:63 22:36 65:70 67:69 72:76 78:92 82:84 94:123 98:100 102:109 111:113 120:122 125:139 132:135 136:138 141:190 153:186 154:156 158:170 160:168 172:185 174:183 192:209 198:208 205:207 213:268 222:225 228:241 230:237 244:253 245:251 256:266 263:265 270:274
leveldb/table/table_test.cc	5:23 25:842 29:37 32:35 39:64 40:63 42:44 46:48 50:56 58:62 67:76 68:75 79:89 80:88 85:87 91:108 101:104 110:134 112:113 119:130 121:123 124:126 140:175 145:147 152:162 156:158 177:209 179:180 182:198 187:189 199:201 211:257 213:214 216:235 221:224 237:239 241:243 246:251 260:299 270:275 281:289 284:287 292:294 301:327 303:307 309:319 314:317 320:322 329:372 331:335 337:347 341:345 348:350 355:368 376:380 382:404 407:610 411:437 420:422 423:436 424:426 427:429 430:432 433:435 441:443 445:453 455:467 460:464 469:481 474:478 483:550 490:548 492:547 493:501 494:499 503:509 511:519 514:515 521:533 522:531 525:529 535:546 538:543 552:558 553:557 560:567 562:566 569:575 570:574 577:602 578:601 583:599 584:586 587:593 589:591 594:598 613:619 614:618 624:640 643:650 644:649 652:659 653:658 661:670 662:669 672:679 673:678 681:699 682:698 685:697 687:690 691:695 701:723 706:710 715:721 725:747 739:743 749:757 751:755 759:786 788:797 791:795 793:795 799:800 806:840 808:810
leveldb/table/two_level_iterator.cc	5:10 12:171 14:163 18:69 32:35 36:39 40:49 42:48 44:48 52:54 71:78 82:87 89:94 96:101 103:107 109:113 115:126 116:125 118:121 128:139 129:138 131:134 141:144 146:161 147:160 151:159 165:169
leveldb/table/two_level_iterator.h	5:31 10:29
leveldb/util/arena.cc	7:66 11:12 14:18 15:17 20:36 21:26 38:56 46:53 58:64
leveldb/util/arena.h	5:71 8:12 14:69 16:53 33:35 55:67 60:65
leveldb/util/arena_test.cc	5:8 10:61 14:59 20:50 22:28 29:32 34:38 40:43 47:49 51:58 54:57
leveldb/util/bloom.cc	5:8 10:92 12:86 13:15 17:85 19:24 28:54 43:53 48:52 56:80 66:70 74:78 88:90
leveldb/util/bloom_test.cc	5:9 11:154 15:18 20:80 26:29 33:43 35:37 47:56 49:54 51:53 58:63 59:61 65:74 68:72 69:71 82:85 87:94 96:107 97:105 99:105 101:105 109:150 116:144 118:120 127:130 134:138 140:143 145:148
leveldb/util/cache_test.cc	5:10 12:224 15:19 20:23 27:64 29:32 43:50 46:48 52:55 57:60 67:88 90:107 109:132 134:151 142:146 153:168 156:158 161:163 165:167 170:195 178:183 186:193 189:192 197:201 203:214 216:222
leveldb/util/coding.cc	7:156 9:13 15:19 21:47 25:45 27:45 30:45 34:45 49:53 55:64 58:61 66:70 72:75 77:84 79:82 86:102 89:100 92:99 104:114 108:113 116:131 118:129 121:128 133:143 137:142 145:154 147:153
leveldb/util/coding.h	10:122 13:18 20:120 54:62 64:76 81:89 91:103 108:118 110:116 112:115
leveldb/util/coding_test.cc	5:9 11:193 13:25 15:17 20:24 27:52 29:34 37:51 55:75 77:96 79:82 86:94 98:131 106:112 115:117 121:129 133:138 140:151 145:147 153:158 160:171 165:167 173:191
leveldb/util/comparator.cc	5:14 16:75 20:68 21:67 27:29 31:52 36:39 41:51 45:50 54:66 57:64 59:63 70:73
leveldb/util/crc32c.cc	7:13 15:380 16:379 18:263 20:63 65:108 110:153 155:198 200:243 249:251 256:261 257:261 267:274 276:377 278:280 294:300 313:320 325:330 327:329 332:366 345:347 350:358 369:371
leveldb/util/crc32c.h	5:43 8:9 11:41 12:40 29:32 35:38
leveldb/util/crc32c_test.cc	5:7 9:56 10:55 12:39 22:24 27:29 32:37 43:45 47:53
leveldb/util/env.cc	5:7 11:13 15:108 21:23 41:48 42:47 50:69 54:56 58:60 61:63 65:67 71:74 76:79 81:104 85:87 90:100 93:95 97:99
leveldb/util/env_posix_test.cc	5:20 22:165 24:163 38:41 59:74 63:66 68:72 79:84 89:105 93:104 94:102 113:125 117:121 128:161 144:145 149:153 167:332 172:182 174:177 184:213 200:202 205:208 209:211 215:330 217:232 234:260 247:249 256:258 262:277 279:294 296:311 313:328 334:353 335:345 337:341 338:340
leveldb/util/env_posix_test_helper.h	5:28 8:26 13:24
leveldb/util/env_windows_test.cc	5:9 11:58 15:24 17:19 26:56 43:45 48:51 52:54 60:65
leveldb/util/env_windows_test_helper.h	5:25 8:23 13:21
leveldb/util/filter_policy.cc	7:11
leveldb/util/hash.cc	5:9 14:18 20:55 22:53 30:36 39:51 40:42 43:45 46:50
leveldb/util/hash.h	7:19 10:11 13:17
leveldb/util/hash_test.cc	5:7 9:41 11:39 16:21
leveldb/util/histogram.cc	5:10 12:272 14:169 171:180 177:179 182:194 185:187 196:205 202:204 209:228 212:226 214:225 230:233 235:239 241:270 253:268
leveldb/util/histogram.h	5:44 10:42 12:40
leveldb/util/logging.cc	5:13 15:82 17:21 23:35 24:34 26:33 37:41 43:47 49:80 62:74 68:71
leveldb/util/logging.h	8:44 11:15 17:42
leveldb/util/logging_test.cc	5:11 13:140 15:38 40:51 53:73 69:72 75:91 87:90 93:98 100:118 120:127 129:138
leveldb/util/no_destructor.h	5:50 8:10 12:48 17:46 18:46 20:33 21:33 40:42
leveldb/util/no_destructor_test.cc	5:11 13:44 15:30 17:25 32:36 38:42
leveldb/util/options.cc	5:8 10:14
leveldb/util/posix_logger.h	8:130 11:20 22:128 24:126 33:122 46:48 58:121 90:105 92:98 108:111 117:119
leveldb/util/random.h	5:63 10:61 15:59 20:25 22:24 26:46 42:44
leveldb/util/status.cc	5:9 11:77 13:19 21:36 30:34 38:75 39:74 44:68 45:47 48:50 51:53 54:56 57:59 60:62 63:67
leveldb/util/status_test.cc	5:10 12:39 14:37 15:20 22:28 30:36
leveldb/util/testutil.cc	5:9 11:51 12:50 14:20 16:18 22:32 25:26 28:30 34:48 43:45
leveldb/util/windows_logger.h	7:124 10:17 19:122 21:120 30:116 40:42 52:115 84:99 86:92 102:105 111:113
