# NVIM v0.12.5, nvim-treesitter 910fdf6: 6057 folds in 312 files, 0 files left out for a syntax error
# path (project/file)	each fold as line:last hidden line, 1-based
immich/mobile/bin/generate_keys.dart	3:4 6:72 74:98 100:105 109:125 111:114 127:143 145:150 152:209 156:158 160:202 211:224 213:218 215:217 219:223 226:296 230:250 235:237 240:241 242:244 245:247 256:272 257:261 258:260 262:271 264:270 266:268 275:293 278:280 283:285 286:287 288:290 298:317 301:316 306:311 307:308 309:311 312:315 319:321 329:333 335:354 338:353 342:352 356:378 358:360 364:374 366:373 367:372 369:371 380:388 381:383 384:386
immich/mobile/integration_test/background_sync_teardown_test.dart	1:17 19:157 27:31 33:39 41:46 48:61 49:60 51:58 63:70 64:66 67:69 75:82 77:80 84:100 93:96 102:113 106:109 115:156 122:136 125:133 126:132 147:150
immich/mobile/integration_test/failed_sync_resume_e2e_test.dart	1:20 26:102 37:45 47:61 53:57 63:68 70:101 75:77 96:99
immich/mobile/integration_test/failed_sync_resume_test.dart	1:16 28:134 39:47 49:63 55:59 65:70 74:108 102:106 114:133 128:132
immich/mobile/integration_test/test_utils/fake_immich_server.dart	1:3 6:108 27:32 28:30 34:39 41:44 46:67 50:52 53:56 57:62 58:60 63:65 69:85 81:83 87:94 96:100 102:107 103:105 111:132 118:123 119:121 125:131 126:128
immich/mobile/integration_test/test_utils/login_helper.dart	1:5 7:59 12:14 16:24 26:40 42:44 46:50 52:54 56:58 61:73
immich/mobile/lib/constants/aspect_ratios.dart	3:34 23:33 24:26 27:31 28:30
immich/mobile/lib/constants/enums.dart	1:8 5:7 30:37
immich/mobile/lib/data/data_controller.dart	1:10 13:86 23:34 37:62 42:43 44:59 45:48 50:53 80:85
immich/mobile/lib/data/db/logger/database.dart	1:6 8:37 18:24 19:20 21:23 27:36 28:35
immich/mobile/lib/data/db/main/dao/ocr.dart	1:5 7:20 13:19 22:41 23:40 24:39
immich/mobile/lib/data/db/main/dao/user_metadata.dart	1:4 6:19 12:18 15:17 21:27 22:26
immich/mobile/lib/data/db/main/table/asset/edit.dart	1:7 9:25 27:29 31:40 32:39
immich/mobile/lib/data/db/main/table/memory/asset.dart	1:4 6:15
immich/mobile/lib/data/db/main/table/people/asset_face.dart	1:3 5:41 7:11
immich/mobile/lib/data/db/main/table/remote/album.dart	1:5 7:29 20:21
immich/mobile/lib/data/db/main/table/remote/stack.dart	1:4 6:22
immich/mobile/lib/data/db/main/table/user/partner.dart	1:3 5:17
immich/mobile/lib/data/db/main/table/user/user.dart	1:4 6:20
immich/mobile/lib/data/server/person.dart	1:5 9:26 14:22 16:19 24:25
immich/mobile/lib/data/store/tag.dart	1:5 21:28 22:23 24:27 30:52 34:41 35:36 37:40 44:51 45:46 47:50
immich/mobile/lib/domain/models/album/local_album.model.dart	1:2 6:13 15:26
immich/mobile/lib/domain/models/asset/remote_asset.model.dart	6:180 44:58 45:47 48:50 51:53 54:56 82:102 83:101 106:122 107:109 110:112 125:135 157:179 158:178 182:268 209:217 210:212 213:215 244:267 245:266
immich/mobile/lib/domain/models/asset_edit.model.dart	5:7 9:13 15:19 21:25
immich/mobile/lib/domain/models/config/album_config.dart	1:3 7:14
immich/mobile/lib/domain/models/config/share_config.dart	1:3 7:10
immich/mobile/lib/domain/models/config/slideshow_config.dart	1:3 7:15
immich/mobile/lib/domain/models/setting.model.dart	3:10
immich/mobile/lib/domain/models/user_metadata.model.dart	1:3 7:12 14:23 20:22 25:57 41:56 42:55 49:52 59:73 66:72 67:71 76:89 78:81
immich/mobile/lib/domain/models/value_codec.dart	1:3 5:34 11:17 19:23 27:33 29:31 36:46 48:56 58:66 68:104 75:79 82:103 83:99 85:87 89:98 92:94 100:102 106:134 115:133 116:129 118:120 122:128 123:125 130:132 136:153
immich/mobile/lib/domain/services/background_worker.service.dart	1:13 15:32 34:59 42:43 45:53 47:52 48:51 61:339 77:90 78:84 79:83 94:123 95:118 96:113 97:112 102:109 103:108 119:122 126:135 130:134 138:184 141:176 145:147 155:162 159:161 163:173 164:173 166:172 167:170 174:176 177:178 179:183 190:224 191:193 195:215 196:199 203:210 204:209 205:208 211:212 213:215 216:218 219:223 227:234 229:230 231:233 236:242 237:238 239:241 244:248 245:247 250:276 252:254 256:272 261:263 273:275 278:313 279:311 280:282 284:287 290:293 295:298 302:307 315:338 317:319 322:324 327:334 328:333 330:332 341:356 345:349 346:348 351:355 352:354 361:367
immich/mobile/lib/domain/services/hash.service.dart	1:12 16:147 32:36 40:81 43:68 50:60 51:54 57:59 61:68 64:67 69:74 70:73 75:77 86:103 89:100 90:93 96:99 106:146 107:109 114:117 123:138 124:127 130:131 132:137 134:136 141:142 143:145
immich/mobile/lib/domain/services/local_sync.service.dart	1:19 23:399 39:41 45:126 47:113 48:55 50:51 52:54 57:60 63:66 74:78 83:92 84:91 85:88 94:112 98:109 99:102 104:107 114:119 115:116 117:119 120:121 122:125 128:156 129:146 135:142 147:152 148:149 150:152 153:155 158:175 159:161 162:171 172:174 177:185 179:181 182:184 188:214 189:191 192:209 195:198 203:206 210:212 219:258 220:253 223:226 232:235 238:241 247:250 254:256 263:329 264:324 270:277 272:275 281:286 294:309 298:306 301:304 311:313 315:319 325:327 331:332 334:352 335:341 354:356 358:361 364:398 365:367 368:370 376:378 379:381 384:394 388:394 389:391 395:397 401:413 402:412 403:411 404:410 415:423 416:418 420:422 425:444 426:443 446:453
immich/mobile/lib/domain/services/log.service.dart	1:9 16:138 32:37 33:35 43:50 44:48 56:62 64:66 68:91 69:74 71:73 76:83 85:87 88:90 93:96 98:101 103:108 110:113 115:125 122:124 127:137 132:134 140:145 148:150 152:154
immich/mobile/lib/domain/services/map.service.dart	1:3 9:16 14:15 18:24
immich/mobile/lib/domain/services/memory.service.dart	1:2 5:25 10:12 14:16 18:20 22:24
immich/mobile/lib/domain/services/remote_album.service.dart	1:13 18:23 25:348 36:52 39:50 40:41 42:49 44:45 46:48 54:56 58:60 62:64 70:83 90:116 95:102 97:100 104:113 105:112 123:133 124:129 142:158 144:152 160:162 164:166 168:170 172:174 176:182 194:209 196:198 199:207 200:206 217:260 222:255 223:226 227:230 231:234 235:254 236:239 241:244 245:253 247:249 250:252 262:268 263:264 265:267 276:285 278:280 287:291 293:297 299:303 305:309 311:313 315:317 322:341 323:325 334:338 343:347
immich/mobile/lib/domain/services/store.service.dart	1:5 9:104 20:25 21:23 28:31 33:40 36:38 42:47 44:46 49:53 50:52 56:65 62:64 72:78 74:76 81:87 82:84 93:96 100:103 106:112
immich/mobile/lib/domain/utils/background_sync.dart	1:7 13:276 61:71 73:81 85:98 86:89 90:92 93:94 95:97 101:132 102:104 111:114 115:118 121:126 122:124 127:131 128:130 134:158 135:137 141:144 147:152 149:151 153:157 154:156 160:197 161:164 168:171 173:178 179:185 180:182 188:196 189:195 191:194 199:207 200:202 204:206 209:217 210:212 214:216 219:227 220:222 224:226 229:237 230:232 234:236 239:256 240:242 244:247 249:253 250:252 258:275 259:261 267:270 271:274 278:281 283:286 288:291 293:296
immich/mobile/lib/domain/utils/migrate_cloud_ids.dart	1:23 31:70 32:34 45:48 52:53 54:57 61:64 79:130 82:129 83:86 88:90 93:109 94:108 95:107 98:106 99:105 111:123 112:119 113:119 114:116 120:122 126:128 133:140 156:211 158:165 166:181 167:175 169:173 176:180 182:193 197:199 201:210 217:234 218:233 219:221 222:229 223:229 225:227 230:232 240:246 241:242 243:245
immich/mobile/lib/extensions/asset_extensions.dart	1:4 6:53 7:28 8:27 30:52 31:51 55:62 56:61 64:71 65:70
immich/mobile/lib/extensions/duration_extensions.dart	1:5 3:4 7:17 8:16 11:13
immich/mobile/lib/extensions/platform_extensions.dart	3:9
immich/mobile/lib/extensions/string_extensions.dart	3:7 9:32 11:23 12:19 20:22 25:27 29:31
immich/mobile/lib/infrastructure/loaders/local_image_request.dart	3:61 14:33 15:17 19:26 27:29 36:55 37:39 41:48 49:51 58:60
immich/mobile/lib/infrastructure/loaders/remote_image_request.dart	3:68 12:41 13:15 17:23 26:30 44:62 45:47 49:55 56:58 65:67
immich/mobile/lib/infrastructure/mapper.dart	1:3 5:12 14:15
immich/mobile/lib/infrastructure/repositories/log.repository.dart	1:6 8:63 12:15 17:23 25:34 26:33 36:46 39:40 41:43 48:53 55:62 57:61
immich/mobile/lib/infrastructure/repositories/memory.repository.dart	1:7 9:97 15:60 17:25 19:24 30:32 34:40 45:47 51:57 62:92 64:72 66:71 79:81 86:89 94:96 99:117 100:116 101:115
immich/mobile/lib/infrastructure/repositories/remote_album.repository.dart	1:16 20:573 26:86 32:56 33:37 38:43 44:48 49:55 63:72 65:70 66:69 75:84 78:83 88:135 92:116 93:97 98:103 104:108 109:115 124:133 127:132 137:161 138:146 139:145 155:159 163:196 164:195 165:174 178:184 179:183 186:194 187:189 191:193 198:211 199:210 200:209 213:222 214:221 215:220 216:219 224:237 228:230 232:236 239:266 240:242 244:246 251:264 252:263 268:275 277:283 278:280 285:306 286:288 290:292 294:303 295:297 316:338 319:337 320:335 340:352 341:347 342:346 349:351 354:356 358:362 359:361 364:368 370:412 372:395 373:377 378:382 383:387 388:394 401:411 404:408 414:442 415:417 423:438 424:435 444:446 448:477 450:455 451:455 456:459 462:475 463:474 479:513 486:504 487:491 492:496 498:503 505:510 515:572 523:525 529:553 530:534 535:540 541:545 546:552 561:570 564:569 575:592 576:591 577:590
immich/mobile/lib/infrastructure/repositories/remote_exif.repository.dart	1:6 8:37 19:36 20:22 24:29 31:35 32:34
immich/mobile/lib/infrastructure/repositories/settings.repository.dart	1:7 9:95 16:22 18:20 24:31 25:29 34:40 36:39 52:53 57:70 58:60 66:68 72:92 73:75 77:79 82:84 88:90
immich/mobile/lib/infrastructure/repositories/sync_api.repository.dart	1:12 14:143 19:21 23:25 34:122 43:74 44:73 45:72 81:84 88:116 91:94 96:112 97:99 106:108 114:116 117:119 124:142 127:139 133:136 145:207 209:211
immich/mobile/lib/infrastructure/repositories/timeline.repository.dart	1:16 18:707 24:34 36:40 42:51 43:45 47:50 53:99 56:97 58:76 77:96 101:105 107:136 108:113 119:125 120:124 131:135 138:165 140:156 141:145 146:155 149:153 167:172 174:222 175:182 186:219 187:189 198:204 199:203 208:209 210:212 214:218 229:263 233:235 241:246 248:254 249:253 256:258 265:269 271:282 273:276 277:280 284:301 288:292 303:308 310:319 321:329 331:336 338:344 346:351 353:361 363:367 369:374 376:407 377:380 387:393 388:392 394:398 402:406 414:431 416:422 417:421 423:427 433:446 436:440 452:478 453:462 458:461 473:477 486:493 502:511 505:508 517:574 518:521 528:534 529:533 535:543 538:541 547:549 555:562 556:558 560:562 563:567 569:573 581:625 583:589 584:588 590:598 593:596 602:604 610:617 611:613 615:617 618:622 634:641 647:667 648:651 662:666 676:706 677:697 679:685 680:684 688:692 689:691 698:705 711:717 713:716 719:731 720:730 733:741 734:740 735:737 743:752 744:751
immich/mobile/lib/infrastructure/repositories/user.repository.dart	1:8 10:20 18:19 22:57 28:39 31:33 41:56 42:54 43:53 59:85 60:84 63:69 64:68 65:67 71:83
immich/mobile/lib/infrastructure/repositories/user_api.repository.dart	1:7 9:26 13:20 15:17 22:25
immich/mobile/lib/infrastructure/utils/user.converter.dart	1:2 5:49 7:16 18:33 35:48 51:64 52:63
immich/mobile/lib/models/auth/biometric_status.model.dart	1:2 6:10
immich/mobile/lib/models/auth/login_response.model.dart	1:30 27:29
immich/mobile/lib/models/cast/cast_manager_state.dart	9:18
immich/mobile/lib/models/download/download_state.model.dart	1:2 6:10 12:19
immich/mobile/lib/models/folder/recursive_folder.model.dart	3:7
immich/mobile/lib/models/folder/root_folder.model.dart	3:8
immich/mobile/lib/models/server_info/server_config.model.dart	1:2 6:23 16:22
immich/mobile/lib/models/server_info/server_disk_info.model.dart	1:3 7:22 16:21
immich/mobile/lib/models/server_info/server_features.model.dart	1:3 7:26 18:25
immich/mobile/lib/models/server_info/server_version.model.dart	1:2 4:9
immich/mobile/lib/models/upload/share_intent_attachment.model.dart	1:5 13:52 40:46 41:43 49:51
immich/mobile/lib/pages/backup/backup_album_selection.page.dart	1:19 21:24 26:32 34:318 44:53 55:73 57:59 67:72 68:70 76:81 84:317 89:94 90:92 99:316 101:147 102:146 104:106 109:111 115:117 124:139 127:138 129:137 130:136 131:132 133:135 141:143 148:315 149:183 150:153 155:161 163:181 165:171 167:170 173:180 175:179 184:314 185:313 186:287 188:286 189:265 190:264 192:263 193:199 195:198 202:210 204:209 205:208 211:260 212:215 216:222 218:221 223:259 226:258 227:257 228:256 230:255 231:254 232:234 236:243 238:242 244:253 245:252 267:275 268:274 277:285 278:284 279:280 281:283 289:312 291:311 292:310 295:309 297:308 298:307 303:306 320:336 326:335 327:334 329:333 330:332 338:360 344:359 345:358 347:357 348:352 354:356 362:404 368:403 369:402 370:401 373:375 377:400 379:399 381:398 384:397 385:392 387:391 406:444 412:443 413:442 414:441 417:419 421:440 423:439 425:438 428:437 429:432 446:497 453:496 456:495 458:494 459:493 460:475 461:474 463:469 464:468 465:467 477:492 478:491 480:486 481:485 482:484
immich/mobile/lib/pages/backup/backup_asset_detail.page.dart	1:14 16:112 21:111 23:110 25:109 26:102 27:101 31:100 35:99 37:98 39:97 40:43 44:75 46:74 47:50 51:55 56:73 57:66 58:60 61:65 67:70 76:83 78:82 84:87 88:96 90:92 103:105 106:108
immich/mobile/lib/pages/backup/upload_detail.page.dart	1:11 13:19 21:502 29:57 35:40 37:39 42:54 43:45 47:53 48:52 60:90 64:68 65:67 70:76 71:75 72:74 81:89 82:87 97:174 98:173 99:172 101:122 102:109 103:108 110:121 112:120 113:119 115:118 125:132 126:131 133:147 135:146 136:145 140:141 142:144 150:168 151:158 152:157 159:167 161:166 162:165 176:203 177:202 179:201 181:200 182:185 188:198 190:193 194:197 205:277 208:276 211:214 215:275 217:274 218:273 219:227 222:225 229:260 230:259 232:258 233:238 240:247 242:244 249:257 251:256 262:272 264:271 267:270 279:366 283:365 288:296 290:295 297:364 300:363 302:362 304:361 305:360 308:345 309:344 311:343 312:317 319:330 323:327 331:342 333:341 335:340 347:359 351:358 354:357 368:413 369:412 372:375 376:411 379:410 381:409 382:408 385:405 386:404 389:403 390:395 397:402 415:494 416:493 419:422 423:492 425:491 427:490 428:489 429:443 432:442 433:436 437:441 445:476 446:475 448:474 449:456 452:455 458:465 461:464 467:473 469:472 478:488 480:487 483:486 496:501 497:500 504:538 509:529 510:528 512:527 513:526 516:525 517:520 531:537 532:533 534:536 540:669 545:623 546:622 549:552 553:564 554:563 557:562 558:561 565:612 567:611 569:610 570:572 574:609 575:608 578:607 579:594 580:593 582:592 585:588 597:606 613:621 614:620 616:619 625:636 626:635 629:633 638:660 639:659 641:658 643:657 644:653 646:652 648:651 654:656 662:668 663:664 665:667
immich/mobile/lib/pages/common/download_task_tile.dart	1:4 6:79 21:78 25:34 36:77 39:76 42:75 46:55 47:50 56:74 58:73 60:72 61:71 62:68 63:67
immich/mobile/lib/pages/common/splash_screen.page.dart	1:30 32:91 39:90 42:89 48:88 49:87 58:86 59:85 60:84 61:83 62:71 64:70 66:69 72:77 73:76 79:82 93:98 100:185 103:145 104:128 106:127 108:119 111:118 114:117 120:126 122:125 130:132 134:135 136:138 140:142 148:184 149:183 152:182 153:157 158:181 160:180 161:165 166:173 169:172 175:179 187:212 195:211 196:210 199:209 201:208 203:207 214:273 221:272 225:271 227:270 229:269 230:252 232:251 234:250 235:249 236:241 237:240 242:248 253:256 258:268 260:267 262:266 275:281 283:407 287:296 289:295 298:304 299:301 306:379 311:366 319:366 323:365 324:355 325:351 330:333 337:344 338:344 339:341 345:347 349:351 352:354 356:364 358:360 367:372 376:378 381:397 384:396 386:395 390:393 400:406 401:405 402:404
immich/mobile/lib/pages/common/tab_shell.page.dart	1:18 20:26 28:105 30:104 34:58 35:39 40:45 46:51 52:57 60:77 61:76 63:70 64:69 79:103 83:102 85:101 88:100 91:97 92:96 107:134 109:111 113:115 117:119 122:124 127:129 136:144 146:182 151:154 156:160 157:159 163:166 169:181 172:174 176:180
immich/mobile/lib/pages/library/folder/folder.page.dart	1:23 25:43 26:41 27:29 31:33 35:40 37:39 45:106 52:105 57:62 58:60 65:73 66:71 68:70 75:81 83:104 84:89 90:103 91:97 92:93 94:96 99:102 108:222 115:221 119:125 120:122 127:129 131:141 132:134 136:138 143:220 144:219 146:218 147:217 148:211 149:151 153:210 154:209 156:175 157:174 159:164 166:171 168:170 177:208 178:207 179:191 181:190 182:189 183:188 192:195 196:202 203:206 213:216 224:260 230:259 231:233 235:258 238:257 240:256 242:255 244:254 245:253 247:252
immich/mobile/lib/pages/library/shared_link/shared_link.page.dart	1:11 13:80 18:79 21:29 23:28 24:26 31:43 32:42 33:41 36:40 45:68 46:67 48:59 50:55 60:66 70:78 72:77 73:76
immich/mobile/lib/pages/login/change_password.page.dart	1:3 5:11
immich/mobile/lib/presentation/actions/action.widget.dart	1:4 6:22 14:21 16:18 24:34 28:33 36:48 42:47 50:63 56:62 65:71 69:70
immich/mobile/lib/presentation/actions/asset_debug.action.dart	1:10 12:29 16:28 19:21 23:27
immich/mobile/lib/presentation/actions/delete.action.dart	1:17 21:48 27:34 28:30 31:33 36:38 50:164 54:65 56:58 60:64 67:100 69:71 78:96 82:83 84:86 87:89 91:93 97:99 107:114 109:111 122:134 124:129 126:128 141:163 143:150 145:149 151:153 158:160 166:170 172:210 176:187 178:180 182:186 189:209 191:193 198:205 200:202 206:208 219:230 220:222 225:227 243:273 244:246 250:252 255:260 256:260 261:266 262:266 267:269
immich/mobile/lib/presentation/actions/edit_datetime.action.dart	1:13 17:24 19:21 26:90 30:40 31:33 35:39 42:89 44:46 52:85 57:72 63:66 69:71 74:79 80:82 86:88 93:99
immich/mobile/lib/presentation/actions/edit_location.action.dart	1:13 17:24 19:21 26:75 30:40 31:33 35:39 42:74 44:46 52:70 54:62 56:58 59:61 65:67 71:73 78:84
immich/mobile/lib/presentation/actions/similar_photos.action.dart	1:10 12:42 18:19 21:41 27:38 28:37
immich/mobile/lib/presentation/actions/slideshow.action.dart	1:9 11:20 15:19
immich/mobile/lib/presentation/actions/tag.action.dart	1:9 11:22 12:14 15:17 24:57 28:39 30:32 34:38 41:56 44:52 46:48 53:55 66:83 70:73 75:77 80:82
immich/mobile/lib/presentation/pages/album_options.page.dart	1:22 24:253 30:252 38:46 40:45 48:59 49:55 51:53 56:58 61:70 62:64 65:67 72:102 75:77 79:94 80:82 86:88 90:94 95:101 96:98 104:142 107:115 108:114 109:113 117:125 118:124 119:123 127:141 128:140 132:139 133:138 134:137 144:175 145:151 146:151 152:174 153:155 157:173 158:171 161:163 165:170 177:196 178:195 179:193 183:192 185:191 198:203 199:202 205:251 207:250 208:215 209:212 216:249 217:248 220:236 222:225 228:231 232:235 238:245 239:243
immich/mobile/lib/presentation/pages/archive.page.dart	1:9 11:36 16:35 17:34 18:29 19:28 21:23 30:33
immich/mobile/lib/presentation/pages/dev/main_timeline.page.dart	1:8 10:16 18:49 20:38 22:37 23:25 27:29 32:34 41:48 43:47
immich/mobile/lib/presentation/pages/dev/media_stat.page.dart	1:9 11:16 18:44 27:43 28:42 30:41 33:34 35:36 37:39 46:49 51:118 56:117 57:116 59:115 60:114 64:113 65:112 66:73 67:71 74:85 75:84 77:83 79:82 86:111 88:110 90:92 95:109 96:107 101:106 120:129 131:198 136:197 137:196 139:195 140:194 144:193 145:192 146:153 147:151 154:165 155:164 157:163 159:162 166:191 168:190 170:172 175:189 176:187 181:186
immich/mobile/lib/presentation/pages/library.page.dart	1:22 24:41 29:40 30:39 31:38 32:37 43:93 47:92 50:91 52:90 53:89 54:88 55:69 56:68 57:61 63:67 71:87 72:86 73:77 80:84 95:125 103:124 104:123 105:122 107:110 111:120 116:119 127:148 131:147 132:146 134:145 135:144 138:143 150:215 154:214 157:213 158:212 163:211 165:210 167:209 168:198 171:178 173:177 179:197 181:196 182:195 188:194 189:193 190:192 199:208 201:207 203:206 217:267 221:266 222:265 223:264 228:263 230:262 232:261 233:250 236:249 237:240 241:248 242:247 251:260 253:259 255:258 269:337 273:336 276:335 277:334 282:333 284:332 286:331 287:320 290:319 291:298 293:297 299:318 305:317 306:310 307:309 311:313 314:316 321:330 323:329 325:328 339:407 343:406 346:405 347:404 352:403 354:402 356:401 357:390 360:367 362:366 368:389 370:388 371:387 377:386 378:385 380:384 391:400 393:399 395:398 410:418 412:415 420:489 424:488 428:487 430:486 431:485 432:444 435:443 436:440 445:484 449:483 450:465 451:458 452:457 460:463 466:473 468:471 474:481 476:479 491:524 497:523 498:522 503:521 506:520 507:512 508:511 515:518
immich/mobile/lib/presentation/pages/local_timeline.page.dart	1:8 10:33 17:32 18:31 19:25 20:24 26:30
immich/mobile/lib/presentation/pages/memory.page.dart	1:19 22:360 29:33 30:32 36:359 50:57 53:56 59:61 63:86 64:85 69:84 74:75 76:83 78:82 79:81 88:98 89:93 94:97 100:110 101:105 106:109 112:114 117:154 119:121 124:126 129:131 132:149 137:139 143:145 157:159 161:187 172:174 180:182 193:358 194:209 198:206 202:205 210:357 212:356 213:355 217:236 219:231 223:225 228:230 238:354 240:248 241:247 242:246 254:353 255:352 256:272 258:271 260:270 262:265 266:269 273:350 274:349 275:348 276:323 282:322 284:321 285:320 286:294 288:293 295:319 296:318 297:317 299:306 309:316 324:341 327:340 329:335 343:347
immich/mobile/lib/presentation/pages/place.page.dart	1:13 15:40 22:39 25:38 26:37 28:36 29:35 30:34 42:79 48:78 51:77 60:67 69:76 70:75 72:74 81:108 88:107 90:105 92:104 93:103 96:102 110:156 116:155 119:154 120:124 121:123 125:135 126:134 127:133 129:132 136:153 138:141 139:141 142:144 146:152 148:151 158:178 164:177 165:176 168:175 170:174
immich/mobile/lib/presentation/pages/place_detail.page.dart	1:6 8:27 15:26 16:25 17:23 18:22
immich/mobile/lib/presentation/pages/profile/profile_picture_crop.page.dart	1:19 21:29 31:185 37:52 43:51 44:46 55:58 60:128 61:63 65:67 69:109 73:75 81:83 85:101 89:91 94:99 102:109 103:108 110:120 111:113 115:120 121:127 122:126 123:125 131:184 135:183 136:154 140:153 142:145 147:152 156:182 157:181 158:180 159:179 160:178 162:177 163:173 165:172 166:171 174:176
immich/mobile/lib/presentation/pages/recently_added.page.dart	1:8 10:32 15:31 16:30 17:28 18:27 20:22
immich/mobile/lib/presentation/pages/recently_taken.page.dart	1:8 10:32 15:31 16:30 17:28 18:27 20:22
immich/mobile/lib/presentation/pages/user_selection.page.dart	1:15 18:44 25:38 26:37 46:160 53:159 58:60 62:68 63:64 65:67 70:118 73:83 74:82 75:81 77:80 84:117 85:116 87:93 89:92 94:115 97:113 98:112 103:111 104:107 108:110 120:158 121:137 125:130 127:129 131:136 132:135 138:157 139:156 140:155 141:148 143:145 150:154
immich/mobile/lib/presentation/widgets/action_buttons/motion_photo_action_button.widget.dart	1:5 7:25 14:24 17:23
immich/mobile/lib/presentation/widgets/album/new_album_name_modal.widget.dart	1:3 5:10 12:53 16:19 22:52 23:51 25:32 26:31 33:50 34:40 36:39 41:49 42:44 45:48
immich/mobile/lib/presentation/widgets/asset_viewer/asset_details/appears_in_details.widget.dart	1:16 18:83 24:82 25:27 34:36 41:81 42:78 43:45 49:77 51:76 53:75 54:57 58:74 60:73 62:72 64:71 67:70
immich/mobile/lib/presentation/widgets/asset_viewer/asset_details/description.widget.dart	1:9 11:19 21:92 26:30 32:56 35:38 42:53 44:46 48:52 59:91 65:67 69:90 71:89 73:88 78:86
immich/mobile/lib/presentation/widgets/asset_viewer/asset_details/location_details.widget.dart	1:13 15:23 25:122 28:40 29:31 36:38 42:44 47:55 49:54 51:53 58:121 64:66 72:120 74:119 76:118 77:82 84:107 86:106 88:105 89:94 97:100 101:104 109:117 111:114
immich/mobile/lib/presentation/widgets/asset_viewer/asset_details/technical_details.widget.dart	1:10 14:145 21:63 27:62 28:61 29:32 34:43 36:42 44:52 46:52 53:60 55:59 65:97 66:70 74:88 76:87 78:86 79:85 90:96 99:111 113:123 114:116 125:132 126:128 134:144 135:137 140:142
immich/mobile/lib/presentation/widgets/asset_viewer/asset_page.widget.dart	1:28 32:41 43:539 69:82 73:81 74:76 78:80 85:90 87:89 93:98 100:113 101:112 106:110 115:121 116:118 123:128 130:137 132:133 134:136 139:150 142:144 146:149 152:156 153:155 158:186 159:161 163:172 169:171 174:185 177:179 188:230 189:191 199:229 209:212 215:228 217:221 222:227 223:225 237:242 238:240 244:245 251:264 266:291 267:269 272:275 284:285 286:287 288:290 293:294 296:310 300:305 301:303 307:309 312:327 315:317 318:326 319:325 322:324 329:341 331:333 335:337 343:346 355:425 357:362 364:394 365:393 367:392 387:391 396:424 417:423 428:538 429:431 443:445 450:453 466:468 472:537 473:536 474:528 477:527 479:526 480:525 481:494 484:493 496:503 497:502 504:524 506:523 507:522 509:521 514:520 530:535 551:561
immich/mobile/lib/presentation/widgets/asset_viewer/asset_stack.widget.dart	1:7 9:58 15:57 16:18 21:23 26:28 34:56 36:55 39:54 40:53 42:52 44:51 47:50 60:68 70:115 71:75 78:114 79:86 80:85 87:90 91:94 97:99 102:113 105:112 107:111
immich/mobile/lib/presentation/widgets/asset_viewer/asset_viewer.page.dart	1:27 29:56 45:55 48:54 49:52 58:78 68:77 72:74 80:337 81:85 97:108 99:101 104:107 111:126 116:118 129:138 149:159 150:152 155:157 161:168 162:166 170:189 174:176 180:182 191:217 192:194 196:198 200:204 208:216 209:215 211:214 219:225 220:224 227:257 231:234 240:242 243:247 245:247 248:250 252:256 253:255 259:262 265:336 274:281 275:277 278:280 283:286 288:335 290:334 296:303 298:302 305:333 306:332 307:323 309:322 311:321 325:331 326:330
immich/mobile/lib/presentation/widgets/asset_viewer/ocr_toggle_button.widget.dart	1:6 8:42 13:41 18:40 22:39 24:38 26:37 30:36 32:35
immich/mobile/lib/presentation/widgets/asset_viewer/rating_bar.widget.dart	1:3 5:31 33:138 37:40 43:50 45:49 46:48 52:86 56:58 62:63 64:65 66:74 71:73 76:85 77:79 80:81 82:84 89:137 93:136 96:135 97:121 99:120 103:119 106:118 107:109 113:117 123:134 125:133 126:131 127:129
immich/mobile/lib/presentation/widgets/asset_viewer/sheet_tile.widget.dart	1:8 10:79 30:34 37:78 39:43 40:43 44:50 45:49 53:54 55:59 56:59 60:62 64:77 66:76
immich/mobile/lib/presentation/widgets/asset_viewer/video_viewer.widget.dart	1:19 21:41 43:346 56:60 63:78 66:68 70:74 81:86 89:102 90:101 92:94 97:99 104:178 105:107 110:112 114:173 117:128 120:122 124:127 133:155 138:140 144:149 145:148 151:153 160:162 169:173 174:177 180:215 181:183 187:188 189:192 194:200 195:197 205:212 207:209 217:241 218:220 227:229 233:235 238:240 243:253 244:246 250:252 255:260 256:258 262:267 263:265 269:274 276:294 278:280 283:285 296:313 297:299 310:312 316:345 325:344 326:343 327:342 329:341 330:333 334:340 335:339
immich/mobile/lib/presentation/widgets/backup/backup_toggle_button.widget.dart	1:6 8:16 18:167 24:34 28:31 37:40 42:54 45:47 49:50 51:53 57:166 68:165 70:164 71:87 72:76 77:81 82:86 89:163 91:102 93:98 99:101 103:162 105:108 109:161 111:160 112:159 113:127 115:123 117:122 118:121 129:157 130:156 132:155 133:146 135:145 136:144 137:143 139:142 148:154 150:153
immich/mobile/lib/presentation/widgets/bottom_sheet/partner_detail_bottom_sheet.widget.dart	1:13 15:20 22:79 26:29 32:35 38:78 39:57 42:44 46:49 51:56 59:61 63:77 68:72 73:76
immich/mobile/lib/presentation/widgets/bottom_sheet/remote_album_bottom_sheet.widget.dart	1:24 26:32 34:115 38:41 44:47 50:114 53:71 56:58 60:63 65:70 73:75 77:113 83:109 88:91 93:99 101:108 102:104 105:107
immich/mobile/lib/presentation/widgets/images/full_image.widget.dart	1:8 10:45 25:44 27:43 29:42 38:41
immich/mobile/lib/presentation/widgets/images/thumb_hash_provider.dart	1:5 7:44 13:15 18:24 20:23 26:29 32:40 33:35 36:38
immich/mobile/lib/presentation/widgets/map/map.state.dart	1:13 17:48 33:35 40:47 50:113 53:59 54:56 61:67 69:73 75:79 81:85 87:91 93:98 101:112 103:111 117:133 121:131 123:130 126:129
immich/mobile/lib/presentation/widgets/map/map.widget.dart	1:23 25:40 30:39 31:38 42:49 51:197 60:63 66:71 73:75 79:116 81:83 85:88 90:104 91:103 94:102 106:112 107:111 118:124 119:121 126:148 128:130 135:137 140:147 141:146 142:145 150:157 152:154 159:180 161:171 162:169 163:168 174:179 175:178 183:196 184:188 185:187 189:195 190:194 199:228 209:227 211:226 212:225 213:224 230:238 240:254 242:253 243:252 244:250 246:248 256:283 263:282 264:281 266:280 267:279 270:278 273:277
immich/mobile/lib/presentation/widgets/memory/memory_lane.widget.dart	1:12 14:44 18:43 21:23 25:42 27:41 33:39 35:37 46:85 52:84 55:83 56:82 57:81 58:69 60:68 63:67 70:80 73:79 75:78
immich/mobile/lib/presentation/widgets/people/partner_user_avatar.widget.dart	1:5 7:26 14:25 17:24
immich/mobile/lib/presentation/widgets/people/person_option_sheet.widget.dart	1:2 4:36 12:35 15:34 16:33 18:32 20:31 21:25 26:30
immich/mobile/lib/presentation/widgets/search/quick_date_picker.dart	1:4 6:22 9:21 13:14 15:20 16:19 24:40 29:34 37:39 42:64 47:58 51:54 61:63 66:80 72:74 77:79 84:208 97:99 101:103 105:119 106:112 113:114 115:117 123:144 125:143 126:142 129:141 130:140 134:139 135:137 149:165 152:164 154:163 156:162 168:207 169:206 171:205 177:204 178:203 179:192 180:182 194:202 195:201
immich/mobile/lib/presentation/widgets/slideshow/slideshow_controller.dart	1:3 6:23 28:206 50:65 52:56 57:61 58:60 86:92 89:91 95:98 101:108 111:128 115:118 120:123 133:146 138:143 149:164 155:159 167:171 168:170 174:178 181:189 184:185 186:188 191:205 194:202
immich/mobile/lib/presentation/widgets/slideshow/slideshow_progress_bar.widget.dart	1:5 8:34 15:24 18:20 26:33 27:32
immich/mobile/lib/presentation/widgets/sliver_app_bar/item_count_text.widget.dart	1:9 14:21 23:44 27:30 33:36 39:43
immich/mobile/lib/presentation/widgets/sliver_app_bar/random_asset_background_image.widget.dart	1:7 10:17 19:230 30:61 33:37 39:43 45:48 50:53 55:58 64:68 70:84 71:76 72:76 73:75 77:83 78:82 79:81 86:113 87:89 91:97 92:94 99:101 105:112 106:107 108:110 115:145 116:118 120:140 121:140 125:127 130:133 141:144 148:229 149:151 153:228 155:227 156:226 158:225 160:224 162:223 165:192 167:191 170:190 172:189 176:181 177:179 182:188 183:187 195:222 197:221 200:220 202:219 206:211 207:209 212:218 213:217
immich/mobile/lib/presentation/widgets/timeline/fixed/segment.model.dart	1:25 27:90 48:51 54:60 56:58 63:69 65:67 72:89 78:80 82:88 92:200 108:135 113:120 114:119 122:124 126:134 128:133 129:131 137:139 146:199 149:174 156:164 157:159 160:162 170:173 176:188 178:187 181:186 190:198 191:197 202:292 216:240 219:220 221:239 223:225 229:238 230:237 231:236 242:250 244:246 252:264 255:257 267:291 277:290 278:289 281:288
immich/mobile/lib/presentation/widgets/timeline/header.widget.dart	1:14 16:87 30:35 37:40 43:86 44:46 52:85 54:84 56:83 59:82 61:70 62:69 63:66 72:81 73:80 74:77 89:119 96:118 98:99 100:102 109:117 110:113
immich/mobile/lib/presentation/widgets/timeline/sliver_segmented_list.dart	1:7 9:22 15:16 19:21 25:211 28:34 29:31 38:39 41:42 44:45 52:210 74:75 76:82 86:97 90:96 103:120 105:115 109:112 128:133 145:163 148:154 150:154 155:157 190:201 205:207
immich/mobile/lib/presentation/widgets/timeline/timeline.widget.dart	1:30 32:101 65:100 67:99 68:98 69:97 70:84 73:82 74:81 85:96 103:112 114:141 143:454 152:159 162:171 164:170 167:169 175:190 183:185 187:189 192:203 193:202 205:227 206:208 211:225 213:224 219:223 220:222 229:231 233:249 237:247 239:243 244:246 252:258 261:276 263:265 268:274 278:284 279:281 286:320 288:319 290:297 291:295 302:308 303:306 310:318 313:317 323:453 332:452 334:338 335:337 339:451 340:346 341:343 347:450 349:449 355:448 357:447 369:446 370:375 372:374 376:445 377:444 378:407 382:406 388:403 390:402 391:397 392:394 410:420 411:420 421:423 425:443 427:442 428:431 433:440 436:439
immich/mobile/lib/providers/album/album_sort_by_options.provider.dart	1:2 5:28 18:25
immich/mobile/lib/providers/app_life_cycle.provider.dart	1:18 22:247 38:65 43:46 49:51 55:56 57:58 59:64 60:62 67:103 68:73 76:79 85:91 93:96 105:115 106:108 110:111 112:114 117:164 132:160 134:143 135:139 140:142 146:153 147:153 148:150 154:156 158:160 161:163 166:178 169:177 171:176 172:175 181:184 186:189 191:220 197:200 203:205 209:211 212:213 214:219 215:217 222:230 223:227 232:241 238:240 243:246 249:251
immich/mobile/lib/providers/asset_viewer/download.provider.dart	1:4 6:75 10:15 11:15 16:21 23:38 24:26 29:31 33:37 40:58 42:44 46:57 50:56 51:55 60:74 63:69 64:68 71:73 77:79
immich/mobile/lib/providers/asset_viewer/video_player_provider.dart	1:7 13:20 22:26 28:33 31:33 35:267 46:53 55:57 59:66 61:62 63:65 68:81 69:71 75:77 78:80 83:96 84:86 88:90 91:93 98:106 100:102 108:122 109:111 115:117 119:121 124:135 127:134 138:145 139:141 148:157 152:156 159:162 164:170 165:166 167:169 172:178 173:174 175:177 180:197 181:183 188:190 192:196 199:222 200:202 205:207 210:212 214:216 218:221 224:246 225:227 230:232 235:241 243:245 248:251 253:260 255:259 256:258 262:266
immich/mobile/lib/providers/backup/asset_upload_progress.provider.dart	1:3 7:28 13:15 17:19 21:23 25:27 30:32
immich/mobile/lib/providers/backup/backup_server.provider.dart	1:5 7:9 11:23 17:22 19:21
immich/mobile/lib/providers/cast.provider.dart	1:6 8:10 12:103 19:26 20:26 27:33 35:37 39:41 43:45 47:49 51:53 55:57 59:64 60:63 66:72 67:69 74:82 75:81 84:86 88:90 92:94 96:98 100:102
immich/mobile/lib/providers/feature_message.provider.dart	1:3 5:7
immich/mobile/lib/providers/folder.provider.dart	1:6 8:23 14:22 15:17 18:21 25:27 29:45 36:44 37:39 40:43 48:53 51:53
immich/mobile/lib/providers/gallery_permission.provider.dart	1:6 8:10 12:25 13:15 27:29
immich/mobile/lib/providers/infrastructure/album.provider.dart	1:11 13:17 19:21 23:29 24:28 31:34 36:38
immich/mobile/lib/providers/infrastructure/asset.provider.dart	1:6 8:18 10:17 20:29 24:26
immich/mobile/lib/providers/infrastructure/asset_viewer/asset.provider.dart	1:4 6:8
immich/mobile/lib/providers/infrastructure/db.provider.dart	1:6 9:13
immich/mobile/lib/providers/infrastructure/platform.provider.dart	1:10 14:16
immich/mobile/lib/providers/infrastructure/readonly_mode.provider.dart	1:7 9:38 13:17 19:27 24:26 29:32 34:37
immich/mobile/lib/providers/infrastructure/setting.provider.dart	3:6 8:13
immich/mobile/lib/providers/infrastructure/settings.provider.dart	1:3 7:12
immich/mobile/lib/providers/infrastructure/sync.provider.dart	1:11 13:26 15:25 30:40 32:39 42:51 44:50
immich/mobile/lib/providers/infrastructure/user.provider.dart	1:8 12:18 13:17 20:23
immich/mobile/lib/providers/locale_provider.dart	1:2
immich/mobile/lib/providers/map/map_state.provider.dart	1:7 11:34 13:28 19:27 30:33
immich/mobile/lib/providers/permission.provider.dart	3:9 11:31 13:16 20:24 26:30 33:35 37:39 41:50 42:46 52:58 53:57
immich/mobile/lib/providers/routes.provider.dart	1:3 6:9
immich/mobile/lib/providers/shared_link.provider.dart	1:5 7:23 10:12 14:16 18:22 25:27
immich/mobile/lib/providers/timeline/multiselect.provider.dart	3:7 11:14 16:38 29:30 40:104 47:49 51:57 52:54 59:65 60:62 67:73 68:69 70:72 75:77 79:82 84:103 85:87 94:96 97:100 106:115 109:111
immich/mobile/lib/providers/upload_profile_image.provider.dart	1:6 12:16 18:38 24:37 29:33 40:42
immich/mobile/lib/providers/view_intent/view_intent_file_path.provider.dart	3:20 7:12 8:10 14:19 15:17 22:24
immich/mobile/lib/providers/view_intent/view_intent_handler.provider.dart	1:5 7:15 17:23 18:20
immich/mobile/lib/providers/view_intent/view_intent_handler_android.dart	1:16 18:104 32:35 43:53 45:48 50:52 55:61 58:60 64:81 65:67 69:72 76:80 83:103 86:88 91:93 94:97 99:102
immich/mobile/lib/repositories/asset_api.repository.dart	1:10 12:18 13:17 20:107 27:29 31:33 35:38 40:43 45:49 51:53 55:60 62:67 69:71 73:75 77:79 81:83 85:87 95:106 96:105 97:104 109:113 110:112 115:132 116:131 118:121 122:125 126:129
immich/mobile/lib/repositories/auth.repository.dart	1:7 9:11 13:40 19:21 23:25 27:29 31:33 35:39
immich/mobile/lib/repositories/auth_api.repository.dart	1:6 10:65 15:19 16:18 21:27 22:24 29:35 30:32 37:47 38:46 49:56 50:52 53:55 58:60 62:64
immich/mobile/lib/repositories/partner_api.repository.dart	1:6 10:26 15:18 22:25
immich/mobile/lib/repositories/secure_storage.repository.dart	1:2 6:22 11:13 15:17 19:21
immich/mobile/lib/repositories/share_handler.repository.dart	1:5 9:56 14:27 18:20 22:26 23:25 29:55 32:52 33:35 43:51 44:50
immich/mobile/lib/routing/app_navigation_observer.dart	1:6 8:32 15:25 18:24 19:23 28:31 35:51 42:50 43:45
immich/mobile/lib/routing/duplicate_guard.dart	1:2 5:17 8:16 10:12 13:15
immich/mobile/lib/services/action.service.dart	1:6 8:10 12:45 18:22 24:28 30:36 38:44
immich/mobile/lib/services/api.service.dart	1:13 15:196 44:48 51:54 56:80 82:89 98:113 103:105 107:109 115:130 118:120 121:122 123:124 125:128 132:153 133:147 138:147 142:145 148:150 155:170 158:161 162:165 166:169 172:189 175:177 180:182 183:187 184:186 191:193
immich/mobile/lib/services/auth.service.dart	1:19 21:29 22:28 31:210 55:61 63:80 66:74 72:74 75:77 82:84 93:105 94:95 96:97 98:104 99:101 116:130 119:129 123:128 132:139 133:134 135:138 141:158 143:145 151:153 160:172 161:166 163:166 167:169 174:197 177:178 179:182 184:194 185:186 187:189 190:193 199:201 203:205 207:209
immich/mobile/lib/services/deep_link.service.dart	1:16 18:26 19:25 28:154 44:57 59:84 67:73 74:77 78:81 86:107 89:94 90:92 95:100 97:99 102:104 109:123 111:113 118:122 125:133 128:130 135:143 138:140 145:153 148:150
immich/mobile/lib/services/download.service.dart	3:13 15:17 19:174 31:39 41:48 45:47 50:52 54:60 55:57 62:68 63:65 70:72 74:77 79:98 83:89 84:88 90:92 93:97 94:96 100:116 105:107 108:110 111:115 112:114 118:169 123:125 128:130 136:143 137:141 144:151 146:149 152:154 155:168 157:159 162:164 171:173 176:181 177:180
immich/mobile/lib/services/local_auth.service.dart	1:3 7:19 12:14 16:18
immich/mobile/lib/services/oauth.service.dart	1:4 8:47 14:32 20:26 21:25 34:46 39:41 43:45
immich/mobile/lib/services/shared_link.service.dart	1:7 11:118 17:25 18:20 21:24 27:33 28:29 30:32 45:85 46:80 49:60 50:60 61:73 62:72 75:80 77:79 81:83 96:117 97:112 98:109 100:108 110:112 113:115
immich/mobile/lib/theme/dynamic_theme.dart	1:4 6:40 11:36 12:32 14:32 20:31 21:25 26:30 33:35
immich/mobile/lib/theme/theme_data.dart	1:4 6:11 13:117 16:116 28:35 29:33 36:48 37:42 49:56 57:62 58:61 64:68 70:72 73:78 75:77 79:90 80:83 84:87 92:107 93:97 94:96 98:106 100:103 109:115 122:153 123:152 124:137 138:151 155:161 156:159
immich/mobile/lib/utils/asset_filter.dart	10:11 12:13
immich/mobile/lib/utils/bootstrap.dart	1:13 15:45 18:23 25:30 32:37 39:44 47:86 54:85 58:61 67:69 72:76 78:80
immich/mobile/lib/utils/cache/custom_image_cache.dart	1:4 8:77 26:29 32:35 38:44 47:51
immich/mobile/lib/utils/debounce.dart	5:52 14:25 20:23 28:40 34:38 35:37 42:48
immich/mobile/lib/utils/image_converter.dart	1:5 12:30 16:28 17:27 18:26 19:25 20:21 22:24
immich/mobile/lib/utils/image_url_builder.dart	1:3 5:7 14:17 19:21 23:26
immich/mobile/lib/utils/isolate_worker.dart	9:14 20:22 24:163 37:40 42:59 45:56 46:48 49:51 52:55 61:66 78:108 80:82 87:89 98:103 99:101 110:113 115:162 120:124 121:123 128:161 129:136 132:134 137:140 145:146 147:148 149:152 153:159
immich/mobile/lib/utils/map_utils.dart	2:8 10:68 18:67 19:62 21:23 25:28 33:45 34:36 38:41 42:44 47:53 49:51 55:61 56:60 63:66 70:81 72:80 77:79 83:92 85:91
immich/mobile/lib/utils/migration.dart	1:29 33:59 37:39 41:43 45:47 49:51 53:55 63:125 64:66 67:121 69:76 70:75 72:74 78:80 81:84 86:121 87:92 88:90 93:98 94:96 99:120 100:119 101:118 103:109 104:108 111:117 112:116 122:124 129:136 130:132 133:135 138:173 140:142 146:148 150:152 154:162 156:161 158:160 163:165 175:239 185:188 190:194 205:209 241:249 244:246 251:273 253:255 258:267 260:267 261:266 263:265 268:270 275:296 277:279 282:290 284:290 285:289 286:288 291:293 298:403 305:318 307:309 312:314 324:337 326:328 331:333 339:348 341:343 350:358 352:354 360:363 365:385 366:383 367:382 368:370 373:375 377:381 387:390 392:395 397:402 398:400
immich/mobile/lib/utils/openapi_patching.dart	1:2 4:6 8:13 18:48 19:30 31:35 51:62 52:54 56:58 59:61 64:79 69:74 70:72 76:78
immich/mobile/lib/utils/semver.dart	3:112 12:14 18:31 20:22 25:30 33:44 34:36 37:39 40:42 46:57 47:49 50:52 53:55 59:70 60:62 63:65 66:68 72:74 76:78 81:91 82:84 93:108 94:96 97:99 100:102 103:105
immich/mobile/lib/utils/timezone.dart	1:3 12:39 15:17 19:23 24:35 28:34 47:54 48:51
immich/mobile/lib/utils/upload_speed_calculator.dart	5:130 33:67 37:41 46:48 59:61 72:79 73:75 88:95 100:111 102:104 117:129 122:123 125:127 135:166 140:142 151:155 158:160 163:165
immich/mobile/lib/utils/version_compatibility.dart	3:17 7:9 12:14
immich/mobile/lib/widgets/activities/comment_bubble.dart	1:17 19:161 26:160 35:49 37:39 42:48 43:47 51:57 52:53 54:56 61:63 67:95 68:94 70:93 71:92 72:81 74:80 76:79 83:91 86:90 99:105 100:104 109:121 110:120 112:119 115:118 126:159 129:158 131:157 133:156 135:155 138:154 141:152 143:151 145:150 147:149
immich/mobile/lib/widgets/activities/dismissible_activity.dart	1:3 5:44 13:43 14:16 18:42 23:31 25:30 37:40 46:65 53:64 54:63 58:61
immich/mobile/lib/widgets/album/album_action_filled_button.dart	1:2 4:28 12:27 13:26 15:25 16:21
immich/mobile/lib/widgets/asset_grid/thumbnail_placeholder.dart	1:3 5:28 13:27 14:17 19:26 23:25
immich/mobile/lib/widgets/asset_viewer/cast_dialog.dart	1:8 10:127 14:126 17:19 21:23 25:125 27:107 30:106 32:105 33:34 35:37 39:41 49:52 54:57 59:104 62:103 65:70 67:70 71:102 74:101 75:78 79:82 88:100 89:91 93:95 97:99 108:124 110:116 112:115 117:123 119:122
immich/mobile/lib/widgets/backup/album_info_list_tile.dart	1:13 15:98 21:97 25:33 26:27 28:29 30:32 35:45 36:38 40:42 47:52 48:51 54:96 55:73 58:59 60:72 61:69 62:67 74:95 77:84 79:80 81:83 88:94 89:91
immich/mobile/lib/widgets/common/date_time_picker.dart	1:11 20:26 21:25 28:30 32:169 39:65 40:46 41:42 43:45 50:62 53:55 59:61 68:70 73:168 78:84 79:83 87:108 91:96 97:99 103:105 110:115 117:167 119:137 120:129 122:128 124:127 130:136 132:135 138:166 141:165 144:154 146:150 156:164 171:186 177:178 183:185
immich/mobile/lib/widgets/common/feature_check.dart	1:4 16:38 29:37 32:34
immich/mobile/lib/widgets/common/immich_loading_indicator.dart	1:5 7:44 13:43 21:42 24:28 29:41 31:36 32:35 37:40 46:102 50:56 61:94 74:88 78:82 97:99
immich/mobile/lib/widgets/common/person_sliver_app_bar.dart	1:17 19:35 37:133 40:51 41:43 46:48 54:132 57:62 65:70 71:131 77:90 78:86 81:85 87:89 91:96 92:95 97:130 98:129 103:109 104:108 105:107 111:128 113:121 116:119 122:127 135:150 152:324 157:172 162:165 167:171 168:170 175:178 181:323 184:322 186:321 187:193 189:192 194:213 195:212 197:211 198:210 199:209 202:207 214:320 218:319 220:318 221:317 222:235 225:234 228:233 230:232 237:316 238:315 241:314 242:271 244:270 246:269 249:259 252:258 260:268 262:267 272:281 274:280 275:279 283:313 285:312 287:311 292:299 294:298 301:310 303:309
immich/mobile/lib/widgets/common/remote_album_sliver_app_bar.dart	1:17 19:28 30:129 33:44 34:36 39:41 47:128 51:53 57:62 64:127 72:79 73:77 80:91 81:84 86:89 92:107 93:106 97:105 100:103 108:126 109:125 114:120 115:119 116:118 122:124 131:139 141:282 146:161 151:154 156:160 157:159 164:167 170:281 174:176 179:280 181:279 182:188 184:187 189:208 190:207 192:206 193:205 194:204 197:202 209:278 213:277 215:276 218:275 219:249 220:248 222:231 223:226 227:230 232:238 234:237 239:247 241:246 242:245 250:256 252:255 258:273 260:272 262:271 263:270 265:269 284:325 290:296 298:308 299:306 300:303 310:319 312:317 314:316 322:324
immich/mobile/lib/widgets/common/scaffold_error_body.dart	1:3 6:42 13:41 14:40 17:39 18:22 24:33 25:32 27:31 35:38
immich/mobile/lib/widgets/common/search_field.dart	1:3 5:69 34:68 35:67 42:66 47:50 51:54 55:58 59:62
immich/mobile/lib/widgets/forms/pin_input.dart	1:3 5:100 28:99 29:41 35:37 43:52 47:51 54:98 56:97 57:63 58:61 64:96 71:76 73:75 78:84 79:83 85:91 86:90
immich/mobile/lib/widgets/map/asset_marker_icon.dart	1:4 6:54 12:53 14:52 15:51 18:50 20:49 22:48 23:35 26:34 27:32 36:47 39:46 42:45 56:106 70:89 91:100 103:105
immich/mobile/lib/widgets/map/map_settings/map_settings_list_tile.dart	1:3 5:21 13:20 14:19
immich/mobile/lib/widgets/map/map_settings/map_settings_time_dropdown.dart	1:3 5:55 12:54 15:53 17:52 20:51 21:24 25:50 26:49 31:48 36:41 42:47
immich/mobile/lib/widgets/memories/memory_epilogue.dart	1:3 5:12 14:99 21:24 27:30 33:98 34:97 35:96 36:95 37:68 38:67 40:66 41:45 47:50 52:55 57:65 59:64 61:63 69:94 73:93 75:92 76:91 77:86 79:85 81:83 87:90
immich/mobile/lib/widgets/photo_view/src/core/photo_view_core.dart	1:21 27:125 120:122 127:456 145:147 149:151 153:155 157:163 165:168 170:191 171:174 185:190 193:235 202:203 204:209 206:208 212:218 221:226 231:234 237:239 241:249 242:244 251:258 252:254 260:267 261:263 269:273 270:272 276:280 277:279 282:284 286:291 287:289 293:295 298:312 314:318 321:327 329:352 331:333 335:347 339:341 344:347 348:350 355:358 361:423 362:422 365:421 366:417 377:380 382:388 385:387 390:392 394:417 418:420 425:436 427:434 438:455 440:444 445:454 458:500 466:477 480:482 485:487 490:496
immich/mobile/lib/widgets/photo_view/src/core/photo_view_gesture_detector.dart	1:3 7:116 51:115 59:68 60:67 62:66 70:81 71:80 73:79 83:88 85:87 90:105 91:96 97:104 107:112 109:111 118:227 141:147 142:145 150:153 156:182 157:180 159:162 160:162 163:165 166:169 173:177 184:203 190:192 199:201 205:226 214:225 222:224 246:267 249:253 264:266 273:288 282:284
immich/mobile/lib/widgets/photo_view/src/photo_view_scale_state.dart	2:10
immich/mobile/lib/widgets/photo_view/src/utils/photo_view_hero_attributes.dart	5:28
immich/mobile/lib/widgets/search/search_filter/camera_picker.dart	1:9 11:81 18:80 24:26 28:32 29:31 34:51 43:50 44:46 53:66 62:65 68:70 72:79 74:78
immich/mobile/lib/widgets/search/search_filter/common/dropdown.dart	3:64 19:21 24:63 27:31 28:30 33:62 34:61 36:46 37:45 49:60
immich/mobile/lib/widgets/search/search_filter/location_picker.dart	1:8 10:111 17:110 26:34 27:33 28:32 36:44 37:43 38:42 46:54 47:53 48:52 56:109 57:108 58:75 66:74 67:69 77:93 85:92 86:88 95:107 103:106
immich/mobile/lib/widgets/search/search_filter/media_type_picker.dart	1:4 6:31 13:30 16:29 17:20 22:28 23:27
immich/mobile/lib/widgets/search/search_filter/people_picker.dart	1:13 15:113 22:112 29:111 30:110 31:40 33:39 41:44 45:109 46:108 47:107 49:53 50:52 55:106 59:105 63:104 66:103 67:74 69:73 75:88 77:87 80:86 83:85 89:99 91:92 93:95
immich/mobile/lib/widgets/search/search_filter/star_rating_picker.dart	1:5 7:38 13:37 16:36 18:25 19:21 26:35 27:34 29:33
immich/mobile/lib/widgets/settings/advanced_settings.dart	1:21 23:183 27:182 34:37 42:45 47:55 48:53 57:65 58:63 60:62 67:179 68:73 75:103 76:102 77:89 82:88 83:87 90:101 97:100 104:111 112:116 119:136 123:135 126:134 127:133 129:132 137:177 140:176 142:143 144:159 145:147 149:157 150:156 152:155 161:163 167:175 168:174 170:173
immich/mobile/lib/widgets/settings/asset_list_settings/asset_list_group_settings.dart	1:11 13:51 17:50 20:24 26:31 27:30 33:49 35:48 37:47 38:44 39:42
immich/mobile/lib/widgets/settings/asset_viewer_settings/asset_viewer_settings.dart	1:6 8:22 12:21 13:18
immich/mobile/lib/widgets/settings/asset_viewer_settings/image_viewer_tap_to_navigate_setting.dart	1:8 10:32 14:31 16:18 20:30 22:29 24:28
immich/mobile/lib/widgets/settings/asset_viewer_settings/video_viewer_settings.dart	1:8 10:52 14:51 20:22 23:25 26:28 30:50 32:49 34:38 39:43 44:48
immich/mobile/lib/widgets/settings/networking_settings/endpoint_input.dart	1:9 11:29 31:128 38:46 43:45 49:54 56:60 57:59 62:75 68:72 69:71 77:90 78:82 79:82 83:86 93:127 94:126 98:103 104:125 106:110 111:115 116:124
immich/mobile/lib/widgets/settings/networking_settings/external_network_preference.dart	1:12 14:157 20:156 24:33 35:42 39:41 44:50 52:56 58:70 59:69 61:67 62:66 72:81 75:77 83:155 85:154 87:91 92:153 93:152 94:98 99:151 103:150 104:107 110:130 112:129 119:128 120:127 132:149 134:148 136:147 140:145 141:144
immich/mobile/lib/widgets/settings/networking_settings/networking_settings.dart	1:14 16:149 20:148 23:25 27:94 28:31 35:59 36:58 38:57 39:56 42:55 43:54 44:52 47:49 61:63 65:89 66:88 68:87 69:86 72:85 73:84 74:82 77:79 91:93 96:101 97:99 103:147 105:146 107:110 111:129 113:128 115:118 119:127 123:126 130:133 134:139 151:185 158:160 162:184 163:170 165:169 174:178
immich/mobile/lib/widgets/settings/preference_settings/preference_setting.dart	1:5 7:16 11:15
immich/mobile/lib/widgets/settings/preference_settings/share_setting.dart	1:11 13:49 17:48 20:25 21:24 27:47 29:46 31:37 33:36 38:45 39:42
immich/mobile/lib/widgets/settings/ssl_client_cert_settings.dart	1:10 12:17 19:117 25:28 30:39 31:35 33:35 36:38 42:71 43:70 47:50 51:69 53:68 54:57 59:67 63:66 73:80 74:79 75:78 82:100 83:92 84:89 93:99 94:96 102:114 103:106 107:113 108:110
immich/mobile/packages/ui/lib/extensions/build_context_extensions.dart	3:67
immich/mobile/packages/ui/lib/extensions/theme_extensions.dart	3:6 8:16 9:11 13:15
immich/mobile/packages/ui/lib/immich_ui.dart	1:18
immich/mobile/packages/ui/lib/src/components/close_button.dart	1:3 5:24 18:23
immich/mobile/packages/ui/lib/src/components/form.dart	1:5 7:42 18:21 23:41 24:26 27:29 33:34 35:40 37:39 44:54 56:101 60:63 66:69 72:75 78:100 80:99 82:98 84:97 86:96 88:95
immich/mobile/packages/ui/lib/src/components/formatted_text.dart	1:2 4:9 41:63 65:134 72:75 77:82 78:80 84:115 90:108 91:93 101:104 110:112 117:122 125:133 126:132
immich/mobile/packages/ui/lib/src/components/settings/setting_list_tile.dart	1:2 4:38 23:37 24:36 27:30
immich/mobile/packages/ui/lib/src/components/settings/settings_button_list_tile.dart	1:3 5:51 28:50 29:49 35:48 37:47 40:43
immich/mobile/packages/ui/lib/src/components/settings/settings_sub_page_scaffold.dart	3:20 10:19 11:18
immich/mobile/packages/ui/lib/src/components/settings/settings_switch_list_tile.dart	1:3 5:70 30:69 31:38 32:34 40:68 48:57 52:56 59:66 63:65
immich/mobile/packages/ui/lib/src/components/text_input.dart	1:2 4:48 50:89 54:57 60:65 61:63 68:88 69:87
immich/mobile/packages/ui/lib/src/components/url_input.dart	1:2 4:30 18:25 27:29
immich/mobile/packages/ui/lib/src/previews/close_button.dart	1:4 9:16 12:15 19:26 22:25
immich/mobile/packages/ui/lib/src/previews/formatted_text.dart	1:3 14:32 18:31 19:30 21:29 34:50 38:49 39:48 43:46
immich/mobile/packages/ui/lib/src/previews/snackbar.dart	1:4 9:32 13:31 14:30 16:29 18:28 19:27 22:26
immich/mobile/packages/ui/lib/src/previews/text_button.dart	1:4 9:16 12:15 19:32 22:31 24:30 35:39 42:55 45:54 47:53
immich/mobile/packages/ui/lib/src/snackbar.dart	1:5 9:15 17:97 25:35 28:30 37:78 47:53 48:52 55:77 62:75 63:74 66:73 67:72
immich/mobile/packages/ui/lib/src/translation.dart	3:12 14:28 19:22 25:27
immich/mobile/packages/ui/test/smart_punctuation_test.dart	1:6 8:32 11:16 18:31
immich/mobile/packages/ui/test/snackbar_test.dart	1:5 7:35 8:34 9:17 19:29 31:33
immich/mobile/packages/ui/test/test_utils.dart	1:3 5:14 6:13 7:12 8:11
immich/mobile/pigeon/background_worker_api.dart	3:13 4:12 21:33 35:43 45:58
immich/mobile/pigeon/connectivity_api.dart	3:13 4:12 16:20
immich/mobile/pigeon/remote_image_api.dart	3:13 4:12
immich/mobile/test/data/store/person_store_test.dart	1:11 15:140 20:33 23:30 24:29 37:46 48:60 62:83 73:77 74:76 85:102 104:114 116:124 126:139 131:133
immich/mobile/test/domain/repositories/sync_stream_repository_test.dart	1:13 15:25 16:24 37:60 38:59 68:91 69:90 98:126 99:125 128:412 132:135 137:139 141:227 142:171 145:170 150:154 157:162 173:197 175:196 183:188 199:226 208:214 229:279 230:264 234:236 237:244 238:243 253:258 266:278 268:270 281:375 282:283 285:288 290:303 305:329 331:350 337:342 346:349 352:374 356:361 362:367 377:411 378:379 381:410 386:389 399:401 402:405
immich/mobile/test/domain/services/background_worker_service_test.dart	1:25 35:136 41:48 50:53 55:82 70:81 73:80 84:135 85:96 98:104 106:119 107:118 121:134 124:126
immich/mobile/test/domain/services/local_sync_service_test.dart	1:21 23:240 32:38 40:44 46:78 54:56 63:66 68:74 80:120 81:89 91:98 100:107 109:119 122:217 123:174 124:132 137:141 144:148 145:147 150:152 176:194 179:184 180:183 196:207 209:216 219:239 220:238 221:231
immich/mobile/test/domain/services/log_service_test.dart	1:13 15:20 22:27 29:179 34:49 51:53 55:65 56:59 61:64 67:82 68:70 72:77 73:75 79:81 84:146 85:101 86:100 87:91 103:122 104:121 105:109 124:145 125:144 126:130 148:178 149:151 153:156 158:177 159:176 160:164
immich/mobile/test/domain/services/store_service_test.dart	1:9 15:154 20:38 28:34 29:33 40:43 45:64 46:53 55:63 66:78 67:69 71:73 75:77 80:96 81:83 85:88 90:95 98:123 101:104 106:108 110:122 116:118 125:139 126:128 130:133 135:138 141:153 142:144 146:152
immich/mobile/test/domain/services/user_service_test.dart	1:13 15:124 21:34 25:29 36:47 37:40 42:46 49:60 50:53 55:59 62:74 63:67 69:73 76:93 77:84 86:92 95:123 96:109 100:102 111:122 115:117
immich/mobile/test/fixtures/asset.stub.dart	3:25 6:14 16:24
immich/mobile/test/fixtures/sync_stream.stub.dart	1:2 4:137 5:17 7:15 18:30 20:28 31:35 37:41 42:46 48:65 50:63 67:71 73:77 79:83 85:89 96:98 100:102 109:136 110:135 112:133
immich/mobile/test/infrastructure/db_watchers_test.dart	1:9 11:50 15:23 18:21 25:28 30:32 34:49 39:42 52:62 55:56 57:61 64:72 67:70
immich/mobile/test/infrastructure/repositories/store_repository_test.dart	1:12 19:46 20:45 21:28 23:27 29:36 31:35 37:44 39:43 48:164 52:55 57:59 61:93 62:68 70:76 78:84 86:92 95:114 96:98 100:106 108:113 116:128 117:119 121:127 130:163 131:133 135:140 142:162 144:160 145:159 147:158 148:152 153:157
immich/mobile/test/infrastructure/repository.mock.dart	3:23
immich/mobile/test/medium/repositories/people_repository_test.dart	1:4 6:77 10:13 15:17 19:76 20:35 37:50 52:62 64:75
immich/mobile/test/medium/repositories/remote_asset_repository_test.dart	1:6 8:98 12:15 17:19 21:68 24:28 30:46 48:57 59:67 70:97 71:72 74:85 87:96
immich/mobile/test/medium/repositories/settings_repository_test.dart	1:8 10:156 14:17 19:21 23:26 28:36 29:31 33:35 38:61 39:42 44:49 51:60 63:94 64:73 75:78 80:93 83:89 84:88 98:141 99:115 102:108 103:107 117:125 127:140 130:136 131:135 143:155 144:148 150:154
immich/mobile/test/medium/repositories/trashed_local_asset_repository_test.dart	1:5 7:100 11:14 16:18 20:56 23:27 29:43 45:55 58:99 61:65 67:72 74:87 89:98
immich/mobile/test/medium/repository_context.dart	1:30 32:405 37:39 41:47 42:44 49:55 50:52 63:77 67:76 68:75 80:93 84:92 85:91 95:105 98:104 99:103 126:156 132:155 133:154 166:179 169:178 170:177 191:219 195:206 196:205 210:216 211:215 221:225 227:240 231:239 232:238 242:267 253:266 254:265 289:315 294:314 295:313 327:344 331:343 332:342 353:367 357:366 358:365 369:371 383:400 387:399 388:398 402:404
immich/mobile/test/medium/service_context.dart	1:8 10:17 19:28 25:27
immich/mobile/test/medium/services/partner_service_test.dart	1:5 7:110 11:14 16:18 20:68 21:28 30:39 41:49 51:67 57:63 59:62 70:81 71:80 83:95 84:94 97:109 98:108
immich/mobile/test/medium/utils/datetime_clamp_type_test.dart	1:9 11:71 16:18 20:22 24:28 30:32 34:37 39:41 43:46 48:62 51:54 52:53 64:70
immich/mobile/test/medium/utils/migrate_cloud_ids_test.dart	1:14 16:115 21:26 28:31 33:36 38:44 39:43 46:72 47:53 55:62 64:71 74:114 75:87 77:79 89:98 91:93 100:113 103:108
immich/mobile/test/modules/map/map_theme_override_test.dart	4:19 21:164 27:30 32:40 36:39 42:57 44:52 45:50 46:49 59:74 61:69 62:67 63:66 76:91 78:86 79:84 80:83 93:163 94:114 96:104 97:102 98:101 107:110 116:136 118:126 119:124 120:123 129:132 138:162 140:148 141:146 142:145 151:155
immich/mobile/test/modules/utils/async_mutex_test.dart	1:4 6:23 7:22 8:21
immich/mobile/test/modules/utils/debouncer_test.dart	1:2 4:10 12:41 13:20 22:30 32:40
immich/mobile/test/pages/common/download_panel_test.dart	1:6 8:24 9:23 10:12 17:19
immich/mobile/test/presentation/pages/slideshow_page_test.dart	1:21 24:35 44:48 51:66 54:65 56:64 59:61 68:380 83:109 84:108 85:89 86:88 91:103 95:102 96:100 97:99 112:113 116:117 120:123 125:126 130:136 138:208 139:142 144:150 152:161 163:169 171:187 189:200 202:207 210:298 211:216 218:228 230:244 246:263 267:284 286:297 300:379 311:314 316:319 321:324 326:334 328:331 336:338 340:350 342:347 352:363 354:360 365:378 367:375
immich/mobile/test/presentation/widgets/asset_viewer/video_viewer_test.dart	1:14 16:72 23:30 32:34 36:44 37:42 46:54 56:63 65:71
immich/mobile/test/presentation/widgets/images/cache_aware_listener_tracker_mixin_test.dart	1:5 7:23 10:17 11:16 13:15 20:22 25:183 29:33 35:182 37:55 57:75 77:101 83:85 89:92 103:125 114:116 127:144 146:170 172:181
immich/mobile/test/presentation/widgets/images/local_image_provider_test.dart	1:7 11:144 15:18 20:23 25:52 27:37 39:51 40:50 41:47 54:71 55:62 64:70 73:106 74:75 77:82 84:89 93:98 100:105 108:116 109:115 118:143 119:142 120:129 121:127 130:139 131:137
immich/mobile/test/presentation/widgets/images/progressive_image_test.dart	1:7 9:20 18:19 22:59 25:58 28:57 32:34 36:46 37:45 39:44 40:43
immich/mobile/test/presentation/widgets/timeline/timeline_args_test.dart	3:14 18:27 22:23 29:38 33:34 43:55 48:51 60:73 75:76 78:217 79:117 81:117 87:92 88:91 94:102 95:101 96:99 112:116 119:162 125:132 126:131 127:130 134:151 135:150 136:139 140:149 141:148 142:147 164:216 166:216 173:178 174:177 180:188 181:187 182:185 203:207
immich/mobile/test/providers/asset_viewer/download_provider_test.dart	1:7 11:12 14:113 21:35 24:28 25:27 37:51 38:50 53:66 54:65 68:89 69:88 70:73 74:78 91:103 92:102 105:112 106:111
immich/mobile/test/providers/backup/backup_provider_test.dart	1:9 15:131 20:23 25:34 29:33 30:32 36:40 37:39 43:52 45:49 47:49 54:130 55:66 59:61 68:89 91:100 102:121 108:110 118:120 123:129
immich/mobile/test/providers/view_intent/view_intent_handler_android_test.dart	1:24 46:49 51:64 61:63 66:82 68:74 75:77 79:81 86:214 99:106 103:105 108:138 118:129 119:128 123:126 134:137 140:147 149:165 154:156 167:171 173:180 182:190 192:213 194:196 216:226 217:225 228:239 229:238 241:247 242:246 249:257 253:255
immich/mobile/test/providers/view_intent/view_intent_pending_provider_test.dart	1:4 6:64 10:14 16:22 18:20 24:28 30:38 40:48 50:63 51:55
immich/mobile/test/repositories/asset_media_repository_test.dart	1:25 33:47 41:46 43:45 49:262 61:73 75:79 81:125 90:93 95:102 97:101 104:124 106:123 107:109 118:120 127:131 128:130 139:174 141:170 143:152 144:151 145:150 146:149 154:168 155:160 161:163 171:173 176:187 177:181 189:200 190:194 202:217 207:210 219:230 221:224 232:249 237:240 251:261 252:255
immich/mobile/test/riverpod_mocks.dart	1:2 4:8 5:7
immich/mobile/test/service.mocks.dart	3:23
immich/mobile/test/services/action.service_test.dart	1:13 15:73 23:29 31:35 37:42 44:46 48:72 51:60 62:71
immich/mobile/test/services/auth.service_test.dart	1:14 16:241 25:34 36:40 42:44 46:98 47:60 62:75 77:86 88:97 100:240 101:103 105:113 115:131 119:121 133:151 136:138 139:141 153:176 156:159 161:163 164:166 178:201 181:184 186:188 189:191 203:219 207:209 221:239 224:226 227:229
immich/mobile/test/services/cleanup.service_test.dart	1:7 9:73 15:19 21:72 22:28 30:43 33:35 45:71 50:54
immich/mobile/test/services/view_intent_asset_resolver_test.dart	1:14 18:97 24:52 29:34 39:44 40:43 46:51 47:49 54:63 65:73 75:89 76:79 91:96 92:95 99:101 103:105 107:118 108:117 120:126 121:125
immich/mobile/test/unit/factories/local_album_factory.dart	1:3 5:26 14:25 16:24
immich/mobile/test/unit/presentation/actions/archive_action_test.dart	1:12 14:140 18:21 23:25 27:28 30:31 33:139 34:40 42:48 50:58 60:67 69:76 78:83 85:93 86:90 95:104 106:115 117:128 118:125 121:124 130:138 131:135
immich/mobile/test/unit/presentation/actions/edit_action_test.dart	1:20 22:172 26:29 31:33 35:36 40:42 52:62 54:60 55:59 64:116 69:74 76:80 82:86 88:92 94:98 100:104 106:115 118:145 119:123 125:129 131:144 147:171 148:152 154:158 160:170
immich/mobile/test/unit/presentation/actions/open_in_browser_action_test.dart	1:7 9:48 12:14 16:18 20:34 21:25 27:33 30:32 36:47 37:46 38:43 40:42
immich/mobile/test/unit/presentation/actions/partner_action_test.dart	1:11 13:82 17:20 22:24 26:28 30:53 31:40 42:52 43:47 55:81 56:67 58:62 69:80 71:75
immich/mobile/test/unit/presentation/actions/stack_action_test.dart	1:10 12:94 16:19 21:23 27:28 30:93 31:38 40:46 48:55 57:65 67:72 74:82 75:79 84:92 85:89
immich/mobile/test/unit/presentation/asset_owner_details_test.dart	1:9 11:52 17:51 18:23 25:32 34:42 44:50
immich/mobile/test/unit/repositories/settings_repository_test.dart	1:3 5:20 6:19 7:18 10:12 13:17
immich/mobile/test/unit/services/asset_service_test.dart	1:16 18:182 26:31 33:37 39:53 45:52 55:57 59:107 62:75 68:74 69:73 77:89 82:88 83:87 91:99 96:98 101:106 109:122 112:121 124:181 127:129 131:142 137:140 144:151 153:160 162:169 171:180
immich/mobile/test/unit/services/hash_service_test.dart	1:9 11:179 15:22 16:21 24:26 28:178 29:177 30:37 39:46 48:66 55:57 68:83 74:76 85:100 91:93 102:134 104:110 121:125 136:156 143:148 144:147 158:176 167:170
immich/mobile/test/unit/services/remote_album_service_test.dart	1:6 8:48 12:14 16:18 20:22 24:47 25:46 26:45 32:34
immich/mobile/test/unit/utils/isolate_worker_test.dart	1:2 4:23 7:22 10:13 17:21
immich/mobile/test/unit/utils/option_test.dart	1:2 4:122 5:101 6:28 7:11 13:16 18:22 24:27 30:46 31:33 35:37 39:41 43:45 48:56 49:51 53:55 58:68 59:62 64:67 70:90 71:73 75:77 79:81 83:85 87:89 92:100 93:95 97:99 103:121 104:107 109:112 114:116 118:120
immich/mobile/test/utils/image_url_builder_test.dart	1:8 10:35 13:17 19:34 20:22 24:27 29:33
immich/mobile/test/utils_legacy/action_button_utils_test.dart	1:7 17:30 18:29 42:57 43:56 64:78 65:77 80:983 81:103 82:102 85:94 105:847 108:110 112:142 113:126 114:123 128:141 129:138 144:192 145:159 147:156 161:175 163:172 177:191 179:188 194:274 195:209 197:206 211:225 213:222 227:241 229:238 243:257 245:254 259:273 261:270 276:324 277:291 279:288 293:307 295:304 309:323 311:320 326:374 327:341 329:338 343:357 345:354 359:373 361:370 376:408 377:391 379:388 393:407 395:404 410:444 411:426 413:423 428:443 430:440 446:462 447:461 449:458 464:480 465:479 467:476 482:529 483:497 485:494 499:513 501:510 515:528 516:525 531:547 532:546 534:543 549:580 550:564 552:561 566:579 567:576 582:646 583:597 585:594 599:613 601:610 615:629 617:626 631:645 633:642 648:749 649:664 651:661 666:681 668:678 683:698 685:695 700:714 701:711 716:731 718:728 733:748 735:745 751:814 752:766 754:763 768:782 770:779 784:798 786:795 800:813 801:810 816:846 817:830 818:827 832:845 833:842 849:897 850:864 852:861 866:880 868:877 882:896 884:893 899:982 903:915 905:914 917:981 918:980 921:934 923:932 935:947 936:945 948:961 950:959 962:975 964:973 976:979
