# NVIM v0.12.5, nvim-treesitter 910fdf6: 6021 folds in 489 files, 0 files left out for a syntax error
# path (project/file)	each fold as line:last hidden line, 1-based
halo/api/src/main/java/run/halo/app/core/attachment/ThumbnailSize.java	3:5 16:18 25:32 26:30 27:29 35:42 36:40 37:39 44:51 45:49 46:48 53:57
halo/api/src/main/java/run/halo/app/core/extension/AnnotationSetting.java	3:13 20:40 31:39
halo/api/src/main/java/run/halo/app/core/extension/AuthProvider.java	3:12 23:28 29:119 42:91 88:90 96:104 109:113
halo/api/src/main/java/run/halo/app/core/extension/Device.java	3:12 18:79 31:33 39:66 72:78
halo/api/src/main/java/run/halo/app/core/extension/Setting.java	3:12 23:57 35:40 44:56
halo/api/src/main/java/run/halo/app/core/extension/Theme.java	3:16 28:214 46:91 95:135 122:134 143:151 168:176 180:189 198:213
halo/api/src/main/java/run/halo/app/core/extension/attachment/Group.java	3:12 19:51 33:38 42:50
halo/api/src/main/java/run/halo/app/core/extension/attachment/endpoint/DeleteOption.java	3:5
halo/api/src/main/java/run/halo/app/core/extension/content/Category.java	3:16 30:133 48:50 54:110 93:96 113:118 114:116 122:132
halo/api/src/main/java/run/halo/app/core/extension/content/Comment.java	3:18 31:195 45:50 46:48 56:64 68:113 117:146 139:141 143:145 150:172 174:176 178:194 179:181 183:191 184:186 187:189
halo/api/src/main/java/run/halo/app/core/extension/content/Reply.java	3:11 24:62 41:49 54:57 59:61
halo/api/src/main/java/run/halo/app/core/extension/content/SinglePage.java	3:17 27:32 34:143 55:60 56:58 63:66 70:132 139:142
halo/api/src/main/java/run/halo/app/core/extension/content/Snapshot.java	3:15 26:31 33:108 51:79 81:89 84:87 97:103 99:101 105:107
halo/api/src/main/java/run/halo/app/core/extension/content/Tag.java	3:13 27:91 46:65 68:73 69:71 77:90
halo/api/src/main/java/run/halo/app/core/extension/service/AttachmentService.java	3:15
halo/api/src/main/java/run/halo/app/core/user/service/SignUpData.java	3:17 27:79 65:78 68:77 70:75
halo/api/src/main/java/run/halo/app/event/post/PostPublishedEvent.java	6:11 8:10
halo/api/src/main/java/run/halo/app/event/user/UserConnectionDisconnectedEvent.java	3:6 15:24 20:23
halo/api/src/main/java/run/halo/app/extension/ConfigMap.java	3:8 20:35 28:34 29:31
halo/api/src/main/java/run/halo/app/extension/ExtensionClient.java	3:8
halo/api/src/main/java/run/halo/app/extension/ExtensionOperator.java	3:10 21:31 23:26 27:29 35:42 37:40 59:62 70:72 74:76 78:80
halo/api/src/main/java/run/halo/app/extension/GVK.java	3:6
halo/api/src/main/java/run/halo/app/extension/GroupVersion.java	3:4 13:37 16:18 27:36
halo/api/src/main/java/run/halo/app/extension/MetadataOperator.java	3:12 28:31 86:101 87:89 90:92 109:119 110:118
halo/api/src/main/java/run/halo/app/extension/ReactiveExtensionClient.java	3:8
halo/api/src/main/java/run/halo/app/extension/Scheme.java	3:9 26:92 27:33 42:61 54:60 70:74 77:86 78:80 81:83 89:91
halo/api/src/main/java/run/halo/app/extension/SchemeManager.java	3:9 19:21 23:25 31:33 37:41 43:45 47:50 52:55
halo/api/src/main/java/run/halo/app/extension/Watcher.java	3:6 10:12 14:16 18:20 22:24 28:87 36:38 41:44 47:50 53:56 58:63 59:62 65:67 70:72 75:81 78:80 84:86
halo/api/src/main/java/run/halo/app/extension/WatcherExtensionMatchers.java	3:6 8:61 18:32 34:36 38:40 42:44 46:48 50:52 54:56 58:60
halo/api/src/main/java/run/halo/app/extension/exception/SchemeNotFoundException.java	3:4 11:16 13:15
halo/api/src/main/java/run/halo/app/extension/index/IndexAttribute.java	3:4
halo/api/src/main/java/run/halo/app/extension/index/IndexSpec.java	3:8 20:88 30:32 40:42 45:47 50:59 51:53 54:56 62:64 71:87 72:82 75:80
halo/api/src/main/java/run/halo/app/extension/index/KeyComparator.java	3:4 7:169 11:22 12:13 14:16 17:20 24:58 27:55 31:40 34:36 41:44 45:47 48:50 51:54 60:88 67:69 72:78 75:77 83:85 90:103 97:99 105:126 111:113 115:123 118:120 128:152 129:135 130:132 138:143 139:141 144:149 145:147 154:161 156:159 163:168 164:166
halo/api/src/main/java/run/halo/app/extension/index/query/BetweenCondition.java	4:20 7:9 12:19
halo/api/src/main/java/run/halo/app/extension/index/query/LabelNotExistsCondition.java	3:14 6:8 11:13
halo/api/src/main/java/run/halo/app/extension/index/query/LessThanCondition.java	3:14 6:8 11:13
halo/api/src/main/java/run/halo/app/extension/index/query/NotBetweenCondition.java	4:20 7:9 12:19
halo/api/src/main/java/run/halo/app/extension/index/query/NotCondition.java	5:20 7:9 12:14 17:19
halo/api/src/main/java/run/halo/app/extension/index/query/OrCondition.java	5:21 7:10 13:15 18:20
halo/api/src/main/java/run/halo/app/extension/index/query/Queries.java	3:6 26:29 38:41 49:52 65:67 74:76 84:86 94:96 105:108 118:120 129:131 143:156 145:148 149:151 165:172 167:170 182:184 193:195 204:206 215:217 226:228 237:239 247:249 258:260 270:272
halo/api/src/main/java/run/halo/app/extension/index/query/QueryFactory.java	3:6 15:172 17:19 21:23 25:27 29:31 33:35 37:39 41:43 45:47 49:51 53:55 57:59 61:64 66:80 68:70 72:76 73:75 82:86 88:94 96:102 104:118 106:108 110:114 111:113 120:122 124:130 132:138 140:143 145:147 149:151 153:155 157:159 161:163 165:167 169:171
halo/api/src/main/java/run/halo/app/extension/index/query/StringEndsWithCondition.java	3:14 6:8 11:13
halo/api/src/main/java/run/halo/app/extension/index/query/StringNotContainsCondition.java	3:14 6:8 11:13
halo/api/src/main/java/run/halo/app/extension/index/query/StringNotEndsWithCondition.java	3:14 6:8 11:13
halo/api/src/main/java/run/halo/app/extension/router/selector/FieldSelector.java	3:8 10:29 12:14 16:18 20:22 24:28
halo/api/src/main/java/run/halo/app/extension/router/selector/FieldSelectorConverter.java	3:9 11:42 14:34 17:19 21:23 24:26 28:31 36:41 37:39
halo/api/src/main/java/run/halo/app/extension/router/selector/SelectorUtil.java	3:7 9:51 21:50 26:30 35:40 44:45 46:48
halo/api/src/main/java/run/halo/app/infra/AnonymousUserConst.java	8:10
halo/api/src/main/java/run/halo/app/infra/ExternalLinkProcessor.java	3:5
halo/api/src/main/java/run/halo/app/infra/ExternalUrlSupplier.java	3:7
halo/api/src/main/java/run/halo/app/infra/FileCategoryMatcher.java	26:31 28:30 32:37 34:36 38:43 40:42 44:49 46:48 50:55 52:54 56:70 57:64 67:69 71:92 72:86 89:91 97:104 98:102 99:101
halo/api/src/main/java/run/halo/app/infra/SystemSetting.java	3:17 25:181 37:44 47:51 54:71 63:70 74:82 85:98 95:97 101:110 113:122 125:130 133:138 141:144 147:151 155:159 164:167 170:180 172:174 176:178
halo/api/src/main/java/run/halo/app/infra/SystemVersionSupplier.java	3:4
halo/api/src/main/java/run/halo/app/infra/ValidationUtils.java	3:9 12:37 23:32 25:28 29:31 34:36
halo/api/src/main/java/run/halo/app/infra/model/License.java	7:10
halo/api/src/main/java/run/halo/app/infra/utils/GenericClassUtils.java	3:5 18:20 32:39 36:38
halo/api/src/main/java/run/halo/app/infra/utils/JsonParseException.java	9:30 10:12 14:16 18:20 22:24 26:29
halo/api/src/main/java/run/halo/app/migration/Backup.java	3:9 16:69 27:34 39:61
halo/api/src/main/java/run/halo/app/notification/NotificationContext.java	3:6 9:48 18:26 30:36 39:47
halo/api/src/main/java/run/halo/app/notification/NotificationReasonEmitter.java	3:5
halo/api/src/main/java/run/halo/app/notification/ReactiveNotifier.java	3:4
halo/api/src/main/java/run/halo/app/notification/ReasonPayload.java	3:7 18:60 23:25 27:59 32:34 36:39 41:44 46:49 51:54 56:58
halo/api/src/main/java/run/halo/app/plugin/ApiVersion.java	3:7
halo/api/src/main/java/run/halo/app/plugin/BasePlugin.java	3:5 15:29 24:26
halo/api/src/main/java/run/halo/app/plugin/PluginContext.java	3:6 27:35
halo/api/src/main/java/run/halo/app/plugin/extensionpoint/ExtensionGetter.java	3:6
halo/api/src/main/java/run/halo/app/search/HaloDocumentsProvider.java	3:4
halo/api/src/main/java/run/halo/app/search/event/HaloDocumentAddRequestEvent.java	3:5 8:20 12:15 17:19
halo/api/src/main/java/run/halo/app/search/event/HaloDocumentDeleteRequestEvent.java	3:5 8:26 18:21 23:25
halo/api/src/main/java/run/halo/app/search/event/HaloDocumentRebuildRequestEvent.java	3:4 7:12 9:11
halo/api/src/main/java/run/halo/app/security/AdditionalWebFilter.java	3:5 21:23
halo/api/src/main/java/run/halo/app/security/AfterSecurityWebFilter.java	3:4
halo/api/src/main/java/run/halo/app/security/AuthenticationSecurityWebFilter.java	3:4
halo/api/src/main/java/run/halo/app/security/OAuth2AuthorizationCodeSecurityWebFilter.java	3:4
halo/api/src/main/java/run/halo/app/security/authentication/login/UsernamePasswordAuthenticationManager.java	3:4
halo/api/src/main/java/run/halo/app/security/authentication/oauth2/HaloOAuth2AuthenticationToken.java	3:11 19:88 34:39 42:44 47:54 57:59 62:64 75:77 80:87
halo/api/src/main/java/run/halo/app/security/device/DeviceService.java	3:6
halo/api/src/main/java/run/halo/app/theme/ReactivePostContentHandler.java	3:7 31:36
halo/api/src/main/java/run/halo/app/theme/dialect/CommentWidget.java	3:6
halo/api/src/main/java/run/halo/app/theme/dialect/TemplateFooterProcessor.java	3:8
halo/api/src/main/java/run/halo/app/theme/finders/Finder.java	3:8
halo/api/src/main/java/run/halo/app/theme/router/PageUrlUtils.java	3:9 17:108 20:26 21:24 28:34 30:32 36:38 46:60 49:58 51:56 68:87 70:85 72:84 77:79 80:82 89:91 93:96 98:100 102:107 103:105
halo/api/src/main/java/run/halo/app/theme/router/UrlContextListResult.java	3:6 17:83 21:25 27:82 35:38 40:43 45:48 50:53 55:58 60:63 71:77 79:81
halo/api/src/test/java/run/halo/app/core/extension/MenuTest.java	3:8 10:29 13:21 24:28
halo/api/src/test/java/run/halo/app/core/extension/content/PostTest.java	3:12 14:42 18:20 22:41 23:27 28:40 30:32 33:35 36:40 37:39
halo/api/src/test/java/run/halo/app/core/extension/notification/SubscriptionTest.java	3:5 13:27 16:26
halo/api/src/test/java/run/halo/app/extension/controller/DefaultControllerTest.java	3:19 22:310 45:50 52:63 53:62 66:68 71:213 74:81 84:97 100:116 113:114 119:135 132:133 138:155 152:153 158:173 176:193 178:179 190:191 196:212 209:210 216:229 232:245 248:263 266:285 267:271 272:275 288:296 299:303 306:309
halo/api/src/test/java/run/halo/app/extension/controller/DelayedEntryTest.java	3:10 12:60 17:27 30:35 38:43 46:51 54:59
halo/api/src/test/java/run/halo/app/extension/controller/ExtensionWatcherTest.java	3:14 17:141 31:34 37:44 47:56 59:66 69:76 79:88 91:98 101:108 111:120 123:130 133:140
halo/api/src/test/java/run/halo/app/extension/index/IndexSpecTest.java	3:11 19:106 22:59 26:27 33:34 44:45 54:55 62:65 68:82 72:73 85:98 103:105
halo/api/src/test/java/run/halo/app/extension/index/KeyComparatorTest.java	3:8 16:533 20:34 37:92 50:60 95:123 111:122 126:158 144:157 161:169 167:168 172:246 211:245 249:253 256:260 263:271 274:282 285:293 296:321 324:406 326:332 335:342 345:350 353:358 361:366 369:374 377:382 385:389 392:397 400:405 409:532 411:424 427:459 444:446 462:469 472:477 480:486 489:515 518:523 526:531
halo/api/src/test/java/run/halo/app/extension/index/MultiValueBuilderTest.java	3:7 9:42 12:15 13:14 18:22 19:21 25:28 31:41
halo/api/src/test/java/run/halo/app/extension/router/selector/SelectorConverterTest.java	3:9 12:34 17:33 20:28 29:32
halo/api/src/test/java/run/halo/app/infra/utils/GenericClassUtilsTest.java	3:7 9:18 12:17 13:14
halo/api/src/test/java/run/halo/app/infra/utils/JsonUtilsTest.java	3:8 16:35 19:26 30:34
halo/api/src/test/java/run/halo/app/infra/utils/PathUtilsTest.java	3:7 15:98 18:27 20:23 29:36 39:48 51:61 64:97 79:81 94:96
halo/application/src/main/java/run/halo/app/Application.java	3:8 21:28 23:27
halo/application/src/main/java/run/halo/app/content/AbstractEventReconciler.java	3:7 15:57 24:28 31:34 32:33 37:40 43:46 49:51 54:56
halo/application/src/main/java/run/halo/app/content/CategoryPostCountUpdater.java	3:27 36:152 41:45 48:65 53:63 59:62 67:116 71:73 75:79 76:78 81:90 84:89 92:97 99:109 111:115 121:125 128:132 134:151 136:149 145:147
halo/application/src/main/java/run/halo/app/content/CategoryService.java	3:5
halo/application/src/main/java/run/halo/app/content/Content.java	3:5 22:24
halo/application/src/main/java/run/halo/app/content/ContentUpdateParam.java	3:5 25:27 28:33 30:32
halo/application/src/main/java/run/halo/app/content/ListedSnapshotDto.java	3:10 21:49 22:24 33:39 42:48 45:47
halo/application/src/main/java/run/halo/app/content/PostContentServiceImpl.java	3:8 17:55 20:23 26:31 27:30 34:39 35:38 42:47 43:46 50:54
halo/application/src/main/java/run/halo/app/content/PostRequest.java	3:7 21:33 23:32 25:31
halo/application/src/main/java/run/halo/app/content/PostSorter.java	3:8 29:34 30:32 42:57 43:45 46:49 51:54 59:66 60:64 61:63 68:71
halo/application/src/main/java/run/halo/app/content/SnapshotService.java	3:5
halo/application/src/main/java/run/halo/app/content/comment/CommentContentRequest.java	3:5
halo/application/src/main/java/run/halo/app/content/comment/CommentNotificationReasonPublisher.java	3:37 47:402 60:67 62:63 64:66 72:77 79:81 83:85 90:107 99:106 101:104 111:183 118:154 121:123 136:152 142:143 145:146 156:159 161:171 165:169 187:262 193:233 198:200 202:203 215:231 221:222 224:225 235:238 240:250 244:248 265:270 266:269 274:401 281:355 286:287 289:291 294:298 299:303 310:311 320:321 326:327 332:340 336:339 343:353 347:352 359:366 368:385 371:373 376:378
halo/application/src/main/java/run/halo/app/content/comment/CommentPermalinkService.java	3:15 20:66 24:34 25:27 36:39 42:65 43:45 46:61 51:53 55:57 62:64
halo/application/src/main/java/run/halo/app/content/comment/CommentQuery.java	3:22 30:116 32:34 36:38 40:42 45:47 49:51 54:57 61:89 70:79 72:73 74:78 81:86 91:115 94:98 99:104 102:103 105:109 110:114
halo/application/src/main/java/run/halo/app/content/comment/CommentRequest.java	3:10 20:69 31:34 37:40 51:68 64:66
halo/application/src/main/java/run/halo/app/content/comment/CommentService.java	3:6
halo/application/src/main/java/run/halo/app/content/comment/ListedComment.java	3:9 20:36
halo/application/src/main/java/run/halo/app/content/comment/ListedReply.java	3:8 19:32
halo/application/src/main/java/run/halo/app/content/comment/OwnerInfo.java	3:7 18:69 41:52 42:44 60:68
halo/application/src/main/java/run/halo/app/content/comment/PostCommentSubject.java	3:10 20:42 25:27 30:34 32:33 37:41
halo/application/src/main/java/run/halo/app/content/comment/SinglePageCommentSubject.java	3:10 20:42 25:27 30:34 32:33 37:41
halo/application/src/main/java/run/halo/app/content/impl/PostServiceImpl.java	3:36 46:394 52:62 65:75 68:74 72:73 77:92 79:81 82:91 94:106 99:104 108:135 125:131 137:144 138:140 147:156 148:150 158:171 159:161 164:170 174:204 175:185 178:180 187:201 188:190 191:197 199:200 202:203 206:227 207:224 210:212 225:226 230:248 236:243 239:242 244:247 251:253 256:258 261:264 267:269 272:275 278:282 285:293 288:290 296:299 302:306 309:331 311:314 315:330 318:324 326:329 334:361 336:346 338:344 339:343 347:360 350:352 353:356 354:355 364:370 366:369 372:382 374:381 376:377 380:381 384:393 386:392 388:389 391:392
halo/application/src/main/java/run/halo/app/content/impl/SnapshotServiceImpl.java	3:14 17:117 23:26 29:31 34:72 35:37 41:71 43:48 44:46 49:71 57:60 64:67 75:79 82:86 88:116 90:93 95:97 99:103 104:114
halo/application/src/main/java/run/halo/app/content/stats/TagPostCountUpdater.java	3:28 37:124 40:43 46:64 47:49 52:62 58:61 68:80 70:74 76:79 82:96 92:94 100:123 101:122 112:113 114:117
halo/application/src/main/java/run/halo/app/content/stats/VisitedEventReconciler.java	3:30 41:178 49:53 56:59 61:74 63:73 64:68 69:73 78:86 81:85 89:97 90:96 100:103 106:121 108:115 111:115 116:118 124:126 129:131 137:177 142:144 146:160 148:151 153:159 154:155 156:158 162:174 164:168 171:172
halo/application/src/main/java/run/halo/app/content/stats/VotedEventReconciler.java	3:28 38:139 45:49 52:76 55:74 56:65 57:59 60:63 66:74 68:69 70:72 79:82 80:81 85:88 91:94 97:99 102:104 108:138 114:121 116:119 123:135 125:129 132:133
halo/application/src/main/java/run/halo/app/core/attachment/AttachmentChangedEvent.java	3:5 12:21 17:20
halo/application/src/main/java/run/halo/app/core/attachment/AttachmentLister.java	3:5
halo/application/src/main/java/run/halo/app/core/attachment/reconciler/AttachmentReconciler.java	3:27 32:103 41:81 43:79 44:51 45:49 55:57 62:63 68:70 69:70 84:86 88:102 94:100 95:98
halo/application/src/main/java/run/halo/app/core/attachment/thumbnail/DefaultThumbnailService.java	3:25 37:146 49:58 61:63 65:94 66:68 70:72 73:76 78:81 83:88 85:87 89:90 91:93 97:99 102:141 103:105 107:110 112:140 117:119 122:124 134:139 143:145
halo/application/src/main/java/run/halo/app/core/attachment/thumbnail/ThumbnailImgTagPostProcessor.java	3:19 23:80 36:39 42:79 43:45 46:48 54:57 64:78 67:69 71:74
halo/application/src/main/java/run/halo/app/core/counter/CounterService.java	3:6
halo/application/src/main/java/run/halo/app/core/counter/MeterUtils.java	3:9 17:122 35:40 36:38 42:45 47:49 51:53 55:57 59:61 63:65 67:73 69:71 75:81 77:79 83:89 85:87 91:97 93:95 99:105 101:103 114:121 117:119
halo/application/src/main/java/run/halo/app/core/endpoint/AttachmentHandler.java	3:32 37:164 50:56 51:54 52:54 63:70 64:68 66:68 79:124 81:122 85:117 86:94 89:91 92:93 95:100 96:99 104:110 105:106 107:109 112:114 115:116 118:121 132:140 137:139 148:163
halo/application/src/main/java/run/halo/app/core/endpoint/console/AuthProviderEndpoint.java	3:17 27:90 32:69 35:41 42:54 48:53 55:67 61:66 71:76 78:83 85:89
halo/application/src/main/java/run/halo/app/core/endpoint/console/CategoryEndpoint.java	3:16 20:64 25:49 28:34 35:47 41:45 51:55 57:63
halo/application/src/main/java/run/halo/app/core/endpoint/console/CategoryPositionRequest.java	3:4
halo/application/src/main/java/run/halo/app/core/endpoint/console/CategoryTreeNode.java	3:11 18:25
halo/application/src/main/java/run/halo/app/core/endpoint/console/CustomEndpointsBuilder.java	3:13 15:42 19:21 23:28 30:41 32:34 35:38
halo/application/src/main/java/run/halo/app/core/endpoint/console/MenuConsoleService.java	3:14 18:34 22:27 25:26 29:33
halo/application/src/main/java/run/halo/app/core/endpoint/console/MenuEndpoint.java	3:15 19:48 24:40 27:38 33:37 42:47
halo/application/src/main/java/run/halo/app/core/endpoint/console/MenuItemTreeNode.java	3:11 18:25
halo/application/src/main/java/run/halo/app/core/endpoint/console/PostEndpoint.java	3:35 46:428 53:262 56:64 58:59 61:62 65:77 71:76 78:96 84:89 90:95 97:109 103:108 110:122 116:121 123:134 129:133 131:133 135:152 141:146 147:151 149:151 153:170 159:164 165:169 167:169 171:189 177:182 183:188 185:188 187:188 190:217 194:195 197:202 203:209 205:207 210:216 212:213 218:229 224:228 230:241 236:240 242:260 248:253 254:259 264:270 272:278 290:299 294:297 301:305 307:312 314:319 321:325 327:338 330:334 331:334 335:336 340:344 346:370 351:361 352:360 356:358 362:363 366:368 372:389 373:376 377:386 378:384 385:386 387:388 391:402 393:398 394:397 399:400 404:415 406:411 407:410 412:413 417:422 425:427
halo/application/src/main/java/run/halo/app/core/endpoint/console/ReplyEndpoint.java	3:21 30:80 34:36 39:65 42:50 44:45 47:48 51:63 57:60 61:62 67:72 74:79
halo/application/src/main/java/run/halo/app/core/endpoint/console/StatsEndpoint.java	3:21 30:142 34:36 39:50 42:48 52:97 54:55 56:73 58:60 62:64 66:68 70:72 76:83 86:90 101:141 131:140
halo/application/src/main/java/run/halo/app/core/endpoint/console/SystemConfigEndpoint.java	3:27 31:100 36:69 39:52 45:47 48:52 53:67 59:63 65:67 71:86 74:82 76:82 77:79 83:84 88:94 97:99
halo/application/src/main/java/run/halo/app/core/endpoint/console/TrackerEndpoint.java	3:25 35:163 40:80 43:54 49:53 51:53 55:66 61:65 63:65 67:78 73:77 75:77 82:90 85:88 86:87 92:100 95:98 96:97 102:110 105:108 106:107 150:157 152:156 160:162
halo/application/src/main/java/run/halo/app/core/endpoint/console/UserEndpoint.java	3:94 98:885 115:265 118:124 125:136 131:135 137:144 145:157 151:155 158:166 164:165 167:178 173:177 179:188 185:187 189:204 195:201 198:200 202:203 205:211 212:229 219:223 224:228 226:228 230:242 236:240 243:253 248:250 254:263 260:261 267:272 274:279 281:288 285:286 290:295 317:339 320:326 322:325 330:337 341:345 347:351 353:362 356:360 364:369 365:367 371:387 376:385 377:383 379:381 384:385 397:417 398:416 400:402 404:406 411:414 412:413 419:436 426:435 429:434 438:447 440:446 442:445 443:444 449:468 451:458 452:454 455:457 459:464 465:467 470:482 474:480 477:480 514:539 522:538 541:592 544:589 545:548 546:548 550:567 554:562 555:557 563:566 568:589 572:581 573:575 576:578 594:598 600:616 603:604 605:612 606:607 608:612 613:615 618:643 621:639 622:623 624:634 629:632 635:639 640:642 654:662 656:661 657:660 658:659 672:681 676:679 694:701 698:700 710:740 712:721 713:717 722:738 733:736 742:753 743:745 747:751 757:769 771:822 773:775 778:780 783:785 788:805 795:798 807:821 809:814 815:820 828:837 831:834 839:865 843:864 849:863 851:860 854:857 867:871 873:884 875:877
halo/application/src/main/java/run/halo/app/core/endpoint/theme/CategoryQueryEndpoint.java	3:27 37:127 43:80 46:53 50:51 54:65 60:64 66:78 70:74 75:76 82:93 90:92 95:102 99:101 104:111 108:110 113:121 114:116 118:120 124:126
halo/application/src/main/java/run/halo/app/core/endpoint/theme/MenuQueryEndpoint.java	3:22 32:87 38:61 41:47 48:59 54:58 63:69 66:68 71:81 73:75 84:86
halo/application/src/main/java/run/halo/app/core/endpoint/theme/PublicApiUtils.java	3:13 22:64 30:34 45:50 58:63 59:61
halo/application/src/main/java/run/halo/app/core/endpoint/theme/SinglePageQueryEndpoint.java	3:25 35:99 42:66 45:52 49:50 53:64 59:63 68:75 72:74 77:82 84:93 86:88 90:92 96:98
halo/application/src/main/java/run/halo/app/core/endpoint/theme/SiteStatsQueryEndpoint.java	3:16 26:56 31:42 34:40 44:50 47:49 53:55
halo/application/src/main/java/run/halo/app/core/endpoint/theme/ThumbnailEndpoint.java	3:24 35:103 40:74 43:72 48:52 53:58 59:71 62:66 64:66 67:70 76:97 78:80 84:86 87:90 88:89 94:96 100:102
halo/application/src/main/java/run/halo/app/core/extension/migration/CategoryHierarchyMigration.java	3:34 39:350 49:57 52:55 59:63 65:81 68:70 75:76 84:107 87:98 88:91 92:94 99:100 102:106 114:175 117:119 120:174 121:125 127:134 129:132 135:137 139:150 140:148 142:147 152:162 153:160 155:159 163:170 165:168 177:193 178:180 183:191 184:186 187:189 195:203 197:199 200:201 205:214 207:212 209:211 216:225 218:223 220:222 227:233 229:231 235:238 240:245 247:252 248:250 254:258 255:257 260:263 265:268 270:272 274:349 285:288 290:292 294:296 298:300 302:304 306:308 310:312 314:316 318:320 322:324 327:348
halo/application/src/main/java/run/halo/app/core/extension/migration/MenuItemHierarchyMigration.java	3:36 41:534 50:66 52:60 62:65 68:75 70:73 77:83 85:101 87:94 88:92 99:100 104:120 106:118 107:115 108:113 122:140 124:139 126:128 130:133 134:137 142:182 144:163 146:162 149:151 153:156 157:160 167:168 169:172 173:181 174:179 184:204 206:227 207:213 208:213 209:211 214:215 217:226 221:224 229:241 231:232 233:238 243:248 244:246 250:261 252:254 256:258 263:268 264:266 270:276 272:274 278:284 280:282 286:292 288:290 300:307 310:332 319:323 325:327 329:331 334:520 341:346 348:360 350:358 353:355 362:396 364:368 365:367 372:378 383:386 389:394 390:393 398:408 400:402 403:407 404:406 411:413 415:417 419:423 420:422 425:434 430:432 436:438 441:465 445:452 448:449 455:463 456:462 467:470 472:477 479:481 483:485 487:489 491:499 492:498 501:507 502:504 505:506 509:514 510:511 512:513 517:519 522:533 530:532
halo/application/src/main/java/run/halo/app/core/reconciler/AuthProviderReconciler.java	3:14 24:50 30:33 36:38 40:44 41:43 46:49 47:48
halo/application/src/main/java/run/halo/app/core/reconciler/CategoryReconciler.java	3:29 39:145 50:71 51:69 52:60 53:58 73:79 82:99 84:86 92:98 94:96 101:106 104:105 108:111 114:116 118:124 120:123 126:128 130:144 131:136 137:143 139:141
halo/application/src/main/java/run/halo/app/core/reconciler/CommentReconciler.java	3:30 40:182 51:81 52:79 53:59 54:57 60:64 84:91 87:89 97:104 99:102 100:101 106:122 110:112 117:118 119:121 124:152 129:133 135:151 139:150 140:144 145:150 154:159 161:167 163:164 169:173 170:172 175:181
halo/application/src/main/java/run/halo/app/core/reconciler/SinglePageReconciler.java	3:46 63:432 79:101 80:99 81:85 87:89 104:106 108:117 114:115 119:138 120:137 121:123 126:129 131:132 133:136 140:194 143:193 147:149 151:153 158:170 185:187 196:216 197:215 212:214 218:244 221:243 240:242 246:259 256:257 261:269 262:268 264:266 271:295 272:294 278:279 280:282 283:286 288:290 291:293 297:301 303:364 304:363 311:313 317:321 323:324 325:327 332:335 336:339 354:358 356:357 360:362 366:410 368:370 372:374 385:387 401:407 402:405 412:419 414:418 421:424 426:431 428:429
halo/application/src/main/java/run/halo/app/core/reconciler/ThemeReconciler.java	3:55 66:348 79:82 89:91 94:111 95:109 96:102 97:100 114:116 118:146 124:145 127:144 128:137 130:131 132:135 138:144 139:142 148:155 150:153 157:196 159:162 167:169 185:194 191:193 198:200 202:210 205:207 208:209 212:224 215:217 219:221 226:228 230:250 234:246 236:242 237:242 238:240 243:245 252:270 255:257 259:266 260:266 262:264 267:269 272:280 273:279 275:278 282:289 284:285 286:288 291:323 295:297 299:301 303:305 307:322 313:315 318:320 325:347 326:329 331:333 335:338 340:346
halo/application/src/main/java/run/halo/app/core/user/service/EmailPasswordRecoveryService.java	3:4
halo/application/src/main/java/run/halo/app/core/user/service/UserScopedPatHandler.java	3:5
halo/application/src/main/java/run/halo/app/core/user/service/impl/DefaultAttachmentService.java	3:50 53:253 63:70 77:80 88:132 95:96 108:111 112:113 114:125 116:119 121:123 126:130 127:129 140:144 142:143 147:156 150:151 152:155 159:166 161:165 162:165 169:176 171:175 172:175 179:191 183:190 195:234 197:233 202:208 204:208 210:221 211:213 222:227 223:225 228:233 229:231 236:244 238:241 246:252 248:249
halo/application/src/main/java/run/halo/app/core/user/service/impl/EmailVerificationServiceImpl.java	3:30 41:270 52:75 55:71 58:61 59:60 65:68 72:73 78:84 82:83 86:113 91:93 96:98 101:111 102:105 103:104 115:123 126:129 132:138 140:160 142:144 147:158 153:158 162:167 169:176 170:172 178:187 181:185 195:269 206:233 209:212 213:220 215:219 221:231 222:226 227:230 235:238 240:249 252:254 256:261 257:260 265:268
halo/application/src/main/java/run/halo/app/core/user/service/impl/SettingConfigServiceImpl.java	3:16 26:55 31:49 35:38 39:40 41:47 52:54
halo/application/src/main/java/run/halo/app/core/user/service/impl/UserScopedPatHandlerImpl.java	3:22 25:123 35:38 40:45 48:65 55:63 57:62 58:60 68:77 71:76 80:88 83:86 91:99 94:97 102:110 105:108 113:122 117:120
halo/application/src/main/java/run/halo/app/event/post/PostStatsChangedEvent.java	3:8 11:23 14:17 19:22
halo/application/src/main/java/run/halo/app/event/post/ReplyChangedEvent.java	9:14 11:13
halo/application/src/main/java/run/halo/app/event/post/TagUpdatedEvent.java	3:5 7:16 12:15
halo/application/src/main/java/run/halo/app/event/post/VotedEvent.java	3:4 11:22 16:21
halo/application/src/main/java/run/halo/app/event/user/PasswordChangedEvent.java	3:4 7:14 10:13
halo/application/src/main/java/run/halo/app/extension/DefaultSchemeManager.java	3:16 19:85 27:33 36:48 38:40 42:44 51:57 52:56 60:62 64:84 68:70 73:78 74:76 81:83
halo/application/src/main/java/run/halo/app/extension/DelegateExtensionClient.java	3:10 18:104 24:26 29:31 35:37 40:42 45:47 50:52 55:57 60:62 65:67 70:72 75:77 80:82 85:87 90:92 96:98 101:103
halo/application/src/main/java/run/halo/app/extension/event/IndexerBuiltEvent.java	3:5 8:17 13:16
halo/application/src/main/java/run/halo/app/extension/event/SchemeRemovedEvent.java	3:5 12:21 17:20
halo/application/src/main/java/run/halo/app/extension/exception/ExtensionConvertException.java	8:17 10:12 14:16
halo/application/src/main/java/run/halo/app/extension/gc/GcRequest.java	3:4 6:12 8:11
halo/application/src/main/java/run/halo/app/extension/index/DefaultIndexEngine.java	3:16 25:248 31:34 41:44 47:49 52:58 53:57 61:66 62:65 69:74 70:73 77:127 78:80 93:97 98:100 101:103 105:109 111:116 113:115 118:124 120:123 130:149 131:133 134:136 142:145 153:181 155:157 158:160 170:175 172:174 177:179 184:193 185:187 196:198 200:205 208:247 211:226 212:226 216:218 219:221 227:239 228:239 232:234 235:237 240:242 243:245
halo/application/src/main/java/run/halo/app/extension/index/Indices.java	3:4
halo/application/src/main/java/run/halo/app/extension/index/LabelIndex.java	3:14 23:282 32:36 39:43 46:48 51:53 56:60 63:67 70:72 75:84 77:79 87:90 93:106 97:99 109:120 110:112 123:138 124:126 129:131 140:154 142:144 147:153 149:151 156:199 166:169 172:178 174:176 181:189 182:184 192:198 193:195 201:238 209:211 214:220 216:218 223:229 224:226 232:237 233:235 240:256 241:244 246:255 248:254 250:252 258:281 259:262 264:280 266:272 267:269 273:279 274:276
halo/application/src/main/java/run/halo/app/extension/index/MultiValueIndex.java	3:16 27:356 37:42 45:49 52:54 57:59 62:64 67:70 73:78 81:83 91:93 96:98 101:103 106:116 107:109 119:128 120:122 131:133 136:138 141:143 146:148 151:153 156:158 161:163 166:168 171:173 176:178 181:183 186:188 191:195 197:291 209:212 215:218 221:256 222:224 226:228 231:236 232:235 238:252 239:251 240:250 241:243 244:247 245:246 253:255 259:290 260:262 264:269 265:268 271:273 274:284 275:282 276:278 285:286 287:289 293:349 303:305 308:311 314:327 315:317 320:325 321:324 330:348 331:333 334:335 336:338 340:346 341:343 351:355 352:354
halo/application/src/main/java/run/halo/app/extension/index/StringUnknownKeyConverter.java	3:4 15:21 18:20
halo/application/src/main/java/run/halo/app/extension/index/ValueIndexQuery.java	3:4
halo/application/src/main/java/run/halo/app/extension/router/ExtensionCompositeRouterFunction.java	3:18 21:60 27:30 33:37 40:42 44:47 50:54 57:59
halo/application/src/main/java/run/halo/app/extension/router/ExtensionCreateHandler.java	3:14 16:43 22:25 28:37 30:31 33:34 40:42
halo/application/src/main/java/run/halo/app/extension/router/ExtensionDeleteHandler.java	3:11 13:38 19:22 25:32 29:31 35:37
halo/application/src/main/java/run/halo/app/extension/router/ExtensionRouterFunctionFactory.java	3:18 20:163 26:29 31:130 43:56 49:52 53:56 57:66 61:64 67:79 73:75 76:79 80:96 86:89 90:92 93:96 97:115 103:106 107:111 108:111 110:111 112:115 116:128 122:125 126:128 136:149 139:140 141:143
halo/application/src/main/java/run/halo/app/extension/store/ExtensionStoreClient.java	3:6
halo/application/src/main/java/run/halo/app/extension/store/ExtensionStoreClientJPAImpl.java	3:8 16:65 22:24 27:29 32:34 37:39 42:44 47:49 52:54 57:59 62:64
halo/application/src/main/java/run/halo/app/extension/store/ExtensionStoreRepository.java	3:8
halo/application/src/main/java/run/halo/app/infra/DefaultInitializationStateGetter.java	3:16 26:63 32:38 34:36 41:52 42:44 46:49 54:62 56:57
halo/application/src/main/java/run/halo/app/infra/InitializationPhase.java	28:30 32:34 36:38
halo/application/src/main/java/run/halo/app/infra/ReactiveExtensionPaginatedOperatorImpl.java	3:14 18:118 23:26 29:35 32:34 38:50 52:55 58:64 60:63 62:63 66:70 68:69 73:76 90:104 93:101 94:97 98:100 106:108 110:112 115:117
halo/application/src/main/java/run/halo/app/infra/ReactiveUrlDataBufferFetcher.java	3:8
halo/application/src/main/java/run/halo/app/infra/SchemeInitializer.java	3:44 47:622 53:55 58:602 59:61 63:72 64:71 65:71 66:70 75:89 76:79 77:79 80:83 81:83 84:88 85:87 90:93 91:92 94:97 95:96 98:105 99:100 101:104 102:104 106:125 107:108 109:110 111:114 112:114 115:121 116:121 122:124 128:135 131:135 132:135 140:154 141:144 142:144 145:148 146:148 149:153 150:153 155:253 156:159 157:159 161:164 162:164 166:169 167:169 170:173 171:173 174:178 175:177 179:183 180:182 184:188 185:187 189:192 190:192 193:197 194:197 198:202 199:202 203:207 204:207 208:211 209:211 212:215 213:215 216:219 217:219 220:223 221:223 224:234 225:234 228:230 235:243 236:242 244:252 245:251 254:276 255:258 256:258 259:262 260:262 263:266 264:266 267:271 268:271 272:275 273:275 277:301 278:281 279:281 282:285 283:285 286:289 287:289 290:300 291:300 294:296 302:308 303:307 304:307 309:377 310:314 311:313 315:319 316:318 320:325 321:324 326:331 327:330 332:336 333:335 337:341 338:340 342:347 343:346 348:351 349:351 352:355 353:355 357:360 358:360 361:364 362:364 365:376 367:376 370:372 378:424 379:383 380:382 384:389 385:388 390:393 391:393 394:397 395:397 398:402 399:401 403:407 404:406 408:412 409:412 413:423 414:423 417:419 425:472 426:429 427:429 430:433 431:433 434:437 435:437 438:442 439:441 443:446 444:446 447:451 448:450 453:457 454:456 459:462 460:462 463:466 464:466 467:471 468:471 476:505 477:480 478:480 481:484 482:484 485:488 486:488 489:492 490:492 493:496 494:496 497:500 498:500 501:504 502:504 511:524 512:515 513:515 516:519 517:519 520:523 521:523 527:532 528:531 529:531 533:542 534:537 535:537 538:541 539:541 543:548 544:547 545:547 556:563 557:562 559:562 564:586 565:569 566:569 570:575 571:575 576:580 577:580 581:585 582:585 588:601 589:592 590:592 593:596 594:596 597:600 598:600 605:611 606:608 614:616 619:621
halo/application/src/main/java/run/halo/app/infra/SecureRequestMappingHandlerAdapter.java	3:6 14:20 17:19
halo/application/src/main/java/run/halo/app/infra/SecureServerRequest.java	3:5 13:28 20:22 25:27
halo/application/src/main/java/run/halo/app/infra/SystemConfigChangedEvent.java	3:5 13:28 23:27
halo/application/src/main/java/run/halo/app/infra/SystemConfigFirstExternalUrlSupplier.java	3:18 27:142 38:45 48:50 53:55 57:76 62:74 63:65 66:73 67:70 79:91 80:87 81:83 84:86 88:90 94:108 95:97 99:101 102:103 104:106 112:114 117:133 118:120 123:125 126:127 128:132 135:141 137:139
halo/application/src/main/java/run/halo/app/infra/SystemInfoGetterImpl.java	3:14 18:70 26:53 36:40 44:47 55:69 57:59 62:64 65:68
halo/application/src/main/java/run/halo/app/infra/ThemeRootGetter.java	3:4
halo/application/src/main/java/run/halo/app/infra/exception/AccessDeniedException.java	3:4 11:24 13:15 17:19 21:23
halo/application/src/main/java/run/halo/app/infra/exception/AgreementNotAcceptedException.java	3:4 6:28 8:10 12:14 16:18 20:22 24:27
halo/application/src/main/java/run/halo/app/infra/exception/AttachmentAlreadyExistsException.java	10:15 12:14
halo/application/src/main/java/run/halo/app/infra/exception/EmailAlreadyTakenException.java	3:4 11:19 15:18
halo/application/src/main/java/run/halo/app/infra/exception/Exceptions.java	3:21 40:42 45:61 47:48 49:55 51:53 63:77 66:68 72:75 79:88 80:86 90:93
halo/application/src/main/java/run/halo/app/infra/exception/FileSizeExceededException.java	3:4 6:16 8:10 12:15
halo/application/src/main/java/run/halo/app/infra/exception/FileTypeNotAllowedException.java	3:4 6:16 8:10 12:15
halo/application/src/main/java/run/halo/app/infra/exception/NotFoundException.java	3:5 13:30 15:17 19:21 23:25 27:29
halo/application/src/main/java/run/halo/app/infra/exception/PluginAlreadyExistsException.java	3:4 11:20 15:19
halo/application/src/main/java/run/halo/app/infra/exception/PluginDependenciesNotEnabledException.java	3:5 12:28 21:27 22:24
halo/application/src/main/java/run/halo/app/infra/exception/PluginRuntimeIncompatibleException.java	3:4 13:21 17:20
halo/application/src/main/java/run/halo/app/infra/exception/RateLimitExceededException.java	3:6 8:14 10:13
halo/application/src/main/java/run/halo/app/infra/exception/RequestBodyValidationException.java	3:13 16:64 20:23 26:30 32:39 42:47 50:55 58:63
halo/application/src/main/java/run/halo/app/infra/exception/RestrictedNameException.java	3:5 13:23 15:17 19:22
halo/application/src/main/java/run/halo/app/infra/exception/ThemeAlreadyExistsException.java	3:4 12:25 19:24 20:21
halo/application/src/main/java/run/halo/app/infra/exception/UnsatisfiedAttributeValueException.java	3:5 13:23 15:17 19:22
halo/application/src/main/java/run/halo/app/infra/exception/handlers/HaloErrorConfiguration.java	3:15 27:51 37:44 38:39 48:50
halo/application/src/main/java/run/halo/app/infra/properties/CacheProperties.java	6:9
halo/application/src/main/java/run/halo/app/infra/ui/WebSocketServerWebExchangeMatcher.java	3:9 11:16 13:15
halo/application/src/main/java/run/halo/app/infra/ui/WebSocketUtils.java	3:4 9:19
halo/application/src/main/java/run/halo/app/infra/utils/Base62Utils.java	3:6 14:58 18:20 29:31 33:35 43:45 47:49 51:53 55:57
halo/application/src/main/java/run/halo/app/infra/utils/HaloUtils.java	3:22 32:119 35:37 45:53 47:48 49:52 50:51 61:70 65:68 72:76 78:82 84:87 94:99 95:98 108:118 112:113 114:116
halo/application/src/main/java/run/halo/app/infra/utils/UserAgentUtils.java	3:7 20:27 22:23 24:26 35:38
halo/application/src/main/java/run/halo/app/infra/utils/VersionUtils.java	3:7 10:49 18:27 22:25 40:48 41:44 45:47
halo/application/src/main/java/run/halo/app/infra/webfilter/AdditionalWebFilterChainProxy.java	3:11 13:35 20:23 26:34
halo/application/src/main/java/run/halo/app/infra/webfilter/LocaleChangeWebFilter.java	3:24 29:68 34:40 43:54 46:52 49:51 56:67 58:60
halo/application/src/main/java/run/halo/app/migration/BackupReconciler.java	3:20 24:130 32:36 43:45 48:113 50:111 54:60 55:58 61:63 65:91 67:75 76:90 81:83 84:88 86:87 93:98 100:109 102:108 104:106 115:120 116:119 122:124 127:129
halo/application/src/main/java/run/halo/app/notification/DefaultNotificationCenter.java	3:20 31:292 44:55 47:52 48:51 58:70 59:69 73:75 78:80 82:89 91:109 97:107 101:103 112:125 115:124 127:143 132:141 134:141 135:139 145:161 148:160 163:170 166:168 172:219 200:218 201:202 203:206 209:210 211:214 221:260 224:259 226:259 230:232 231:232 233:235 266:268 281:283 285:291
halo/application/src/main/java/run/halo/app/notification/DefaultNotificationTemplateRender.java	3:19 36:70 44:59 49:56 61:65 67:69
halo/application/src/main/java/run/halo/app/notification/EmailSenderHelper.java	3:6 16:43 31:33 40:42
halo/application/src/main/java/run/halo/app/notification/EmailSenderHelperImpl.java	3:10 20:64 23:50 33:35 37:39 41:44 46:48 54:63 55:62
halo/application/src/main/java/run/halo/app/notification/NotifierConfigStore.java	3:4
halo/application/src/main/java/run/halo/app/notification/ReasonNotificationTemplateSelector.java	3:7
halo/application/src/main/java/run/halo/app/notification/ReasonNotificationTemplateSelectorImpl.java	3:18 28:65 33:42 37:40 39:40 45:55 57:60 62:64
halo/application/src/main/java/run/halo/app/notification/Subscriber.java	3:5 7:28 8:11 13:15 17:19 21:23 25:27
halo/application/src/main/java/run/halo/app/notification/UserNotificationPreference.java	3:8 17:40 22:34 30:33 37:39
halo/application/src/main/java/run/halo/app/notification/UserNotificationPreferenceServiceImpl.java	3:11 21:67 28:42 31:40 32:34 36:38 45:62 48:53 54:60 55:57 64:66
halo/application/src/main/java/run/halo/app/notification/UserNotificationService.java	3:7
halo/application/src/main/java/run/halo/app/notification/endpoint/ConsoleNotifierEndpoint.java	3:21 31:85 36:69 39:50 45:49 51:67 57:61 62:66 64:66 71:76 78:84
halo/application/src/main/java/run/halo/app/notification/endpoint/EmailConfigValidationEndpoint.java	3:28 39:109 52:65 55:63 61:62 67:83 70:82 72:73 74:75 76:80 85:97 90:96 92:94 106:108
halo/application/src/main/java/run/halo/app/notification/endpoint/UserNotificationPreferencesEndpoint.java	3:42 52:267 58:62 64:94 67:78 73:77 79:92 85:89 90:91 96:116 99:113 101:112 104:110 114:115 118:122 124:131 126:129 133:183 142:154 143:146 148:154 155:182 165:180 167:179 170:178 173:175 188:200 217:232 219:231 223:224 226:230 253:261 264:266
halo/application/src/main/java/run/halo/app/plugin/AggregatedRouterFunction.java	3:8 15:34 19:23 26:28 31:33
halo/application/src/main/java/run/halo/app/plugin/DefaultDevelopmentPluginRepository.java	3:7 18:52 21:23 25:27 29:35 30:32 38:42 45:51
halo/application/src/main/java/run/halo/app/plugin/DefaultPluginGetter.java	3:8 18:28 22:27 23:25
halo/application/src/main/java/run/halo/app/plugin/DefaultSpringPlugin.java	3:9 17:118 27:30 33:65 37:55 47:52 56:61 62:64 68:93 70:81 71:76 77:81 82:92 84:88 96:101 97:99 104:112 105:110 106:109 115:117
halo/application/src/main/java/run/halo/app/plugin/HaloPluginManager.java	3:14 24:239 36:45 48:51 54:63 66:68 71:75 78:82 85:87 90:95 98:104 99:101 107:114 117:119 122:124 127:146 134:137 138:145 139:141 142:144 149:168 156:159 160:167 161:163 164:166 171:176 179:181 184:186 189:206 190:192 197:204 200:203 209:214 222:238 225:237 226:236 228:235 229:230 231:234
halo/application/src/main/java/run/halo/app/plugin/PluginFinder.java	3:5
halo/application/src/main/java/run/halo/app/plugin/PluginProperties.java	3:8 18:50
halo/application/src/main/java/run/halo/app/plugin/PluginSharedEventDelegator.java	3:6 15:42 20:23 26:36 27:29 30:32 39:41
halo/application/src/main/java/run/halo/app/plugin/SharedApplicationContextFactory.java	3:25 37:98 53:54 57:58 73:74 79:80 89:90
halo/application/src/main/java/run/halo/app/plugin/YamlPluginFinder.java	3:16 50:124 55:57 59:61 64:74 66:71 76:93 78:89 80:82 85:87 90:92 95:103 98:100 105:123 106:114 107:113 110:112 115:122 117:118 119:121
halo/application/src/main/java/run/halo/app/plugin/event/HaloPluginBeforeStopEvent.java	3:4 10:21 13:16 18:20
halo/application/src/main/java/run/halo/app/plugin/event/HaloPluginStoppedEvent.java	3:5 13:29 17:20 22:24 26:28
halo/application/src/main/java/run/halo/app/plugin/event/SpringPluginStartingEvent.java	3:4 6:18 10:13 15:17
halo/application/src/main/java/run/halo/app/plugin/extensionpoint/AbstractDefinitionGetter.java	3:11 14:40 26:29 32:34 37:39
halo/application/src/main/java/run/halo/app/plugin/extensionpoint/DefaultExtensionGetter.java	3:19 24:118 37:42 39:40 45:52 48:49 55:57 60:70 61:69 64:66 72:91 76:90 78:81 85:89 87:88 94:96 98:117 102:115 103:110 105:106 107:110 111:114
halo/application/src/main/java/run/halo/app/plugin/extensionpoint/ExtensionDefinition.java	3:10 21:26 27:54 35:53
halo/application/src/main/java/run/halo/app/plugin/extensionpoint/ExtensionDefinitionGetterImpl.java	3:5 9:24 11:13 16:18 21:23
halo/application/src/main/java/run/halo/app/plugin/resources/ReverseProxyRouterFunctionFactory.java	3:38 51:175 65:67 70:112 76:78 81:109 84:108 86:88 89:93 95:96 97:102 98:100 104:107 114:116 118:120 122:124 143:163 151:152 153:159 165:174 166:168 170:172
halo/application/src/main/java/run/halo/app/search/SearchEngineUnavailableException.java	10:15 12:14
halo/application/src/main/java/run/halo/app/search/lucene/LuceneSearchEngine.java	3:44 47:444 61:63 66:68 71:91 74:78 82:90 83:84 85:86 87:89 94:108 99:107 100:101 102:103 104:106 111:122 113:121 114:115 116:117 118:120 125:248 128:136 137:236 151:153 155:157 159:161 165:169 173:179 183:185 189:192 191:192 206:229 212:214 218:220 237:238 239:247 240:246 241:242 243:245 251:262 264:283 265:267 268:282 270:272 273:275 276:277 278:280 285:293 286:292 287:288 289:291 295:297 299:301 303:305 307:309 311:313 315:317 319:321 324:340 326:328 329:331 332:334 342:394 345:393 352:354 356:358 361:363 370:383 372:379 380:382 388:390 396:443 399:437 416:425 418:421 422:424 431:434 439:442
halo/application/src/main/java/run/halo/app/search/post/PostEventsListener.java	3:18 21:66 29:34 37:39 42:44 46:61 48:59 49:52 57:58 63:65
halo/application/src/main/java/run/halo/app/search/post/PostHaloDocumentsProvider.java	3:14 17:81 25:28 31:47 39:46 41:45 50:52 61:80
halo/application/src/main/java/run/halo/app/security/AuthProviderService.java	3:6
halo/application/src/main/java/run/halo/app/security/AuthProviderServiceImpl.java	3:25 35:227 40:43 46:51 54:86 66:85 72:81 77:80 82:83 89:109 90:108 94:95 102:105 104:105 113:127 117:119 122:126 129:134 136:146 139:145 148:165 167:170 168:169 172:175 173:174 177:195 178:180 185:186 187:189 190:192 197:218 198:215 203:207 208:210 216:217 220:226 222:224
halo/application/src/main/java/run/halo/app/security/CorsConfigurer.java	3:13 17:59 21:23 26:34 27:33 28:31 36:58 41:42 47:52
halo/application/src/main/java/run/halo/app/security/CsrfConfigurer.java	3:16 20:42 23:33 24:29 26:28 30:32 35:41
halo/application/src/main/java/run/halo/app/security/DefaultSuperAdminInitializer.java	3:19 24:82 30:39 32:33 34:37 41:62 64:81
halo/application/src/main/java/run/halo/app/security/InitializeRedirectionWebFilter.java	3:21 30:71 39:46 44:45 49:65 50:64 51:53 57:63 58:60 67:70
halo/application/src/main/java/run/halo/app/security/LoginHandlerEnhancerImpl.java	3:14 24:54 37:45 48:53
halo/application/src/main/java/run/halo/app/security/authentication/emailcode/EmailCodeLoginAuthenticationConverter.java	3:11 19:51 26:28 31:43 33:40 36:38 45:50
halo/application/src/main/java/run/halo/app/security/authentication/emailcode/EmailCodeSecurityConfigurer.java	3:22 36:97 56:75 78:91 83:84 85:86 93:96
halo/application/src/main/java/run/halo/app/security/authentication/emailcode/EmailCodeService.java	3:4
halo/application/src/main/java/run/halo/app/security/authentication/exception/TwoFactorAuthException.java	5:14 7:9 11:13
halo/application/src/main/java/run/halo/app/security/authentication/login/HaloUser.java	3:9 11:118 19:24 27:29 32:34 37:39 42:44 47:49 52:54 57:59 62:67 63:65 70:75 71:73 78:80 83:85 88:90 92:117 100:102 104:107 109:112 114:116
halo/application/src/main/java/run/halo/app/security/authentication/login/InvalidEncryptedMessageException.java	8:17 10:12 14:16
halo/application/src/main/java/run/halo/app/security/authentication/login/PublicKeyRouteBuilder.java	3:9 11:46 15:17 24:39 26:37 28:33 42:45
halo/application/src/main/java/run/halo/app/security/authentication/login/UsernamePasswordDelegatingAuthenticationManager.java	3:8 11:38 17:21 24:37 28:35 30:34
halo/application/src/main/java/run/halo/app/security/authentication/oauth2/OAuth2LoginHandlerEnhancer.java	3:5
halo/application/src/main/java/run/halo/app/security/authentication/oauth2/WebSessionOAuth2AuthenticationTokenCache.java	3:6 15:42 20:26 22:24 29:34 37:41
halo/application/src/main/java/run/halo/app/security/authentication/rememberme/DefaultCookieSignatureKeyResolver.java	3:6 10:18 15:17
halo/application/src/main/java/run/halo/app/security/authentication/rememberme/PersistentRememberMeTokenRepository.java	3:5
halo/application/src/main/java/run/halo/app/security/authentication/rememberme/RememberMeConfigurer.java	3:13 18:39 27:38 31:32 34:36
halo/application/src/main/java/run/halo/app/security/authentication/rememberme/RememberMeTokenRevoker.java	3:9 22:31 28:30
halo/application/src/main/java/run/halo/app/security/authentication/token/NonPatJwtAuthenticationConverter.java	3:8 18:30 21:29 23:27 24:25
halo/application/src/main/java/run/halo/app/security/authentication/token/PatAuthenticationManager.java	3:25 27:133 38:42 49:51 54:64 57:60 66:92 70:73 76:77 78:91 84:89 94:117 100:112 103:110 105:107 113:114 119:132 120:122 124:127 125:126 128:130
halo/application/src/main/java/run/halo/app/security/authentication/token/TokenAuthenticationManager.java	3:15 23:70 33:38 41:46 42:44 48:50 52:55 57:69 63:64
halo/application/src/main/java/run/halo/app/security/authentication/twofactor/TotpAuthenticationSuccessHandler.java	3:10 13:32 19:24 27:31
halo/application/src/main/java/run/halo/app/security/authentication/twofactor/TwoFactorAuthEndpoint.java	3:38 41:343 55:68 71:133 73:131 75:82 81:82 83:92 89:90 91:92 93:102 99:100 101:102 103:112 109:110 111:112 113:123 118:119 120:121 122:123 124:130 135:156 140:154 141:145 146:147 149:152 160:169 171:173 175:177 179:196 183:194 184:188 189:190 198:218 199:215 222:231 233:261 238:256 241:245 246:247 249:254 263:269 265:267 273:292 294:301 296:299 303:318 304:306 308:309 310:312 314:316 320:324 326:333 335:337 340:342
halo/application/src/main/java/run/halo/app/security/authentication/twofactor/TwoFactorAuthenticationEntryPoint.java	3:13 15:62 34:39 35:37 41:44 47:61 51:53 54:60 55:56
halo/application/src/main/java/run/halo/app/security/authentication/twofactor/totp/TotpAuthenticationManager.java	3:13 21:64 25:27 30:63 40:62 42:44 46:48 51:53 54:57 55:56 58:60
halo/application/src/main/java/run/halo/app/security/authorization/AttributesRecord.java	7:69 10:12 15:17 20:23 26:28 31:33 36:38 41:43 46:48 51:53 56:58 61:63 66:68
halo/application/src/main/java/run/halo/app/security/authorization/RbacRequestEvaluation.java	3:7 13:159 21:28 22:26 23:25 30:44 31:41 33:35 39:40 46:54 47:49 50:52 56:66 57:64 58:60 61:63 68:78 69:76 70:72 73:75 81:105 82:103 84:86 88:90 94:96 100:102 107:130 108:110 112:128 115:125 118:120 122:124 132:142 133:134 135:136 137:138 139:141 144:158 145:156 146:148 149:151 153:155
halo/application/src/main/java/run/halo/app/security/device/DeviceCookieResolver.java	3:6
halo/application/src/main/java/run/halo/app/security/device/DeviceCookieResolverImpl.java	3:11 15:52 24:26 29:36 32:35 39:42 44:51
halo/application/src/main/java/run/halo/app/security/device/DeviceServiceImpl.java	3:43 48:261 57:67 59:65 61:65 62:63 70:100 72:74 79:99 81:97 85:95 92:93 103:117 104:114 105:112 106:110 115:116 119:159 121:123 125:158 128:136 130:134 139:148 140:142 143:146 149:156 162:167 170:177 180:187 182:184 189:194 196:206 198:200 201:204 208:232 210:225 217:222 226:231 227:230 234:236 239:241 243:260 245:259
halo/application/src/main/java/run/halo/app/security/device/NewDeviceLoginListener.java	3:15 25:67 33:35 37:55 38:54 44:45 48:53 57:66
halo/application/src/main/java/run/halo/app/security/jackson2/HaloOAuth2AuthenticationTokenMixin.java	3:6 15:18 20:26 22:25
halo/application/src/main/java/run/halo/app/security/jackson2/HaloSecurityJackson2Module.java	3:9 16:30 18:20 23:29
halo/application/src/main/java/run/halo/app/security/jackson2/SwitchUserGrantedAuthorityMixIn.java	19:22 34:37 39:43 41:42
halo/application/src/main/java/run/halo/app/security/preauth/DefaultPasswordResetAvailabilityProviders.java	3:10 19:40 25:29 32:39 34:38
halo/application/src/main/java/run/halo/app/security/preauth/EmailPasswordResetAvailabilityProvider.java	3:5 14:26 17:20 23:25
halo/application/src/main/java/run/halo/app/security/preauth/EmailProfileCompletionEndpoint.java	3:44 48:261 69:78 70:77 80:88 81:87 82:84 90:116 91:115 92:94 97:113 99:101 103:112 104:106 109:110 118:148 119:147 120:122 123:146 126:133 127:132 135:145 136:143 137:142 151:167 153:160 154:159 161:163 170:201 172:179 173:178 185:192 187:192 193:200 195:200 203:211 207:209 213:218 221:227 229:234 232:233 236:240 237:238 242:245 247:249 251:254
halo/application/src/main/java/run/halo/app/security/preauth/PreAuthLoginEndpoint.java	3:37 47:197 65:176 66:175 69:153 83:84 88:93 89:90 92:93 97:104 107:108 111:113 116:152 117:121 124:151 125:151 127:151 143:144 146:147 154:173 158:159 160:161 163:164 165:172 169:171 178:196 179:190 185:186 187:189 191:193
halo/application/src/main/java/run/halo/app/security/preauth/PreAuthSignUpEndpoint.java	3:35 44:186 58:71 75:170 76:169 79:86 87:149 90:149 96:98 101:103 104:107 108:117 109:116 118:127 119:126 128:130 131:133 134:136 137:146 138:145 147:148 150:167 154:166 156:158 162:163 164:165 172:177 180:185
halo/application/src/main/java/run/halo/app/security/session/InMemoryReactiveIndexedSessionRepository.java	3:18 21:131 39:41 44:49 45:47 52:57 53:56 60:65 68:70 73:77 79:90 81:84 85:88 92:114 94:99 95:97 100:112 101:110 116:118 121:123 126:128
halo/application/src/main/java/run/halo/app/security/sudo/SudoModeWebFilter.java	3:23 31:134 44:57 53:55 60:72 61:71 62:64 65:70 66:68 74:80 82:86 88:93 95:103 97:101 105:111 107:109 113:118 120:133 121:132 122:126 129:132
halo/application/src/main/java/run/halo/app/security/sudo/SudoRequiredException.java	3:7 15:22 17:21
halo/application/src/main/java/run/halo/app/security/sudo/SudoService.java	3:27 37:196 50:57 59:62 64:73 66:72 69:72 75:82 77:81 84:96 86:90 92:93 94:95 107:114 111:112 116:131 117:130 118:120 123:129 124:126 133:137 139:141 143:147 145:146 149:151 153:158 160:162 164:169 171:174 176:181 183:188 190:195
halo/application/src/main/java/run/halo/app/security/sudo/SudoStatus.java	3:4
halo/application/src/main/java/run/halo/app/theme/DefaultTemplateEnum.java	28:30 32:34
halo/application/src/main/java/run/halo/app/theme/PageLayoutContract.java	3:4 7:25 17:19 21:24
halo/application/src/main/java/run/halo/app/theme/ThemeLocaleContextResolver.java	3:16 24:68 33:47 40:42 49:54 56:60 62:67
halo/application/src/main/java/run/halo/app/theme/ThemeScreenshots.java	3:7 9:34 16:22 24:26 28:33
halo/application/src/main/java/run/halo/app/theme/config/ThemeConfiguration.java	3:14 21:40 24:26 31:33 37:39
halo/application/src/main/java/run/halo/app/theme/dialect/DefaultFaviconHeadProcessor.java	3:12 22:45 27:36 30:34 38:40 42:44
halo/application/src/main/java/run/halo/app/theme/dialect/DuplicateMetaTagProcessor.java	3:15 28:99 37:92 42:81 46:65 49:60 52:54 66:79 68:78 70:77 71:74 94:96
halo/application/src/main/java/run/halo/app/theme/dialect/EvaluationContextEnhancer.java	3:25 34:209 40:42 48:56 51:55 60:62 68:150 71:73 76:82 77:80 85:98 86:89 92:95 94:95 101:103 107:109 112:114 117:126 119:124 120:122 128:139 130:135 131:133 142:144 147:149 159:179 165:170 172:178 188:208 192:207 195:198 197:198 199:205
halo/application/src/main/java/run/halo/app/theme/dialect/GeneratorMetaProcessor.java	3:12 20:41 24:30 33:40 34:39 36:37
halo/application/src/main/java/run/halo/app/theme/dialect/GlobalSeoProcessor.java	3:17 29:61 34:60 38:58 40:48 44:45 50:57 54:55
halo/application/src/main/java/run/halo/app/theme/dialect/HaloPostTemplateHandler.java	3:16 24:65 29:36 32:33 39:42 45:48 50:64 52:62 55:59 56:58 60:61
halo/application/src/main/java/run/halo/app/theme/dialect/HaloSpringSecurityDialect.java	3:34 41:148 50:55 58:74 59:61 65:66 77:82 84:147 86:88 95:136 99:101 105:107 116:119 123:128 144:146
halo/application/src/main/java/run/halo/app/theme/dialect/SecureTemplateWebContext.java	3:6 17:34 21:28 23:24 25:27 31:33
halo/application/src/main/java/run/halo/app/theme/dialect/expression/Annotations.java	3:5 14:61 23:29 25:27 39:45 41:43 54:60 56:58
halo/application/src/main/java/run/halo/app/theme/dialect/expression/HaloExpressionObject.java	3:5 13:46 17:19 36:45 37:39 41:43
halo/application/src/main/java/run/halo/app/theme/engine/DefaultThemeTemplateAvailabilityProvider.java	3:6 9:24 13:15 18:23
halo/application/src/main/java/run/halo/app/theme/engine/HaloTemplateEngine.java	3:17 25:73 29:31 34:38 48:62 49:50 53:56 57:60 64:72 65:67 68:70
halo/application/src/main/java/run/halo/app/theme/finders/CommentPublicQueryService.java	3:10
halo/application/src/main/java/run/halo/app/theme/finders/TagFinder.java	3:10
halo/application/src/main/java/run/halo/app/theme/finders/impl/CategoryFinderImpl.java	3:28 39:307 44:46 49:64 50:52 59:63 66:71 67:70 74:87 77:80 81:85 90:92 95:97 100:104 106:121 107:112 108:110 113:120 114:119 115:117 123:132 134:144 137:138 140:143 146:156 149:151 158:174 160:172 164:171 165:168 176:195 181:188 190:192 197:207 209:212 214:229 215:217 221:226 223:225 231:239 241:251 254:256 259:269 263:268 271:298 273:275 278:280 283:285 287:291 288:290 294:296 300:302 304:306
halo/application/src/main/java/run/halo/app/theme/finders/impl/CommentFinderImpl.java	3:12 22:48 27:29 32:42 33:35 45:47
halo/application/src/main/java/run/halo/app/theme/finders/impl/SinglePageConversionServiceImpl.java	3:33 43:187 56:58 61:63 65:83 70:77 71:76 79:82 86:99 88:94 95:98 102:110 103:107 113:135 131:134 137:161 141:146 149:156 157:160 163:174 167:171 176:186 178:180
halo/application/src/main/java/run/halo/app/theme/finders/impl/SinglePageFinderImpl.java	3:22 32:72 39:43 46:48 51:53 55:64 61:62 66:71
halo/application/src/main/java/run/halo/app/theme/finders/impl/TagFinderImpl.java	3:21 30:97 37:39 42:44 47:62 48:50 57:61 65:67 70:75 71:73 78:81 83:88 84:87 90:92 94:96
halo/application/src/main/java/run/halo/app/theme/finders/impl/ThemeFinderImpl.java	3:16 25:65 30:33 36:42 45:47 49:64 50:52 54:62 56:59
halo/application/src/main/java/run/halo/app/theme/finders/impl/ThumbnailFinderImpl.java	3:10 15:27 20:26
halo/application/src/main/java/run/halo/app/theme/finders/vo/CategoryVo.java	3:10 21:46 38:45
halo/application/src/main/java/run/halo/app/theme/finders/vo/CommentStatsVo.java	3:4 14:20 17:19
halo/application/src/main/java/run/halo/app/theme/finders/vo/CommentVo.java	3:11 22:53 47:52
halo/application/src/main/java/run/halo/app/theme/finders/vo/CommentWithReplyVo.java	3:7 18:29 23:28
halo/application/src/main/java/run/halo/app/theme/finders/vo/ContentVo.java	3:6 17:27 24:26
halo/application/src/main/java/run/halo/app/theme/finders/vo/ContributorVo.java	3:12 23:74 44:55 62:73
halo/application/src/main/java/run/halo/app/theme/finders/vo/ListedSinglePageVo.java	3:13 25:57 46:56
halo/application/src/main/java/run/halo/app/theme/finders/vo/NavigationPostVo.java	3:7 22:45 29:31 38:40 42:44
halo/application/src/main/java/run/halo/app/theme/finders/vo/PostArchiveVo.java	3:5 15:20
halo/application/src/main/java/run/halo/app/theme/finders/vo/PostArchiveYearMonthVo.java	3:5 15:20
halo/application/src/main/java/run/halo/app/theme/finders/vo/ReplyVo.java	3:12 24:51 47:50
halo/application/src/main/java/run/halo/app/theme/finders/vo/SinglePageVo.java	3:9 21:43 31:42
halo/application/src/main/java/run/halo/app/theme/finders/vo/StatsVo.java	3:4 14:25 22:24
halo/application/src/main/java/run/halo/app/theme/router/ExtensionPermalinkPatternUpdater.java	3:22 37:103 43:71 47:49 51:53 57:60 62:66 67:70 73:78 80:90 85:87 92:96 98:102
halo/application/src/main/java/run/halo/app/theme/router/ModelMapUtils.java	3:11 19:56 29:38 46:55
halo/application/src/main/java/run/halo/app/theme/router/PermalinkRuleChangedEvent.java	3:4 6:29 11:16 18:20 22:24 26:28
halo/application/src/main/java/run/halo/app/theme/router/PreviewRouterFunction.java	3:34 44:190 64:69 71:97 75:79 80:86 81:85 82:84 89:96 99:118 100:117 103:105 106:108 110:113 114:116 120:165 124:128 129:146 132:134 135:137 139:142 143:145 147:153 148:152 149:151 156:164 167:182 174:180 175:177 184:189
halo/application/src/main/java/run/halo/app/theme/router/ReactiveQueryPostPredicateResolver.java	3:6
halo/application/src/main/java/run/halo/app/theme/router/SinglePageRoute.java	3:32 42:159 56:60 67:69 72:74 76:87 78:85 80:84 89:95 90:94 98:117 99:115 101:104 105:106 107:114 109:110 111:113 120:122 125:127 129:133 130:132 135:137 139:158 142:149 143:148 150:156
halo/application/src/main/java/run/halo/app/theme/router/ThemeCompositeRouterFunction.java	3:35 49:181 68:89 72:74 76:78 80:88 82:85 92:96 99:101 103:107 109:111 113:125 128:134 129:131 137:143 138:140 146:148 152:172 174:180
halo/application/src/main/java/run/halo/app/theme/router/factories/TagPostRouteFactory.java	3:40 50:111 62:68 63:67 70:90 71:89 75:81 76:81 92:100 95:99 102:110 104:105
halo/application/src/main/java/run/halo/app/theme/service/ThemeService.java	3:9 42:44
halo/application/src/main/java/run/halo/app/theme/utils/PatternUtils.java	3:8 25:30 39:49 41:43 44:47
halo/application/src/test/java/run/halo/app/PathPrefixPredicateTest.java	3:9 17:43 20:30 37:42
halo/application/src/test/java/run/halo/app/config/CorsTest.java	3:11 15:102 21:68 25:36 40:51 55:67 71:101 75:85 89:100
halo/application/src/test/java/run/halo/app/config/ExtensionConfigurationTest.java	3:36 41:306 53:69 72:78 82:124 128:305 136:170 161:167 174:193 177:179 186:192 190:191 197:207 211:225 214:218 229:243 232:236 247:272 262:271 265:267 268:270 276:292 285:291 294:304
halo/application/src/test/java/run/halo/app/config/HaloConfigurationTest.java	3:12 14:39 18:25 21:24 30:38 33:37
halo/application/src/test/java/run/halo/app/config/ServerCodecTest.java	3:24 29:103 40:54 58:73 76:102 79:91 80:89 81:85 94:101 96:99
halo/application/src/test/java/run/halo/app/config/WebFluxConfigTest.java	3:46 48:50 51:55 57:407 72:133 75:100 80:84 88:97 90:97 103:109 106:108 111:132 114:116 119:121 124:131 125:130 127:128 136:202 140:141 142:151 156:165 168:177 181:190 194:201 205:348 208:210 213:220 223:237 225:226 235:236 240:259 241:242 243:249 262:278 265:266 267:268 281:288 291:298 301:314 312:313 317:327 330:337 340:347 351:379 354:368 357:367 359:365 361:365 371:378 382:406 385:393 388:392 396:405
halo/application/src/test/java/run/halo/app/content/CategoryPostCountUpdaterTest.java	3:22 31:210 48:60 54:59 57:58 63:76 79:91 94:102 105:113 116:124 127:135 137:153 155:167 169:196 198:209
halo/application/src/test/java/run/halo/app/content/comment/CommentNotificationReasonPublisherTest.java	3:37 46:678 64:80 83:100 103:112 115:124 128:246 139:150 153:163 166:176 179:199 202:209 212:218 221:245 250:368 270:327 297:326 311:312 315:318 320:325 330:367 372:488 389:447 417:446 431:432 435:438 440:445 450:487 492:664 513:577 546:576 559:560 563:566 568:575 580:591 597:625 604:610 612:614 628:648 650:663 666:677
halo/application/src/test/java/run/halo/app/content/comment/CommentPermalinkIntegrationTest.java	3:34 37:43 44:421 84:118 121:131 122:130 123:125 127:129 134:146 153:182 161:167 163:165 175:181 185:194 197:231 226:227 234:266 269:295 271:291 292:294 298:385 309:314 317:318 348:349 387:394 396:400 402:414 416:420
halo/application/src/test/java/run/halo/app/content/comment/CommentPermalinkServiceTest.java	3:15 17:65 19:27 20:22 23:24 31:32 33:35 38:64
halo/application/src/test/java/run/halo/app/content/comment/ReplyNotificationSubscriptionHelperTest.java	3:28 37:153 46:57 55:56 60:80 78:79 83:88 89:103 92:97 98:101 106:122 108:109 125:139 128:138 141:152
halo/application/src/test/java/run/halo/app/content/permalinks/CategoryPermalinkPolicyTest.java	3:15 24:63 35:37 40:62
halo/application/src/test/java/run/halo/app/content/permalinks/PostPermalinkPolicyTest.java	3:32 41:157 59:63 66:105 82:83 108:122 125:142 144:156
halo/application/src/test/java/run/halo/app/core/attachment/AttachmentLocalPolicyResourceTest.java	3:8 20:54 23:38 29:30 35:36 41:53 47:48
halo/application/src/test/java/run/halo/app/core/attachment/AttachmentPermalinkMatcherTest.java	3:22 25:122 33:35 38:63 40:43 45:51 46:50 53:61 55:60 57:58 66:71 67:68 74:104 75:77 81:83 87:89 93:95 99:101 107:112 108:109 114:121
halo/application/src/test/java/run/halo/app/core/attachment/PolicyConfigChangeDetectorTest.java	3:25 34:61 46:60
halo/application/src/test/java/run/halo/app/core/attachment/thumbnail/DefaultThumbnailServiceTest.java	3:28 31:151 48:51 54:60 63:70 73:91 94:102 105:118 121:139 125:129 126:127 128:129 141:150
halo/application/src/test/java/run/halo/app/core/attachment/thumbnail/ThumbnailImgTagPostProcessorTest.java	3:23 26:115 40:43 46:50 53:58 54:55 61:65 68:74 77:93 87:91 96:114 97:98 107:112 108:110
halo/application/src/test/java/run/halo/app/core/counter/MeterUtilsTest.java	3:11 19:124 22:25 28:31 34:44 47:57 60:70 73:83 86:90 93:98 101:106 109:114 117:123
halo/application/src/test/java/run/halo/app/core/endpoint/WebSocketHandlerMappingTest.java	3:13 16:54 22:26 29:35 37:53 40:42 45:47 50:52
halo/application/src/test/java/run/halo/app/core/endpoint/console/CategoryEndpointTest.java	3:17 20:99 28:31 34:51 54:73 56:57 76:83 85:98
halo/application/src/test/java/run/halo/app/core/endpoint/console/EmailVerificationCodeTest.java	3:27 39:170 62:66 69:101 104:138 141:169
halo/application/src/test/java/run/halo/app/core/endpoint/console/HierarchyPositionIntegrationTest.java	3:29 35:207 42:44 56:67 60:64 70:123 126:179 181:194 190:192 196:206
halo/application/src/test/java/run/halo/app/core/endpoint/console/MenuConsoleServiceTest.java	3:30 33:141 45:69 49:56 59:64 72:88 75:76 91:107 109:123 125:140
halo/application/src/test/java/run/halo/app/core/endpoint/console/MenuEndpointTest.java	3:15 18:62 26:29 32:46 48:61
halo/application/src/test/java/run/halo/app/core/endpoint/console/TagEndpointTest.java	3:24 32:107 42:46 49:106 52:68 71:88 90:92 94:105
halo/application/src/test/java/run/halo/app/core/endpoint/console/UiPluginEndpointTest.java	3:24 27:171 42:47 50:63 66:79 82:105 108:122 125:157 126:135 127:134 159:170 162:165 166:168
halo/application/src/test/java/run/halo/app/core/endpoint/console/UiPluginRoleTemplateTest.java	3:14 16:38 19:37
halo/application/src/test/java/run/halo/app/core/endpoint/console/UserEndpointTest.java	3:57 60:641 86:104 88:100 89:100 98:99 107:126 108:112 129:226 132:149 152:170 173:193 174:185 196:209 211:213 215:225 230:263 233:238 241:262 267:326 270:290 293:309 311:325 330:367 333:348 351:366 371:435 374:386 389:400 403:434 404:417 429:433 438:449 452:467 470:640 472:492 481:482 496:532 511:512 535:573 550:551 554:555 576:621 591:595 592:594 598:603 623:639
halo/application/src/test/java/run/halo/app/core/endpoint/theme/CategoryQueryEndpointTest.java	3:22 31:115 43:47 50:68 71:88 91:108 111:114
halo/application/src/test/java/run/halo/app/core/endpoint/theme/PostQueryEndpointTest.java	3:27 36:149 50:52 55:72 75:94 97:118 121:142 145:148
halo/application/src/test/java/run/halo/app/core/endpoint/theme/SinglePageQueryEndpointTest.java	3:21 30:80 41:43 46:67 69:73 76:79
halo/application/src/test/java/run/halo/app/core/endpoint/uc/UcPostEndpointTest.java	3:27 30:169 41:49 52:108 58:66 77:80 111:168 136:137
halo/application/src/test/java/run/halo/app/core/extension/TestRole.java	11:60 13:27 14:26 29:43 30:42 45:59 46:58
halo/application/src/test/java/run/halo/app/core/extension/migration/CategoryHierarchyMigrationTest.java	3:29 32:266 41:55 45:46 47:54 58:80 67:77 83:99 92:97 102:117 111:115 120:138 132:136 141:153 147:151 156:170 164:168 173:187 180:185 190:214 195:196 201:208 212:213 217:241 220:224 226:227 232:238 243:248 244:247 250:265
halo/application/src/test/java/run/halo/app/core/extension/migration/MenuItemHierarchyMigrationTest.java	3:30 33:435 44:67 49:50 51:58 59:66 70:92 73:77 79:80 83:89 95:113 103:110 116:134 126:131 137:150 145:148 153:166 160:164 169:187 171:173 179:185 190:209 195:196 197:207 212:228 217:219 220:226 231:249 237:239 240:247 252:271 263:264 265:269 274:294 282:283 297:316 300:304 301:303 305:314 319:346 325:327 328:344 332:333 337:338 349:367 356:357 358:365 370:395 383:387 384:386 388:393 397:399 401:413 415:428 430:434
halo/application/src/test/java/run/halo/app/core/reconciler/CategoryReconcilerTest.java	3:21 24:82 41:43 46:67 69:81
halo/application/src/test/java/run/halo/app/core/reconciler/PostReconcilerTest.java	3:34 43:420 67:69 72:99 78:80 102:128 110:112 131:156 138:140 159:191 166:168 169:174 194:229 202:204 205:210 232:240 243:275 258:260 261:266 278:331 300:302 303:308 334:401 336:370 343:345 346:351 373:400 379:381 382:387 404:419 410:418 411:412 413:418
halo/application/src/test/java/run/halo/app/core/reconciler/SystemConfigReconcilerTest.java	3:30 33:241 48:51 54:62 65:74 77:81 84:109 96:101 112:129 132:145 148:168 171:183 186:210 213:230 232:240
halo/application/src/test/java/run/halo/app/core/reconciler/ThemeReconcilerTest.java	3:55 64:628 85:89 98:103 106:144 147:194 159:164 168:175 171:173 178:185 181:183 197:215 208:209 210:213 218:242 227:232 245:265 254:259 268:290 278:283 293:311 314:334 337:355 358:392 361:362 363:369 370:376 395:416 419:446 424:430 449:468 471:497 476:481 500:524 514:520 526:537 540:589 564:565 584:588 591:627
halo/application/src/test/java/run/halo/app/core/reconciler/UserReconcilerTest.java	3:48 57:281 77:79 82:94 91:93 97:103 106:118 113:117 114:116 121:128 131:143 146:176 155:156 179:193 196:205 209:248 212:214 220:226 230:233 238:242 251:265 254:256 267:274 276:280
halo/application/src/test/java/run/halo/app/core/user/service/impl/UserConnectionServiceImplTest.java	3:29 32:96 43:46 49:68 53:55 60:64 71:82 84:86 88:95
halo/application/src/test/java/run/halo/app/core/user/service/impl/UserServiceImplTest.java	3:67 70:607 103:109 112:121 124:133 136:143 146:157 160:178 172:175 182:274 185:206 201:204 209:229 223:226 232:249 252:263 266:273 276:284 286:288 291:381 294:299 302:316 319:333 336:350 353:380 384:587 387:405 398:403 400:402 408:424 427:455 451:453 458:476 469:474 471:473 479:495 498:524 509:514 527:569 543:549 544:546 550:553 558:561 564:567 571:578 580:586 590:606
halo/application/src/test/java/run/halo/app/extension/AbstractExtensionTest.java	3:5 7:48 10:17 20:26 29:36 39:47
halo/application/src/test/java/run/halo/app/extension/ExtensionStoreUtilTest.java	3:7 9:48 16:29 17:22 23:28 32:38 41:47
halo/application/src/test/java/run/halo/app/extension/GroupVersionTest.java	3:6 8:29 11:19 15:18 22:28 24:27
halo/application/src/test/java/run/halo/app/extension/ListResultTest.java	3:13 15:139 18:25 21:23 28:35 31:33 38:50 53:59 62:68 71:91 74:90 94:125 127:138
halo/application/src/test/java/run/halo/app/extension/ReactiveExtensionClientTest.java	3:37 40:645 67:75 77:88 90:92 94:100 102:119 122:147 131:133 139:142 143:146 150:154 157:189 166:167 174:180 176:179 184:187 192:245 205:208 223:224 230:235 248:257 260:269 272:284 287:300 303:316 319:337 331:334 340:346 349:359 362:376 379:403 406:421 424:444 447:470 473:496 499:512 515:532 536:644 542:544 547:552 555:560 563:567 570:574 577:582 585:600 603:624 627:643
halo/application/src/test/java/run/halo/app/extension/RefTest.java	3:8 10:23 13:22
halo/application/src/test/java/run/halo/app/extension/UnstructuredTest.java	3:20 22:231 44:50 53:65 68:72 75:81 84:90 93:96 99:103 106:115 109:110 113:114 118:129 121:123 126:128 132:141 138:140 144:213 149:186 175:177 189:212 200:211 215:221 223:230
halo/application/src/test/java/run/halo/app/extension/gc/GcSynchronizerTest.java	3:14 17:45 29:35 38:44
halo/application/src/test/java/run/halo/app/extension/gc/GcWatcherTest.java	3:16 19:88 28:40 43:53 56:69 72:79 81:87
halo/application/src/test/java/run/halo/app/extension/index/DefaultIndexEngineTest.java	3:24 27:203 45:49 52:55 58:64 67:73 76:82 85:94 97:106 109:118 121:130 133:148 151:163 160:162 166:185 177:179 182:184 188:195 197:202
halo/application/src/test/java/run/halo/app/extension/index/DefaultIndicesManagerTest.java	3:13 16:74 31:34 37:45 48:50 53:57 60:66 69:73
halo/application/src/test/java/run/halo/app/extension/index/DefaultIndicesTest.java	3:13 16:262 33:38 41:46 49:69 72:92 95:115 118:152 155:189 192:226 229:235 238:254 256:261
halo/application/src/test/java/run/halo/app/extension/index/LabelIndexTest.java	3:20 23:172 29:109 32:43 46:67 70:83 86:96 99:108 112:151 115:129 132:135 138:141 144:150 153:157 159:164 169:171
halo/application/src/test/java/run/halo/app/extension/index/MultiValueIndexTest.java	3:18 21:717 30:370 33:41 37:40 44:52 55:240 58:60 63:75 78:88 91:107 110:126 129:139 142:152 155:169 172:187 190:208 211:222 225:239 243:369 246:264 267:276 279:288 291:294 297:300 303:306 309:311 314:316 319:322 320:321 325:328 326:327 331:333 336:338 341:343 346:348 351:353 356:358 361:363 366:368 373:703 376:384 380:383 387:399 402:412 415:431 434:450 453:463 466:476 479:493 496:513 516:536 539:550 553:567 570:702 573:591 594:603 606:615 618:621 624:633 636:639 642:644 647:649 652:655 653:654 658:661 659:660 664:666 669:671 674:676 679:681 684:686 689:691 694:696 699:701 705:709 711:716
halo/application/src/test/java/run/halo/app/extension/router/ExtensionCompositeRouterFunctionTest.java	3:19 22:68 31:46 32:33 49:67 50:51 63:64
halo/application/src/test/java/run/halo/app/extension/router/ExtensionCreateHandlerTest.java	3:32 35:113 41:46 49:80 68:77 70:73 83:89 92:112 109:110
halo/application/src/test/java/run/halo/app/extension/router/ExtensionListHandlerTest.java	3:23 26:64 32:37 40:63 55:60
halo/application/src/test/java/run/halo/app/extension/router/PathPatternGeneratorTest.java	3:9 11:32 20:24 27:31
halo/application/src/test/java/run/halo/app/infra/ConditionListTest.java	3:12 20:222 23:31 34:79 40:61 69:78 82:90 93:103 106:114 117:140 143:163 166:188 169:175 177:183 191:212 194:200 202:208 214:221
halo/application/src/test/java/run/halo/app/infra/InitializationStateGetterTest.java	3:18 27:82 35:57 60:81
halo/application/src/test/java/run/halo/app/infra/SystemConfigFirstExternalUrlSupplierTest.java	3:20 23:205 38:155 41:44 47:53 56:61 64:71 74:78 81:87 90:97 100:108 111:119 122:129 132:143 146:154 158:204 161:172 175:187 190:203
halo/application/src/test/java/run/halo/app/infra/exception/handlers/I18nExceptionTest.java	3:21 25:219 33:36 39:41 44:53 56:68 64:67 71:83 79:82 86:99 95:98 102:114 110:113 117:130 126:129 133:148 144:147 151:193 155:192 158:160 163:165 168:170 173:176 174:175 179:181 184:186 189:191 195:208 197:199 201:203 205:207 213:218 215:217
halo/application/src/test/java/run/halo/app/infra/utils/FileUtilsTest.java	3:19 21:105 27:42 30:34 37:41 45:93 48:62 55:57 65:78 72:74 81:85 82:84 88:92 89:91 96:104
halo/application/src/test/java/run/halo/app/infra/utils/HaloUtilsTest.java	3:12 14:40 17:23 26:36 37:39
halo/application/src/test/java/run/halo/app/infra/utils/IpAddressUtilsTest.java	3:8 10:61 13:20 23:29 32:36 39:45 48:60
halo/application/src/test/java/run/halo/app/infra/utils/SortUtilsTest.java	3:7 15:37 18:36
halo/application/src/test/java/run/halo/app/migration/BackupReconcilerTest.java	3:25 28:240 40:70 46:50 73:92 95:114 117:137 140:160 163:188 191:217 220:231 233:239
halo/application/src/test/java/run/halo/app/notification/DefaultNotificationSenderTest.java	3:7 15:28 18:27 21:26
halo/application/src/test/java/run/halo/app/notification/DefaultNotificationTemplateRenderTest.java	3:29 38:178 50:54 57:108 71:77 89:103 90:102 111:131 134:141 143:177 156:158 161:163 165:167
halo/application/src/test/java/run/halo/app/notification/DefaultNotifierConfigStoreTest.java	3:21 30:174 39:53 56:70 73:90 93:107 110:124 127:153 141:147 148:152 156:167 170:173
halo/application/src/test/java/run/halo/app/notification/LanguageUtilsTest.java	3:8 16:47 19:37 40:46 41:43
halo/application/src/test/java/run/halo/app/notification/NotificationAutoCleanupTaskTest.java	3:28 38:146 53:55 63:69 77:130 80:83 87:93 97:107 111:118 122:129 136:145
halo/application/src/test/java/run/halo/app/notification/NotificationTriggerTest.java	3:19 28:72 40:55 58:71
halo/application/src/test/java/run/halo/app/notification/ReasonPayloadTest.java	3:9 17:45 20:44
halo/application/src/test/java/run/halo/app/notification/UserIdentityTest.java	3:5 13:20 16:19
halo/application/src/test/java/run/halo/app/notification/UserNotificationPreferenceServiceImplTest.java	3:22 31:133 40:58 42:43 48:54 61:71 66:67 74:84 79:80 87:126 90:106 109:125 114:124 129:132
halo/application/src/test/java/run/halo/app/plugin/DefaultDevelopmentPluginRepositoryTest.java	3:11 19:43 27:31 34:42
halo/application/src/test/java/run/halo/app/plugin/DefaultPluginApplicationContextFactoryTest.java	3:12 15:49 23:25 28:48
halo/application/src/test/java/run/halo/app/plugin/OptionalDependentResolverTest.java	3:11 19:101 22:27 24:26 30:35 38:45 48:60 63:73 76:83 86:93 95:100
halo/application/src/test/java/run/halo/app/plugin/PluginExtensionLoaderUtilsTest.java	3:16 18:40 21:39
halo/application/src/test/java/run/halo/app/plugin/PluginScheduledTaskHolderTest.java	3:21 24:88 30:48 34:44 45:47 51:58 61:70 72:75 77:81 83:87
halo/application/src/test/java/run/halo/app/plugin/PluginsRootGetterImplTest.java	3:12 15:29 24:28
halo/application/src/test/java/run/halo/app/plugin/SharedEventDispatcherTest.java	3:16 19:100 31:34 37:50 53:64 67:77 80:84 86:91 88:90 94:99 96:98
halo/application/src/test/java/run/halo/app/plugin/YamlPluginDescriptorFinderTest.java	3:20 28:94 36:45 48:50 53:75 61:70 71:74 78:93 81:92
halo/application/src/test/java/run/halo/app/plugin/YamlPluginFinderTest.java	3:30 38:171 44:47 50:64 52:60 61:63 67:81 69:77 78:80 84:116 87:115 119:124 127:146 128:137 140:145 149:170
halo/application/src/test/java/run/halo/app/plugin/extensionpoint/DefaultExtensionGetterTest.java	3:27 30:237 54:85 57:58 61:62 64:68 88:109 90:91 112:154 115:116 119:120 123:124 126:131 128:129 157:190 160:161 193:204 214:224 226:236
halo/application/src/test/java/run/halo/app/plugin/resources/ReverseProxyRouterFunctionRegistryTest.java	3:18 27:73 39:51 54:61 63:72
halo/application/src/test/java/run/halo/app/security/AuthProviderServiceImplTest.java	3:34 43:211 58:60 63:94 81:91 97:128 115:125 132:193 151:191 153:187 154:187 188:190 195:204 206:210
halo/application/src/test/java/run/halo/app/security/authentication/WebExchangeMatchersTest.java	3:14 16:36 19:24 26:35
halo/application/src/test/java/run/halo/app/security/authentication/emailcode/EmailCodeLoginAuthenticationConverterTest.java	3:24 33:110 46:56 59:71 64:69 74:91 77:83 94:100 103:109
halo/application/src/test/java/run/halo/app/security/authentication/emailcode/InMemoryEmailCodeServiceTest.java	3:32 41:202 58:61 67:77 80:87 90:96 102:122 125:129 132:142 145:163 153:157 166:181 186:189 191:201
halo/application/src/test/java/run/halo/app/security/authentication/login/LoginAuthenticationConverterTest.java	3:27 30:124 47:57 60:81 66:72 84:98 101:109 112:123
halo/application/src/test/java/run/halo/app/security/authentication/oauth2/MapOAuth2AuthenticationFilterTest.java	3:31 34:154 57:63 60:61 66:82 85:100 103:122 125:140 142:145 147:153
halo/application/src/test/java/run/halo/app/security/authentication/oauth2/WebSessionOAuth2BindIntentTest.java	3:13 15:54 24:28 31:44 32:38 35:38 39:42 47:53
halo/application/src/test/java/run/halo/app/security/authentication/rememberme/PersistentTokenBasedRememberMeServicesTest.java	3:36 45:495 74:88 78:85 92:102 105:114 117:457 119:126 121:123 129:138 133:135 141:152 147:149 155:167 162:164 170:187 180:182 190:206 199:201 209:230 233:272 238:245 275:306 279:286 299:301 309:327 320:322 330:353 356:389 359:366 392:427 395:402 430:456 460:472 475:486 489:494
halo/application/src/test/java/run/halo/app/security/authentication/twofactor/totp/TotpCodeAuthenticationConverterTest.java	3:30 33:169 52:66 64:65 72:76 79:88 83:86 91:97 100:105 108:114 117:124 127:146 131:137 149:158 161:168
halo/application/src/test/java/run/halo/app/security/authorization/DefaultRuleResolverTest.java	3:23 26:144 35:51 41:48 54:74 58:65 66:73 76:110 78:104 112:141 113:140
halo/application/src/test/java/run/halo/app/security/device/DeviceServiceImplTest.java	3:8 16:40 18:31 19:30 20:24 25:30 35:39
halo/application/src/test/java/run/halo/app/security/jackson2/HaloSecurityJacksonModuleTest.java	3:25 27:94 32:38 41:44 42:43 47:53 48:52 49:50 56:62 57:61 65:76 66:75 67:68 72:73 78:93
halo/application/src/test/java/run/halo/app/security/preauth/AgreementPageFetcherTest.java	3:19 22:111 33:35 38:48 51:69 61:67 72:83 80:81 86:97 99:110 104:108
halo/application/src/test/java/run/halo/app/security/preauth/EmailProfileCompletionEndpointTest.java	3:60 63:589 94:139 118:125 126:132 128:131 134:135 142:144 148:157 160:167 170:177 180:189 192:200 203:209 212:224 227:240 243:251 254:262 265:274 277:283 286:293 296:308 311:317 320:332 335:347 350:363 366:382 385:401 404:424 408:411 427:439 442:458 460:462 464:466 468:475 477:484 486:495 497:500 502:505 507:516 518:520 522:530 532:543 533:542 536:538 539:540 545:555 557:573 558:566 570:572 575:588 576:587 578:582 583:587
halo/application/src/test/java/run/halo/app/security/sudo/EmailSudoVerificationProviderTest.java	3:23 26:97 39:42 45:55 58:60 64:79 82:87 89:96
halo/application/src/test/java/run/halo/app/security/sudo/SudoModeIntegrationTest.java	3:26 30:189 39:41 45:66 46:47 70:83 87:100 104:117 121:134 138:146 149:157 159:177 180:188
halo/application/src/test/java/run/halo/app/security/sudo/SudoModeWebFilterTest.java	3:36 40:223 51:54 57:70 62:63 73:86 74:76 79:80 89:102 90:92 95:96 105:115 106:107 109:110 118:128 123:124 131:138 133:134 141:148 144:145 151:159 160:169 164:165 172:179 174:175 182:190 184:185 192:194 196:199 197:198 201:207 209:222 211:221 213:215 218:220
halo/application/src/test/java/run/halo/app/security/sudo/SudoServiceTest.java	3:41 45:270 64:72 75:90 85:88 93:108 100:102 111:124 118:120 127:141 134:136 144:150 145:147 153:156 159:166 169:179 182:193 185:187 196:207 199:201 210:228 225:226 230:240 231:237 242:245 243:244 247:253 255:257 259:269 263:265
halo/application/src/test/java/run/halo/app/security/switchuser/SwitchUserConfigurerTest.java	3:16 20:82 30:51 32:35 54:58 59:69 73:81
halo/application/src/test/java/run/halo/app/theme/dialect/CommentElementTagProcessorTest.java	3:31 42:146 59:67 70:102 80:88 93:101 104:111 108:110 113:119 115:117 121:145 127:132 128:130 134:144
halo/application/src/test/java/run/halo/app/theme/dialect/HaloPostTemplateHandlerTest.java	3:24 27:137 53:61 65:72 75:86 89:100 103:119 122:132 134:136
halo/application/src/test/java/run/halo/app/theme/dialect/InjectionExcluderProcessorTest.java	3:6 14:55 17:54 22:30 27:29 33:53 50:52
halo/application/src/test/java/run/halo/app/theme/dialect/LinkExpressionObjectDialectTest.java	3:5 13:23 18:22
halo/application/src/test/java/run/halo/app/theme/dialect/TemplateFooterElementTagProcessorTest.java	3:36 45:143 58:80 72:76 83:94 89:93 96:102 98:100 104:115 110:114 111:113 117:124 119:123 126:142 133:141
halo/application/src/test/java/run/halo/app/theme/endpoint/ThemeEndpointTest.java	3:44 53:333 86:92 95:97 100:172 103:119 122:146 149:171 175:208 211:231 234:237 240:248 251:272 254:271 275:288 291:310 313:332
halo/application/src/test/java/run/halo/app/theme/finders/impl/CategoryFinderImplTest.java	3:36 45:662 56:59 62:90 66:89 93:109 112:128 113:119 124:126 131:136 139:148 151:182 160:161 167:180 168:170 190:204 195:203 207:354 244:249 252:286 258:285 289:325 328:344 346:353 347:349 356:406 409:427 429:439 441:460 462:469 471:486 474:485 476:478 479:484 481:483 488:661
halo/application/src/test/java/run/halo/app/theme/finders/impl/CommentPublicQueryServiceIntegrationTest.java	3:40 44:634 55:64 67:124 74:76 79:94 102:123 108:110 111:115 114:115 127:272 134:140 143:149 152:164 157:162 168:178 182:194 187:192 198:214 203:212 216:254 247:253 256:271 275:354 279:285 288:294 297:308 298:299 310:343 340:342 345:353 357:596 364:377 380:386 389:400 393:398 404:415 408:413 419:434 423:432 437:451 439:443 440:442 454:492 455:461 462:483 472:482 474:482 484:491 486:487 494:503 505:540 542:579 572:578 581:595 598:633 599:632
halo/application/src/test/java/run/halo/app/theme/finders/impl/PluginFinderImplTest.java	3:19 28:88 37:53 56:87
halo/application/src/test/java/run/halo/app/theme/finders/impl/PostFinderImplTest.java	3:35 44:289 74:84 87:107 110:115 118:135 132:134 137:153 155:188 190:218 221:242 224:233 236:241 245:288 248:270 267:269 273:287
halo/application/src/test/java/run/halo/app/theme/finders/impl/SinglePageConversionServiceImplTest.java	3:19 28:83 37:55 51:53 57:64 60:63 66:73 69:72 75:82 78:81
halo/application/src/test/java/run/halo/app/theme/finders/impl/TagFinderImplTest.java	3:27 36:140 44:46 49:75 53:74 78:92 95:104 97:99 106:116 118:139
halo/application/src/test/java/run/halo/app/theme/finders/impl/ThumbnailFinderImplTest.java	3:16 25:67 34:42 45:54 57:66
halo/application/src/test/java/run/halo/app/theme/finders/vo/UserVoTest.java	3:11 19:75 22:63 41:62 66:74
halo/application/src/test/java/run/halo/app/theme/message/ThemeMessageResolverIntegrationTest.java	3:29 39:178 55:61 64:76 79:91 94:110 113:149 151:157 159:165 168:177 170:176 171:175
halo/application/src/test/java/run/halo/app/theme/router/ReactiveQueryPostPredicateResolverTest.java	3:13 22:89 27:29 32:54 36:52 58:88 62:86
halo/application/src/test/java/run/halo/app/theme/router/factories/ArchiveRouteFactoryTest.java	3:12 21:46 29:45
halo/application/src/test/java/run/halo/app/theme/router/factories/CategoriesRouteFactoryTest.java	3:12 20:37 29:36
halo/application/src/test/java/run/halo/app/theme/router/factories/PostRouteFactoryTest.java	3:33 42:108 66:71 74:107 94:105 96:104
halo/application/src/test/java/run/halo/app/theme/router/factories/RouteFactoryTestSuite.java	3:20 29:64 37:45 40:41 49:56 58:63 60:61
halo/application/src/test/java/run/halo/app/theme/service/ThemeServiceImplTest.java	3:60 63:437 83:90 93:95 97:103 105:107 109:121 123:125 127:129 131:138 132:137 141:181 144:151 154:180 167:169 172:175 184:213 187:196 191:194 199:205 208:212 216:277 232:234 235:247 249:256 257:260 267:271 268:269 280:337 295:297 298:310 312:320 321:324 331:335 332:333 340:397 366:381 368:379 386:388 400:409 412:424 427:436
halo/application/src/test/java/run/halo/app/webfilter/LocaleChangeWebFilterTest.java	3:17 19:117 24:27 30:42 31:36 37:40 45:58 46:51 52:56 61:73 62:66 67:71 76:87 77:81 82:85 91:99 92:96 101:116 102:115
