# NVIM v0.12.5, nvim-treesitter 910fdf6: 6435 folds in 29 files, 0 files left out for a syntax error
# path (project/file)	each fold as line:last hidden line, 1-based
eslint/docs/_examples/integration-tutorial-code/example-eslint-integration.test.js	8:30 13:18 14:17 21:23 24:28 25:27
eslint/lib/languages/js/source-code/token-store/backward-token-comment-cursor.js	30:37 40:60 46:54 49:54
eslint/lib/languages/js/source-code/token-store/cursors.js	27:108 33:36 48:61 76:107 87:94 96:98 99:101 102:104 114:120 116:119
eslint/lib/rules/arrow-body-style.js	18:418 19:78 24:29 31:63 32:62 33:42 35:39 36:38 43:61 45:58 46:48 49:57 51:55 52:54 67:77 80:417 95:101 108:115 111:113 122:133 123:131 124:129 140:395 143:394 146:148 150:158 160:290 166:183 168:183 173:183 175:183 176:178 185:289 189:288 192:201 196:198 207:210 211:213 215:218 219:222 228:247 229:235 232:234 237:246 238:241 242:245 253:277 260:276 261:264 266:275 267:270 271:274 283:285 292:393 298:392 302:391 304:307 311:313 318:334 319:321 322:324 327:329 331:333 337:388 341:365 342:345 347:352 348:351 355:364 356:359 360:363 368:374 369:373 370:372 375:377 379:384 380:383 385:387 397:416 398:405 401:404 406:411 407:410 412:415
eslint/lib/rules/capitalized-comments.js	27:41 29:39 30:32 33:35 36:38 42:46 61:63 71:76 72:75 86:96 87:95 90:94 103:327 104:142 107:113 117:132 119:131 120:130 122:129 124:127 136:141 144:326 171:185 172:174 175:177 179:184 192:201 193:195 197:200 209:274 211:213 218:223 226:228 231:236 239:241 244:247 249:251 256:258 266:268 269:271 281:311 285:310 291:309 295:308 302:307 317:325 318:324
eslint/lib/rules/no-dupe-class-members.js	15:116 16:31 19:24 28:30 33:115 45:57 49:54 50:53 59:114 61:63 66:68 71:73 76:113 77:82 88:90 95:104 98:104 106:112 107:111
eslint/lib/rules/no-extra-label.js	19:169 20:36 23:28 33:35 38:168 47:56 48:55 62:64 74:82 75:81 76:80 92:96 93:95 104:148 105:107 111:147 112:146 116:144 121:143 125:142 129:136 130:133 138:141 150:167
eslint/lib/rules/no-plusplus.js	18:22 34:42 37:39 49:102 50:81 53:57 54:56 59:64 66:76 67:75 69:73 70:72 78:80 83:101 86:100 87:99 88:90 92:98 95:97
eslint/lib/rules/space-infix-ops.js	15:249 16:64 17:37 22:36 23:35 27:30 31:34 40:44 48:59 49:58 51:56 52:55 61:63 66:248 80:97 81:85 89:94 106:133 107:132 111:113 114:131 120:122 126:128 141:161 150:154 156:160 157:159 169:188 170:174 175:179 181:183 185:187 196:213 202:212 203:207 209:211 215:247 223:246 224:226 233:236 240:245
eslint/tests/fixtures/code-path-analysis/assignment--if-and-2.js	7:11
eslint/tests/fixtures/code-path-analysis/try--try-catch-2.js	8:12 10:12
eslint/tests/fixtures/ignores-self/eslint.config.js	1:3
eslint/tests/fixtures/parsers/empty-program-parser.js	3:27 4:26 8:17 9:12 13:16 18:21
eslint/tests/fixtures/parsers/object-curly-newline/flow-stub-parser-singleline.js	8:587 12:21 13:16 17:20 22:25 27:288 28:47 33:42 34:37 38:41 43:46 48:67 53:62 54:57 58:61 63:66 68:87 73:82 74:77 78:81 83:86 88:107 93:102 94:97 98:101 103:106 108:127 113:122 114:117 118:121 123:126 128:147 133:142 134:137 138:141 143:146 148:167 153:162 154:157 158:161 163:166 168:187 173:182 174:177 178:181 183:186 188:207 193:202 194:197 198:201 203:206 208:227 213:222 214:217 218:221 223:226 228:247 233:242 234:237 238:241 243:246 248:267 253:262 254:257 258:261 263:266 268:287 273:282 274:277 278:281 283:286 290:586 291:585 295:304 296:299 300:303 305:308 309:330 313:323 314:317 318:321 324:327 334:562 335:561 339:348 340:343 344:347 349:352 353:496 354:424 358:367 359:362 363:366 368:371 374:395 378:388 379:382 383:386 389:392 397:418 401:411 402:405 406:409 412:415 420:422 425:495 429:438 430:433 434:437 439:442 445:466 449:459 450:453 454:457 460:463 468:489 472:482 473:476 477:480 483:486 491:493 497:559 501:510 502:505 506:509 511:514 515:557 519:528 520:523 524:527 529:532 534:555 538:548 539:542 543:546 549:552 563:583 567:576 568:571 572:575 577:580
eslint/tests/fixtures/parsers/typescript-parsers/exponentiation-with-assertion-3.js	9:321 11:155 12:154 14:142 16:116 18:67 20:36 26:35 27:30 31:34 37:53 43:52 44:47 48:51 57:66 58:61 62:65 68:103 69:85 75:84 76:79 80:83 86:102 92:101 93:96 97:100 106:115 107:110 111:114 117:130 120:129 121:124 125:128 132:141 133:136 137:140 144:153 145:148 149:152 159:310 160:174 164:173 165:168 169:172 175:189 179:188 180:183 184:187 190:204 194:203 195:198 199:202 205:219 209:218 210:213 214:217 220:234 224:233 225:228 229:232 235:249 239:248 240:243 244:247 250:264 254:263 255:258 259:262 265:279 269:278 270:273 274:277 280:294 284:293 285:288 289:292 295:309 299:308 300:303 304:307 311:320 312:315 316:319
eslint/tests/fixtures/parsers/typescript-parsers/object-with-arrow-fn-props.js	34:8935 36:3759 37:3758 39:3745 40:3744 42:56 46:55 47:50 51:54 57:3732 59:3720 60:199 62:76 66:75 67:70 71:74 77:183 82:141 84:129 85:128 87:116 89:103 93:102 94:97 98:101 106:115 107:110 111:114 118:127 119:122 123:126 131:140 132:135 136:139 145:154 146:149 150:153 155:182 157:166 158:161 162:165 168:181 171:180 172:175 176:179 189:198 190:193 194:197 200:339 202:216 206:215 207:210 211:214 217:323 222:281 224:269 225:268 227:256 229:243 233:242 234:237 238:241 246:255 247:250 251:254 258:267 259:262 263:266 271:280 272:275 276:279 285:294 286:289 290:293 295:322 297:306 298:301 302:305 308:321 311:320 312:315 316:319 329:338 330:333 334:337 340:493 342:356 346:355 347:350 351:354 357:477 362:421 364:409 365:408 367:396 369:383 373:382 374:377 378:381 386:395 387:390 391:394 398:407 399:402 403:406 411:420 412:415 416:419 425:434 426:429 430:433 435:476 437:446 438:441 442:445 448:475 450:463 453:462 454:457 458:461 465:474 466:469 470:473 483:492 484:487 488:491 494:692 496:510 500:509 501:504 505:508 511:676 515:574 516:573 520:529 521:524 525:528 530:572 532:541 533:536 537:540 543:571 545:559 549:558 550:553 554:557 561:570 562:565 566:569 575:634 577:622 578:621 580:609 582:596 586:595 587:590 591:594 599:608 600:603 604:607 611:620 612:615 616:619 624:633 625:628 629:632 638:647 639:642 643:646 648:675 650:659 651:654 655:658 661:674 664:673 665:668 669:672 682:691 683:686 687:690 693:891 695:709 699:708 700:703 704:707 710:875 714:773 715:772 719:728 720:723 724:727 729:771 731:740 732:735 736:739 742:770 744:758 748:757 749:752 753:756 760:769 761:764 765:768 774:833 776:821 777:820 779:808 781:795 785:794 786:789 790:793 798:807 799:802 803:806 810:819 811:814 815:818 823:832 824:827 828:831 837:846 838:841 842:845 847:874 849:858 850:853 854:857 860:873 863:872 864:867 868:871 881:890 882:885 886:889 892:1104 894:908 898:907 899:902 903:906 909:1088 913:972 914:971 918:927 919:922 923:926 928:970 930:939 931:934 935:938 941:969 943:957 947:956 948:951 952:955 959:968 960:963 964:967 973:1032 975:1020 976:1019 978:1007 980:994 984:993 985:988 989:992 997:1006 998:1001 1002:1005 1009:1018 1010:1013 1014:1017 1022:1031 1023:1026 1027:1030 1036:1045 1037:1040 1041:1044 1046:1087 1048:1057 1049:1052 1053:1056 1059:1086 1061:1074 1064:1073 1065:1068 1069:1072 1076:1085 1077:1080 1081:1084 1094:1103 1095:1098 1099:1102 1105:1361 1107:1121 1111:1120 1112:1115 1116:1119 1122:1345 1126:1243 1127:1184 1131:1140 1132:1135 1136:1139 1141:1183 1143:1152 1144:1147 1148:1151 1154:1182 1156:1170 1160:1169 1161:1164 1165:1168 1172:1181 1173:1176 1177:1180 1185:1242 1189:1198 1190:1193 1194:1197 1199:1241 1201:1210 1202:1205 1206:1209 1212:1240 1214:1228 1218:1227 1219:1222 1223:1226 1230:1239 1231:1234 1235:1238 1244:1303 1246:1291 1247:1290 1249:1278 1251:1265 1255:1264 1256:1259 1260:1263 1268:1277 1269:1272 1273:1276 1280:1289 1281:1284 1285:1288 1293:1302 1294:1297 1298:1301 1307:1316 1308:1311 1312:1315 1317:1344 1319:1328 1320:1323 1324:1327 1330:1343 1333:1342 1334:1337 1338:1341 1351:1360 1352:1355 1356:1359 1362:1618 1364:1378 1368:1377 1369:1372 1373:1376 1379:1602 1383:1500 1384:1441 1388:1397 1389:1392 1393:1396 1398:1440 1400:1409 1401:1404 1405:1408 1411:1439 1413:1427 1417:1426 1418:1421 1422:1425 1429:1438 1430:1433 1434:1437 1442:1499 1446:1455 1447:1450 1451:1454 1456:1498 1458:1467 1459:1462 1463:1466 1469:1497 1471:1485 1475:1484 1476:1479 1480:1483 1487:1496 1488:1491 1492:1495 1501:1560 1503:1548 1504:1547 1506:1535 1508:1522 1512:1521 1513:1516 1517:1520 1525:1534 1526:1529 1530:1533 1537:1546 1538:1541 1542:1545 1550:1559 1551:1554 1555:1558 1564:1573 1565:1568 1569:1572 1574:1601 1576:1585 1577:1580 1581:1584 1587:1600 1590:1599 1591:1594 1595:1598 1608:1617 1609:1612 1613:1616 1619:1889 1621:1635 1625:1634 1626:1629 1630:1633 1636:1873 1640:1757 1641:1698 1645:1654 1646:1649 1650:1653 1655:1697 1657:1666 1658:1661 1662:1665 1668:1696 1670:1684 1674:1683 1675:1678 1679:1682 1686:1695 1687:1690 1691:1694 1699:1756 1703:1712 1704:1707 1708:1711 1713:1755 1715:1724 1716:1719 1720:1723 1726:1754 1728:1742 1732:1741 1733:1736 1737:1740 1744:1753 1745:1748 1749:1752 1758:1817 1760:1805 1761:1804 1763:1792 1765:1779 1769:1778 1770:1773 1774:1777 1782:1791 1783:1786 1787:1790 1794:1803 1795:1798 1799:1802 1807:1816 1808:1811 1812:1815 1821:1830 1822:1825 1826:1829 1831:1872 1833:1842 1834:1837 1838:1841 1844:1871 1846:1859 1849:1858 1850:1853 1854:1857 1861:1870 1862:1865 1866:1869 1879:1888 1880:1883 1884:1887 1890:2029 1892:1906 1896:1905 1897:1900 1901:1904 1907:2013 1912:1971 1914:1959 1915:1958 1917:1946 1919:1933 1923:1932 1924:1927 1928:1931 1936:1945 1937:1940 1941:1944 1948:1957 1949:1952 1953:1956 1961:1970 1962:1965 1966:1969 1975:1984 1976:1979 1980:1983 1985:2012 1987:1996 1988:1991 1992:1995 1998:2011 2001:2010 2002:2005 2006:2009 2019:2028 2020:2023 2024:2027 2030:2169 2032:2046 2036:2045 2037:2040 2041:2044 2047:2153 2052:2111 2054:2099 2055:2098 2057:2086 2059:2073 2063:2072 2064:2067 2068:2071 2076:2085 2077:2080 2081:2084 2088:2097 2089:2092 2093:2096 2101:2110 2102:2105 2106:2109 2115:2124 2116:2119 2120:2123 2125:2152 2127:2136 2128:2131 2132:2135 2138:2151 2141:2150 2142:2145 2146:2149 2159:2168 2160:2163 2164:2167 2170:2323 2172:2186 2176:2185 2177:2180 2181:2184 2187:2307 2192:2251 2194:2239 2195:2238 2197:2226 2199:2213 2203:2212 2204:2207 2208:2211 2216:2225 2217:2220 2221:2224 2228:2237 2229:2232 2233:2236 2241:2250 2242:2245 2246:2249 2255:2264 2256:2259 2260:2263 2265:2306 2267:2276 2268:2271 2272:2275 2278:2305 2280:2293 2283:2292 2284:2287 2288:2291 2295:2304 2296:2299 2300:2303 2313:2322 2314:2317 2318:2321 2324:2522 2326:2340 2330:2339 2331:2334 2335:2338 2341:2506 2345:2404 2346:2403 2350:2359 2351:2354 2355:2358 2360:2402 2362:2371 2363:2366 2367:2370 2373:2401 2375:2389 2379:2388 2380:2383 2384:2387 2391:2400 2392:2395 2396:2399 2405:2464 2407:2452 2408:2451 2410:2439 2412:2426 2416:2425 2417:2420 2421:2424 2429:2438 2430:2433 2434:2437 2441:2450 2442:2445 2446:2449 2454:2463 2455:2458 2459:2462 2468:2477 2469:2472 2473:2476 2478:2505 2480:2489 2481:2484 2485:2488 2491:2504 2494:2503 2495:2498 2499:2502 2512:2521 2513:2516 2517:2520 2523:2721 2525:2539 2529:2538 2530:2533 2534:2537 2540:2705 2544:2603 2545:2602 2549:2558 2550:2553 2554:2557 2559:2601 2561:2570 2562:2565 2566:2569 2572:2600 2574:2588 2578:2587 2579:2582 2583:2586 2590:2599 2591:2594 2595:2598 2604:2663 2606:2651 2607:2650 2609:2638 2611:2625 2615:2624 2616:2619 2620:2623 2628:2637 2629:2632 2633:2636 2640:2649 2641:2644 2645:2648 2653:2662 2654:2657 2658:2661 2667:2676 2668:2671 2672:2675 2677:2704 2679:2688 2680:2683 2684:2687 2690:2703 2693:2702 2694:2697 2698:2701 2711:2720 2712:2715 2716:2719 2722:2934 2724:2738 2728:2737 2729:2732 2733:2736 2739:2918 2743:2802 2744:2801 2748:2757 2749:2752 2753:2756 2758:2800 2760:2769 2761:2764 2765:2768 2771:2799 2773:2787 2777:2786 2778:2781 2782:2785 2789:2798 2790:2793 2794:2797 2803:2862 2805:2850 2806:2849 2808:2837 2810:2824 2814:2823 2815:2818 2819:2822 2827:2836 2828:2831 2832:2835 2839:2848 2840:2843 2844:2847 2852:2861 2853:2856 2857:2860 2866:2875 2867:2870 2871:2874 2876:2917 2878:2887 2879:2882 2883:2886 2889:2916 2891:2904 2894:2903 2895:2898 2899:2902 2906:2915 2907:2910 2911:2914 2924:2933 2925:2928 2929:2932 2935:3191 2937:2951 2941:2950 2942:2945 2946:2949 2952:3175 2956:3073 2957:3014 2961:2970 2962:2965 2966:2969 2971:3013 2973:2982 2974:2977 2978:2981 2984:3012 2986:3000 2990:2999 2991:2994 2995:2998 3002:3011 3003:3006 3007:3010 3015:3072 3019:3028 3020:3023 3024:3027 3029:3071 3031:3040 3032:3035 3036:3039 3042:3070 3044:3058 3048:3057 3049:3052 3053:3056 3060:3069 3061:3064 3065:3068 3074:3133 3076:3121 3077:3120 3079:3108 3081:3095 3085:3094 3086:3089 3090:3093 3098:3107 3099:3102 3103:3106 3110:3119 3111:3114 3115:3118 3123:3132 3124:3127 3128:3131 3137:3146 3138:3141 3142:3145 3147:3174 3149:3158 3150:3153 3154:3157 3160:3173 3163:3172 3164:3167 3168:3171 3181:3190 3182:3185 3186:3189 3192:3448 3194:3208 3198:3207 3199:3202 3203:3206 3209:3432 3213:3330 3214:3271 3218:3227 3219:3222 3223:3226 3228:3270 3230:3239 3231:3234 3235:3238 3241:3269 3243:3257 3247:3256 3248:3251 3252:3255 3259:3268 3260:3263 3264:3267 3272:3329 3276:3285 3277:3280 3281:3284 3286:3328 3288:3297 3289:3292 3293:3296 3299:3327 3301:3315 3305:3314 3306:3309 3310:3313 3317:3326 3318:3321 3322:3325 3331:3390 3333:3378 3334:3377 3336:3365 3338:3352 3342:3351 3343:3346 3347:3350 3355:3364 3356:3359 3360:3363 3367:3376 3368:3371 3372:3375 3380:3389 3381:3384 3385:3388 3394:3403 3395:3398 3399:3402 3404:3431 3406:3415 3407:3410 3411:3414 3417:3430 3420:3429 3421:3424 3425:3428 3438:3447 3439:3442 3443:3446 3449:3719 3451:3465 3455:3464 3456:3459 3460:3463 3466:3703 3470:3587 3471:3528 3475:3484 3476:3479 3480:3483 3485:3527 3487:3496 3488:3491 3492:3495 3498:3526 3500:3514 3504:3513 3505:3508 3509:3512 3516:3525 3517:3520 3521:3524 3529:3586 3533:3542 3534:3537 3538:3541 3543:3585 3545:3554 3546:3549 3550:3553 3556:3584 3558:3572 3562:3571 3563:3566 3567:3570 3574:3583 3575:3578 3579:3582 3588:3647 3590:3635 3591:3634 3593:3622 3595:3609 3599:3608 3600:3603 3604:3607 3612:3621 3613:3616 3617:3620 3624:3633 3625:3628 3629:3632 3637:3646 3638:3641 3642:3645 3651:3660 3652:3655 3656:3659 3661:3702 3663:3672 3664:3667 3668:3671 3674:3701 3676:3689 3679:3688 3680:3683 3684:3687 3691:3700 3692:3695 3696:3699 3709:3718 3710:3713 3714:3717 3722:3731 3723:3726 3727:3730 3734:3743 3735:3738 3739:3742 3748:3757 3749:3752 3753:3756 3762:3771 3763:3766 3767:3770 3772:8933 3773:3787 3777:3786 3778:3781 3782:3785 3788:3802 3792:3801 3793:3796 3797:3800 3803:3817 3807:3816 3808:3811 3812:3815 3818:3832 3822:3831 3823:3826 3827:3830 3833:3847 3837:3846 3838:3841 3842:3845 3848:3862 3852:3861 3853:3856 3857:3860 3863:3877 3867:3876 3868:3871 3872:3875 3878:3892 3882:3891 3883:3886 3887:3890 3893:3907 3897:3906 3898:3901 3902:3905 3908:3922 3912:3921 3913:3916 3917:3920 3923:3937 3927:3936 3928:3931 3932:3935 3938:3952 3942:3951 3943:3946 3947:3950 3953:3967 3957:3966 3958:3961 3962:3965 3968:3982 3972:3981 3973:3976 3977:3980 3983:3997 3987:3996 3988:3991 3992:3995 3998:4012 4002:4011 4003:4006 4007:4010 4013:4027 4017:4026 4018:4021 4022:4025 4028:4042 4032:4041 4033:4036 4037:4040 4043:4057 4047:4056 4048:4051 4052:4055 4058:4072 4062:4071 4063:4066 4067:4070 4073:4087 4077:4086 4078:4081 4082:4085 4088:4102 4092:4101 4093:4096 4097:4100 4103:4117 4107:4116 4108:4111 4112:4115 4118:4132 4122:4131 4123:4126 4127:4130 4133:4147 4137:4146 4138:4141 4142:4145 4148:4162 4152:4161 4153:4156 4157:4160 4163:4177 4167:4176 4168:4171 4172:4175 4178:4192 4182:4191 4183:4186 4187:4190 4193:4207 4197:4206 4198:4201 4202:4205 4208:4222 4212:4221 4213:4216 4217:4220 4223:4237 4227:4236 4228:4231 4232:4235 4238:4252 4242:4251 4243:4246 4247:4250 4253:4267 4257:4266 4258:4261 4262:4265 4268:4282 4272:4281 4273:4276 4277:4280 4283:4297 4287:4296 4288:4291 4292:4295 4298:4312 4302:4311 4303:4306 4307:4310 4313:4327 4317:4326 4318:4321 4322:4325 4328:4342 4332:4341 4333:4336 4337:4340 4343:4357 4347:4356 4348:4351 4352:4355 4358:4372 4362:4371 4363:4366 4367:4370 4373:4387 4377:4386 4378:4381 4382:4385 4388:4402 4392:4401 4393:4396 4397:4400 4403:4417 4407:4416 4408:4411 4412:4415 4418:4432 4422:4431 4423:4426 4427:4430 4433:4447 4437:4446 4438:4441 4442:4445 4448:4462 4452:4461 4453:4456 4457:4460 4463:4477 4467:4476 4468:4471 4472:4475 4478:4492 4482:4491 4483:4486 4487:4490 4493:4507 4497:4506 4498:4501 4502:4505 4508:4522 4512:4521 4513:4516 4517:4520 4523:4537 4527:4536 4528:4531 4532:4535 4538:4552 4542:4551 4543:4546 4547:4550 4553:4567 4557:4566 4558:4561 4562:4565 4568:4582 4572:4581 4573:4576 4577:4580 4583:4597 4587:4596 4588:4591 4592:4595 4598:4612 4602:4611 4603:4606 4607:4610 4613:4627 4617:4626 4618:4621 4622:4625 4628:4642 4632:4641 4633:4636 4637:4640 4643:4657 4647:4656 4648:4651 4652:4655 4658:4672 4662:4671 4663:4666 4667:4670 4673:4687 4677:4686 4678:4681 4682:4685 4688:4702 4692:4701 4693:4696 4697:4700 4703:4717 4707:4716 4708:4711 4712:4715 4718:4732 4722:4731 4723:4726 4727:4730 4733:4747 4737:4746 4738:4741 4742:4745 4748:4762 4752:4761 4753:4756 4757:4760 4763:4777 4767:4776 4768:4771 4772:4775 4778:4792 4782:4791 4783:4786 4787:4790 4793:4807 4797:4806 4798:4801 4802:4805 4808:4822 4812:4821 4813:4816 4817:4820 4823:4837 4827:4836 4828:4831 4832:4835 4838:4852 4842:4851 4843:4846 4847:4850 4853:4867 4857:4866 4858:4861 4862:4865 4868:4882 4872:4881 4873:4876 4877:4880 4883:4897 4887:4896 4888:4891 4892:4895 4898:4912 4902:4911 4903:4906 4907:4910 4913:4927 4917:4926 4918:4921 4922:4925 4928:4942 4932:4941 4933:4936 4937:4940 4943:4957 4947:4956 4948:4951 4952:4955 4958:4972 4962:4971 4963:4966 4967:4970 4973:4987 4977:4986 4978:4981 4982:4985 4988:5002 4992:5001 4993:4996 4997:5000 5003:5017 5007:5016 5008:5011 5012:5015 5018:5032 5022:5031 5023:5026 5027:5030 5033:5047 5037:5046 5038:5041 5042:5045 5048:5062 5052:5061 5053:5056 5057:5060 5063:5077 5067:5076 5068:5071 5072:5075 5078:5092 5082:5091 5083:5086 5087:5090 5093:5107 5097:5106 5098:5101 5102:5105 5108:5122 5112:5121 5113:5116 5117:5120 5123:5137 5127:5136 5128:5131 5132:5135 5138:5152 5142:5151 5143:5146 5147:5150 5153:5167 5157:5166 5158:5161 5162:5165 5168:5182 5172:5181 5173:5176 5177:5180 5183:5197 5187:5196 5188:5191 5192:5195 5198:5212 5202:5211 5203:5206 5207:5210 5213:5227 5217:5226 5218:5221 5222:5225 5228:5242 5232:5241 5233:5236 5237:5240 5243:5257 5247:5256 5248:5251 5252:5255 5258:5272 5262:5271 5263:5266 5267:5270 5273:5287 5277:5286 5278:5281 5282:5285 5288:5302 5292:5301 5293:5296 5297:5300 5303:5317 5307:5316 5308:5311 5312:5315 5318:5332 5322:5331 5323:5326 5327:5330 5333:5347 5337:5346 5338:5341 5342:5345 5348:5362 5352:5361 5353:5356 5357:5360 5363:5377 5367:5376 5368:5371 5372:5375 5378:5392 5382:5391 5383:5386 5387:5390 5393:5407 5397:5406 5398:5401 5402:5405 5408:5422 5412:5421 5413:5416 5417:5420 5423:5437 5427:5436 5428:5431 5432:5435 5438:5452 5442:5451 5443:5446 5447:5450 5453:5467 5457:5466 5458:5461 5462:5465 5468:5482 5472:5481 5473:5476 5477:5480 5483:5497 5487:5496 5488:5491 5492:5495 5498:5512 5502:5511 5503:5506 5507:5510 5513:5527 5517:5526 5518:5521 5522:5525 5528:5542 5532:5541 5533:5536 5537:5540 5543:5557 5547:5556 5548:5551 5552:5555 5558:5572 5562:5571 5563:5566 5567:5570 5573:5587 5577:5586 5578:5581 5582:5585 5588:5602 5592:5601 5593:5596 5597:5600 5603:5617 5607:5616 5608:5611 5612:5615 5618:5632 5622:5631 5623:5626 5627:5630 5633:5647 5637:5646 5638:5641 5642:5645 5648:5662 5652:5661 5653:5656 5657:5660 5663:5677 5667:5676 5668:5671 5672:5675 5678:5692 5682:5691 5683:5686 5687:5690 5693:5707 5697:5706 5698:5701 5702:5705 5708:5722 5712:5721 5713:5716 5717:5720 5723:5737 5727:5736 5728:5731 5732:5735 5738:5752 5742:5751 5743:5746 5747:5750 5753:5767 5757:5766 5758:5761 5762:5765 5768:5782 5772:5781 5773:5776 5777:5780 5783:5797 5787:5796 5788:5791 5792:5795 5798:5812 5802:5811 5803:5806 5807:5810 5813:5827 5817:5826 5818:5821 5822:5825 5828:5842 5832:5841 5833:5836 5837:5840 5843:5857 5847:5856 5848:5851 5852:5855 5858:5872 5862:5871 5863:5866 5867:5870 5873:5887 5877:5886 5878:5881 5882:5885 5888:5902 5892:5901 5893:5896 5897:5900 5903:5917 5907:5916 5908:5911 5912:5915 5918:5932 5922:5931 5923:5926 5927:5930 5933:5947 5937:5946 5938:5941 5942:5945 5948:5962 5952:5961 5953:5956 5957:5960 5963:5977 5967:5976 5968:5971 5972:5975 5978:5992 5982:5991 5983:5986 5987:5990 5993:6007 5997:6006 5998:6001 6002:6005 6008:6022 6012:6021 6013:6016 6017:6020 6023:6037 6027:6036 6028:6031 6032:6035 6038:6052 6042:6051 6043:6046 6047:6050 6053:6067 6057:6066 6058:6061 6062:6065 6068:6082 6072:6081 6073:6076 6077:6080 6083:6097 6087:6096 6088:6091 6092:6095 6098:6112 6102:6111 6103:6106 6107:6110 6113:6127 6117:6126 6118:6121 6122:6125 6128:6142 6132:6141 6133:6136 6137:6140 6143:6157 6147:6156 6148:6151 6152:6155 6158:6172 6162:6171 6163:6166 6167:6170 6173:6187 6177:6186 6178:6181 6182:6185 6188:6202 6192:6201 6193:6196 6197:6200 6203:6217 6207:6216 6208:6211 6212:6215 6218:6232 6222:6231 6223:6226 6227:6230 6233:6247 6237:6246 6238:6241 6242:6245 6248:6262 6252:6261 6253:6256 6257:6260 6263:6277 6267:6276 6268:6271 6272:6275 6278:6292 6282:6291 6283:6286 6287:6290 6293:6307 6297:6306 6298:6301 6302:6305 6308:6322 6312:6321 6313:6316 6317:6320 6323:6337 6327:6336 6328:6331 6332:6335 6338:6352 6342:6351 6343:6346 6347:6350 6353:6367 6357:6366 6358:6361 6362:6365 6368:6382 6372:6381 6373:6376 6377:6380 6383:6397 6387:6396 6388:6391 6392:6395 6398:6412 6402:6411 6403:6406 6407:6410 6413:6427 6417:6426 6418:6421 6422:6425 6428:6442 6432:6441 6433:6436 6437:6440 6443:6457 6447:6456 6448:6451 6452:6455 6458:6472 6462:6471 6463:6466 6467:6470 6473:6487 6477:6486 6478:6481 6482:6485 6488:6502 6492:6501 6493:6496 6497:6500 6503:6517 6507:6516 6508:6511 6512:6515 6518:6532 6522:6531 6523:6526 6527:6530 6533:6547 6537:6546 6538:6541 6542:6545 6548:6562 6552:6561 6553:6556 6557:6560 6563:6577 6567:6576 6568:6571 6572:6575 6578:6592 6582:6591 6583:6586 6587:6590 6593:6607 6597:6606 6598:6601 6602:6605 6608:6622 6612:6621 6613:6616 6617:6620 6623:6637 6627:6636 6628:6631 6632:6635 6638:6652 6642:6651 6643:6646 6647:6650 6653:6667 6657:6666 6658:6661 6662:6665 6668:6682 6672:6681 6673:6676 6677:6680 6683:6697 6687:6696 6688:6691 6692:6695 6698:6712 6702:6711 6703:6706 6707:6710 6713:6727 6717:6726 6718:6721 6722:6725 6728:6742 6732:6741 6733:6736 6737:6740 6743:6757 6747:6756 6748:6751 6752:6755 6758:6772 6762:6771 6763:6766 6767:6770 6773:6787 6777:6786 6778:6781 6782:6785 6788:6802 6792:6801 6793:6796 6797:6800 6803:6817 6807:6816 6808:6811 6812:6815 6818:6832 6822:6831 6823:6826 6827:6830 6833:6847 6837:6846 6838:6841 6842:6845 6848:6862 6852:6861 6853:6856 6857:6860 6863:6877 6867:6876 6868:6871 6872:6875 6878:6892 6882:6891 6883:6886 6887:6890 6893:6907 6897:6906 6898:6901 6902:6905 6908:6922 6912:6921 6913:6916 6917:6920 6923:6937 6927:6936 6928:6931 6932:6935 6938:6952 6942:6951 6943:6946 6947:6950 6953:6967 6957:6966 6958:6961 6962:6965 6968:6982 6972:6981 6973:6976 6977:6980 6983:6997 6987:6996 6988:6991 6992:6995 6998:7012 7002:7011 7003:7006 7007:7010 7013:7027 7017:7026 7018:7021 7022:7025 7028:7042 7032:7041 7033:7036 7037:7040 7043:7057 7047:7056 7048:7051 7052:7055 7058:7072 7062:7071 7063:7066 7067:7070 7073:7087 7077:7086 7078:7081 7082:7085 7088:7102 7092:7101 7093:7096 7097:7100 7103:7117 7107:7116 7108:7111 7112:7115 7118:7132 7122:7131 7123:7126 7127:7130 7133:7147 7137:7146 7138:7141 7142:7145 7148:7162 7152:7161 7153:7156 7157:7160 7163:7177 7167:7176 7168:7171 7172:7175 7178:7192 7182:7191 7183:7186 7187:7190 7193:7207 7197:7206 7198:7201 7202:7205 7208:7222 7212:7221 7213:7216 7217:7220 7223:7237 7227:7236 7228:7231 7232:7235 7238:7252 7242:7251 7243:7246 7247:7250 7253:7267 7257:7266 7258:7261 7262:7265 7268:7282 7272:7281 7273:7276 7277:7280 7283:7297 7287:7296 7288:7291 7292:7295 7298:7312 7302:7311 7303:7306 7307:7310 7313:7327 7317:7326 7318:7321 7322:7325 7328:7342 7332:7341 7333:7336 7337:7340 7343:7357 7347:7356 7348:7351 7352:7355 7358:7372 7362:7371 7363:7366 7367:7370 7373:7387 7377:7386 7378:7381 7382:7385 7388:7402 7392:7401 7393:7396 7397:7400 7403:7417 7407:7416 7408:7411 7412:7415 7418:7432 7422:7431 7423:7426 7427:7430 7433:7447 7437:7446 7438:7441 7442:7445 7448:7462 7452:7461 7453:7456 7457:7460 7463:7477 7467:7476 7468:7471 7472:7475 7478:7492 7482:7491 7483:7486 7487:7490 7493:7507 7497:7506 7498:7501 7502:7505 7508:7522 7512:7521 7513:7516 7517:7520 7523:7537 7527:7536 7528:7531 7532:7535 7538:7552 7542:7551 7543:7546 7547:7550 7553:7567 7557:7566 7558:7561 7562:7565 7568:7582 7572:7581 7573:7576 7577:7580 7583:7597 7587:7596 7588:7591 7592:7595 7598:7612 7602:7611 7603:7606 7607:7610 7613:7627 7617:7626 7618:7621 7622:7625 7628:7642 7632:7641 7633:7636 7637:7640 7643:7657 7647:7656 7648:7651 7652:7655 7658:7672 7662:7671 7663:7666 7667:7670 7673:7687 7677:7686 7678:7681 7682:7685 7688:7702 7692:7701 7693:7696 7697:7700 7703:7717 7707:7716 7708:7711 7712:7715 7718:7732 7722:7731 7723:7726 7727:7730 7733:7747 7737:7746 7738:7741 7742:7745 7748:7762 7752:7761 7753:7756 7757:7760 7763:7777 7767:7776 7768:7771 7772:7775 7778:7792 7782:7791 7783:7786 7787:7790 7793:7807 7797:7806 7798:7801 7802:7805 7808:7822 7812:7821 7813:7816 7817:7820 7823:7837 7827:7836 7828:7831 7832:7835 7838:7852 7842:7851 7843:7846 7847:7850 7853:7867 7857:7866 7858:7861 7862:7865 7868:7882 7872:7881 7873:7876 7877:7880 7883:7897 7887:7896 7888:7891 7892:7895 7898:7912 7902:7911 7903:7906 7907:7910 7913:7927 7917:7926 7918:7921 7922:7925 7928:7942 7932:7941 7933:7936 7937:7940 7943:7957 7947:7956 7948:7951 7952:7955 7958:7972 7962:7971 7963:7966 7967:7970 7973:7987 7977:7986 7978:7981 7982:7985 7988:8002 7992:8001 7993:7996 7997:8000 8003:8017 8007:8016 8008:8011 8012:8015 8018:8032 8022:8031 8023:8026 8027:8030 8033:8047 8037:8046 8038:8041 8042:8045 8048:8062 8052:8061 8053:8056 8057:8060 8063:8077 8067:8076 8068:8071 8072:8075 8078:8092 8082:8091 8083:8086 8087:8090 8093:8107 8097:8106 8098:8101 8102:8105 8108:8122 8112:8121 8113:8116 8117:8120 8123:8137 8127:8136 8128:8131 8132:8135 8138:8152 8142:8151 8143:8146 8147:8150 8153:8167 8157:8166 8158:8161 8162:8165 8168:8182 8172:8181 8173:8176 8177:8180 8183:8197 8187:8196 8188:8191 8192:8195 8198:8212 8202:8211 8203:8206 8207:8210 8213:8227 8217:8226 8218:8221 8222:8225 8228:8242 8232:8241 8233:8236 8237:8240 8243:8257 8247:8256 8248:8251 8252:8255 8258:8272 8262:8271 8263:8266 8267:8270 8273:8287 8277:8286 8278:8281 8282:8285 8288:8302 8292:8301 8293:8296 8297:8300 8303:8317 8307:8316 8308:8311 8312:8315 8318:8332 8322:8331 8323:8326 8327:8330 8333:8347 8337:8346 8338:8341 8342:8345 8348:8362 8352:8361 8353:8356 8357:8360 8363:8377 8367:8376 8368:8371 8372:8375 8378:8392 8382:8391 8383:8386 8387:8390 8393:8407 8397:8406 8398:8401 8402:8405 8408:8422 8412:8421 8413:8416 8417:8420 8423:8437 8427:8436 8428:8431 8432:8435 8438:8452 8442:8451 8443:8446 8447:8450 8453:8467 8457:8466 8458:8461 8462:8465 8468:8482 8472:8481 8473:8476 8477:8480 8483:8497 8487:8496 8488:8491 8492:8495 8498:8512 8502:8511 8503:8506 8507:8510 8513:8527 8517:8526 8518:8521 8522:8525 8528:8542 8532:8541 8533:8536 8537:8540 8543:8557 8547:8556 8548:8551 8552:8555 8558:8572 8562:8571 8563:8566 8567:8570 8573:8587 8577:8586 8578:8581 8582:8585 8588:8602 8592:8601 8593:8596 8597:8600 8603:8617 8607:8616 8608:8611 8612:8615 8618:8632 8622:8631 8623:8626 8627:8630 8633:8647 8637:8646 8638:8641 8642:8645 8648:8662 8652:8661 8653:8656 8657:8660 8663:8677 8667:8676 8668:8671 8672:8675 8678:8692 8682:8691 8683:8686 8687:8690 8693:8707 8697:8706 8698:8701 8702:8705 8708:8722 8712:8721 8713:8716 8717:8720 8723:8737 8727:8736 8728:8731 8732:8735 8738:8752 8742:8751 8743:8746 8747:8750 8753:8767 8757:8766 8758:8761 8762:8765 8768:8782 8772:8781 8773:8776 8777:8780 8783:8797 8787:8796 8788:8791 8792:8795 8798:8812 8802:8811 8803:8806 8807:8810 8813:8827 8817:8826 8818:8821 8822:8825 8828:8842 8832:8841 8833:8836 8837:8840 8843:8857 8847:8856 8848:8851 8852:8855 8858:8872 8862:8871 8863:8866 8867:8870 8873:8887 8877:8886 8878:8881 8882:8885 8888:8902 8892:8901 8893:8896 8897:8900 8903:8917 8907:8916 8908:8911 8912:8915 8918:8932 8922:8931 8923:8926 8927:8930
eslint/tests/fixtures/plugins/node_modules/eslint-plugin-with-rules.js	1:14 2:13 3:12 4:11 5:8
eslint/tests/fixtures/testers/rule-tester/no-eval.js	12:29 13:19 16:18 20:28 21:27 22:26 23:25
eslint/tests/fixtures/ts-config-files/ts/jiti-interopDefault/plugin/index.js	1:9 2:8 3:7 4:6
eslint/tests/lib/linter/linter.js	48:50 56:11787 69:71 73:76 78:84 79:83 80:82 86:158 87:95 88:94 89:92 97:114 98:105 99:103 107:113 108:111 116:133 117:124 118:122 126:132 127:130 135:143 136:142 138:141 145:150 146:149 152:157 153:156 160:1666 161:1503 162:366 163:187 164:172 165:168 169:171 175:179 180:184 189:213 190:198 191:194 195:197 201:205 206:210 215:232 216:223 217:219 220:222 226:230 234:248 235:239 236:238 242:246 250:276 251:273 252:268 253:267 254:266 255:265 256:264 257:263 258:262 269:271 278:284 286:309 287:306 288:304 289:303 290:302 291:301 292:300 293:299 294:298 311:337 312:334 313:329 314:328 315:327 316:326 317:325 318:324 319:323 330:332 339:365 340:362 341:357 342:356 343:355 344:354 345:353 346:352 347:351 358:360 368:555 369:392 370:389 371:387 372:386 373:385 374:384 375:383 376:382 377:381 394:421 395:414 396:412 397:411 398:410 399:409 400:408 401:407 402:406 416:420 423:440 424:429 425:428 431:435 436:439 442:457 443:448 444:447 451:455 459:479 460:465 461:464 468:472 473:476 481:496 482:487 483:486 490:494 498:521 499:506 500:502 503:505 509:513 514:518 523:541 524:532 525:528 529:531 535:539 543:554 544:549 545:548 557:1123 558:585 559:572 560:571 561:570 563:569 564:568 565:567 574:578 575:577 587:616 588:613 589:606 590:605 591:604 592:603 595:601 596:600 597:599 607:609 610:612 618:630 619:623 620:622 632:666 633:657 634:650 635:649 636:648 637:647 638:646 639:645 640:644 651:653 654:656 668:712 669:693 670:686 671:685 672:684 673:683 674:682 675:681 676:680 687:689 690:692 702:706 714:746 716:718 720:726 721:724 728:742 729:735 730:734 731:733 736:738 739:741 748:1122 751:765 754:758 755:757 762:764 767:785 770:777 771:776 773:775 787:802 789:793 790:792 804:819 806:810 807:809 821:853 824:844 825:837 826:836 827:835 828:834 829:833 830:832 838:840 841:843 855:876 856:864 858:862 859:861 870:873 878:899 879:887 881:885 882:884 893:896 901:1022 907:955 910:950 911:941 912:940 913:939 914:920 915:919 916:918 921:929 922:928 930:938 931:937 932:936 933:935 942:944 945:949 957:966 958:965 968:980 969:979 973:978 982:1013 984:1001 985:997 986:996 987:995 988:994 989:993 990:992 998:1000 1005:1012 1015:1021 1016:1020 1024:1096 1028:1057 1029:1052 1030:1045 1031:1044 1032:1043 1033:1042 1034:1041 1035:1040 1037:1039 1046:1048 1049:1051 1059:1065 1061:1064 1067:1095 1069:1089 1070:1085 1071:1084 1072:1083 1073:1082 1074:1081 1075:1080 1077:1079 1086:1088 1098:1121 1099:1100 1103:1113 1105:1111 1106:1110 1107:1109 1115:1120 1116:1119 1125:1502 1126:1161 1127:1131 1128:1130 1133:1158 1134:1151 1135:1150 1136:1149 1137:1148 1140:1146 1141:1145 1142:1144 1152:1154 1155:1157 1163:1201 1164:1198 1165:1186 1166:1185 1167:1184 1168:1183 1171:1181 1172:1180 1173:1179 1174:1178 1175:1177 1187:1194 1189:1193 1190:1192 1195:1197 1203:1226 1204:1216 1206:1214 1207:1213 1208:1212 1209:1211 1220:1223 1228:1246 1229:1241 1231:1239 1232:1238 1233:1237 1234:1236 1248:1266 1249:1261 1251:1259 1252:1258 1253:1257 1254:1256 1268:1282 1276:1279 1284:1303 1286:1298 1288:1296 1289:1295 1290:1294 1291:1293 1305:1325 1307:1320 1309:1318 1310:1317 1312:1316 1313:1315 1327:1347 1329:1338 1331:1336 1332:1335 1343:1346 1349:1369 1351:1360 1353:1358 1354:1357 1365:1368 1371:1391 1373:1382 1375:1380 1376:1379 1387:1390 1393:1410 1395:1407 1397:1405 1398:1404 1401:1403 1412:1441 1413:1418 1415:1417 1420:1440 1422:1431 1424:1429 1425:1428 1436:1439 1443:1467 1444:1449 1446:1448 1451:1466 1454:1463 1456:1461 1457:1460 1469:1501 1470:1475 1472:1474 1477:1500 1479:1491 1481:1489 1482:1488 1485:1487 1496:1499 1505:1579 1508:1541 1509:1532 1510:1525 1511:1524 1512:1523 1513:1522 1514:1521 1515:1520 1516:1519 1526:1528 1529:1531 1543:1578 1544:1571 1545:1566 1546:1565 1547:1564 1548:1563 1549:1562 1550:1561 1551:1560 1552:1554 1556:1559 1568:1570 1581:1665 1584:1597 1599:1613 1615:1628 1630:1644 1646:1655 1652:1654 1657:1664 1668:9766 1669:1691 1671:1677 1672:1676 1693:1713 1695:1701 1696:1700 1706:1712 1716:1834 1717:1725 1718:1724 1719:1723 1720:1722 1728:1757 1729:1739 1730:1738 1731:1737 1732:1736 1740:1744 1741:1743 1745:1750 1747:1749 1751:1756 1753:1755 1759:1762 1768:1774 1778:1784 1786:1790 1792:1799 1801:1805 1807:1814 1825:1829 1837:1963 1838:1846 1839:1845 1840:1844 1841:1843 1849:1878 1850:1860 1851:1859 1852:1858 1853:1857 1861:1865 1862:1864 1866:1871 1868:1870 1872:1877 1874:1876 1880:1883 1889:1895 1899:1905 1907:1911 1913:1920 1922:1926 1928:1935 1937:1941 1945:1949 1954:1958 1965:1981 1966:1969 1977:1980 1983:1999 1984:1987 1995:1998 2001:2021 2002:2020 2005:2013 2006:2012 2007:2011 2008:2010 2016:2019 2023:2426 2026:2049 2027:2044 2028:2042 2029:2041 2030:2040 2031:2039 2032:2038 2033:2037 2034:2036 2046:2048 2051:2082 2057:2059 2061:2070 2062:2069 2063:2065 2066:2068 2071:2077 2073:2076 2079:2081 2084:2106 2085:2087 2088:2101 2089:2099 2090:2098 2091:2097 2092:2096 2093:2095 2103:2105 2108:2125 2109:2120 2110:2118 2111:2117 2112:2116 2113:2115 2122:2124 2127:2153 2128:2148 2129:2146 2130:2145 2131:2144 2132:2143 2133:2142 2134:2141 2135:2137 2150:2152 2155:2175 2157:2170 2158:2168 2159:2167 2160:2166 2161:2165 2162:2164 2177:2199 2179:2195 2180:2190 2181:2189 2182:2188 2183:2187 2184:2186 2191:2194 2201:2235 2202:2220 2206:2209 2210:2213 2214:2217 2222:2231 2223:2229 2224:2228 2225:2227 2237:2280 2245:2267 2246:2265 2247:2264 2248:2263 2249:2262 2250:2261 2251:2260 2282:2312 2288:2294 2289:2293 2290:2292 2296:2305 2297:2303 2298:2302 2299:2301 2307:2311 2314:2341 2315:2323 2316:2322 2317:2321 2318:2320 2325:2334 2326:2332 2327:2331 2328:2330 2336:2340 2343:2370 2344:2364 2345:2360 2346:2359 2347:2358 2348:2357 2349:2356 2350:2352 2353:2355 2361:2363 2366:2369 2372:2400 2373:2390 2374:2389 2375:2388 2376:2387 2377:2386 2378:2385 2379:2381 2382:2384 2392:2399 2393:2397 2394:2397 2402:2425 2403:2418 2404:2416 2405:2415 2406:2414 2407:2413 2408:2412 2409:2411 2420:2424 2428:2618 2429:2491 2432:2460 2433:2453 2434:2449 2435:2448 2436:2447 2437:2446 2438:2445 2439:2444 2440:2443 2450:2452 2462:2490 2463:2483 2464:2479 2465:2478 2466:2477 2467:2476 2468:2475 2469:2474 2470:2473 2480:2482 2493:2525 2496:2524 2497:2517 2498:2513 2499:2512 2500:2511 2501:2510 2502:2509 2503:2508 2504:2507 2514:2516 2527:2617 2531:2561 2533:2536 2538:2557 2539:2555 2540:2554 2541:2553 2542:2552 2543:2551 2544:2549 2545:2548 2563:2589 2566:2585 2567:2583 2568:2582 2569:2581 2570:2580 2571:2579 2572:2577 2573:2576 2591:2616 2593:2612 2594:2610 2595:2609 2596:2608 2597:2607 2598:2606 2599:2604 2600:2603 2620:2689 2621:2642 2623:2628 2625:2627 2634:2638 2644:2666 2646:2653 2647:2652 2649:2651 2658:2662 2668:2688 2670:2675 2672:2674 2680:2684 2691:2731 2694:2704 2706:2730 2707:2713 2715:2726 2716:2722 2717:2721 2718:2720 2723:2725 2733:3032 2734:2826 2735:2756 2736:2739 2741:2752 2742:2748 2743:2747 2744:2746 2749:2751 2758:2779 2759:2762 2764:2775 2765:2771 2766:2770 2767:2769 2772:2774 2781:2802 2782:2785 2787:2798 2788:2794 2789:2793 2790:2792 2795:2797 2804:2825 2805:2808 2810:2821 2811:2817 2812:2816 2813:2815 2818:2820 2828:2903 2829:2852 2830:2833 2835:2848 2836:2844 2837:2843 2838:2842 2839:2841 2845:2847 2854:2877 2855:2858 2860:2873 2861:2869 2862:2868 2863:2867 2864:2866 2870:2872 2879:2902 2880:2883 2885:2898 2886:2894 2887:2893 2888:2892 2889:2891 2895:2897 2905:3031 2906:2917 2908:2910 2912:2914 2919:2930 2921:2923 2925:2927 2932:2945 2933:2935 2936:2938 2940:2942 2947:2958 2949:2951 2953:2955 2960:2975 2961:2964 2965:2967 2969:2972 2977:2992 2978:2981 2982:2984 2986:2989 2994:3009 2995:2998 2999:3001 3003:3006 3011:3030 3012:3015 3016:3018 3020:3023 3026:3029 3034:9324 3035:3558 3036:3280 3044:3092 3051:3084 3052:3082 3053:3081 3054:3080 3055:3079 3056:3078 3057:3075 3059:3061 3062:3065 3067:3070 3071:3074 3086:3088 3094:3237 3103:3233 3104:3225 3105:3224 3106:3223 3107:3222 3108:3221 3109:3218 3111:3113 3114:3117 3118:3121 3122:3125 3126:3129 3130:3133 3134:3137 3139:3142 3144:3147 3149:3152 3154:3157 3158:3161 3162:3165 3166:3169 3170:3173 3174:3177 3178:3181 3182:3185 3186:3189 3190:3193 3194:3197 3198:3201 3202:3205 3206:3209 3210:3213 3214:3217 3227:3232 3228:3231 3240:3266 3241:3245 3246:3250 3251:3255 3256:3260 3261:3265 3268:3279 3269:3273 3274:3278 3282:3349 3285:3348 3287:3344 3288:3342 3289:3341 3290:3340 3291:3339 3292:3338 3293:3335 3295:3297 3298:3301 3302:3305 3306:3309 3311:3314 3315:3318 3319:3322 3323:3326 3327:3330 3331:3334 3351:3387 3354:3386 3357:3382 3358:3380 3359:3379 3360:3378 3361:3377 3362:3376 3363:3373 3365:3367 3369:3372 3389:3440 3392:3439 3395:3435 3396:3433 3397:3432 3398:3431 3399:3430 3400:3429 3401:3426 3403:3405 3407:3410 3411:3414 3415:3421 3416:3419 3422:3425 3442:3523 3445:3519 3446:3517 3447:3516 3448:3515 3449:3514 3450:3513 3451:3512 3453:3455 3461:3464 3466:3469 3471:3474 3475:3479 3481:3484 3486:3489 3490:3494 3496:3499 3501:3504 3505:3509 3525:3557 3526:3529 3532:3554 3533:3543 3544:3553 3560:3969 3561:3566 3568:3604 3571:3600 3572:3595 3573:3594 3574:3593 3575:3592 3576:3591 3577:3588 3579:3581 3582:3585 3596:3598 3606:3642 3609:3638 3610:3633 3611:3632 3612:3631 3613:3630 3614:3629 3615:3626 3617:3619 3620:3623 3634:3636 3644:3685 3647:3681 3648:3676 3649:3675 3650:3674 3651:3673 3652:3672 3653:3669 3655:3657 3659:3668 3660:3667 3661:3666 3662:3665 3677:3679 3687:3728 3690:3724 3691:3719 3692:3718 3693:3717 3694:3716 3695:3715 3696:3712 3698:3700 3702:3711 3703:3710 3704:3709 3705:3708 3720:3722 3730:3770 3734:3766 3735:3761 3736:3760 3737:3759 3738:3758 3739:3757 3740:3754 3742:3744 3745:3748 3750:3753 3762:3764 3772:3808 3775:3804 3776:3799 3777:3798 3778:3797 3779:3796 3780:3795 3781:3792 3783:3785 3786:3789 3800:3802 3810:3850 3814:3846 3815:3841 3816:3840 3817:3839 3818:3838 3819:3837 3820:3834 3822:3824 3825:3828 3830:3833 3842:3844 3852:3889 3855:3885 3856:3879 3857:3878 3858:3877 3859:3876 3860:3875 3861:3872 3863:3865 3866:3869 3880:3883 3891:3927 3894:3923 3895:3918 3896:3917 3897:3916 3898:3915 3899:3914 3900:3911 3902:3904 3905:3908 3919:3921 3929:3968 3932:3964 3933:3959 3934:3958 3935:3957 3936:3956 3937:3955 3938:3952 3940:3942 3943:3946 3949:3951 3960:3962 3971:5574 3972:4553 3973:3997 3981:3985 3987:3990 3992:3996 3999:4020 4000:4005 4001:4003 4022:4048 4023:4033 4024:4026 4027:4032 4028:4031 4050:4073 4051:4058 4052:4057 4053:4056 4075:4096 4076:4081 4077:4079 4098:4552 4099:4172 4100:4171 4101:4122 4102:4109 4103:4107 4104:4106 4110:4121 4113:4120 4114:4119 4115:4118 4123:4145 4124:4130 4125:4129 4126:4128 4131:4144 4136:4143 4137:4142 4138:4141 4146:4170 4147:4157 4148:4156 4150:4154 4151:4153 4158:4169 4161:4168 4162:4167 4163:4166 4174:4180 4181:4293 4182:4190 4183:4185 4186:4189 4192:4228 4206:4209 4211:4214 4215:4218 4220:4223 4224:4227 4230:4266 4244:4247 4249:4252 4253:4256 4258:4261 4262:4265 4268:4292 4276:4279 4282:4285 4288:4291 4295:4317 4297:4304 4298:4300 4301:4303 4312:4315 4319:4344 4321:4328 4322:4324 4325:4327 4334:4337 4339:4342 4346:4463 4347:4462 4348:4355 4349:4351 4352:4354 4356:4361 4358:4360 4363:4393 4366:4369 4380:4383 4385:4388 4389:4392 4395:4435 4398:4401 4412:4415 4417:4420 4422:4425 4427:4430 4431:4434 4437:4461 4440:4443 4448:4451 4453:4456 4457:4460 4465:4467 4468:4510 4469:4509 4471:4478 4472:4474 4475:4477 4479:4484 4481:4483 4491:4494 4496:4499 4500:4503 4505:4508 4512:4551 4515:4526 4516:4518 4519:4525 4521:4524 4532:4535 4537:4540 4541:4544 4546:4549 4555:4660 4556:4577 4557:4559 4563:4574 4564:4573 4579:4600 4580:4582 4586:4597 4587:4596 4602:4623 4603:4605 4609:4620 4610:4619 4625:4659 4626:4630 4637:4640 4647:4656 4662:4758 4663:4675 4665:4669 4677:4734 4682:4686 4687:4690 4696:4700 4701:4704 4710:4714 4715:4718 4724:4728 4729:4732 4736:4747 4737:4741 4749:4757 4750:4752 4754:4756 4760:4781 4764:4780 4773:4776 4783:4805 4787:4804 4788:4790 4798:4801 4807:4969 4810:4834 4811:4833 4812:4832 4813:4831 4814:4830 4815:4829 4816:4828 4817:4827 4818:4826 4822:4825 4836:4847 4849:4863 4852:4855 4865:4902 4868:4892 4869:4887 4870:4886 4871:4885 4872:4884 4873:4883 4874:4882 4875:4881 4876:4879 4888:4890 4904:4947 4907:4930 4908:4926 4909:4925 4910:4924 4911:4923 4912:4922 4913:4921 4914:4920 4915:4918 4927:4929 4939:4942 4943:4946 4949:4968 4950:4953 4971:5163 4974:5012 4975:5011 4976:5010 4977:5009 4978:5008 4979:5007 4980:4990 4981:4989 4982:4988 4983:4987 4991:5006 4996:5005 4997:5004 5000:5003 5014:5044 5022:5042 5023:5032 5033:5041 5046:5086 5054:5084 5055:5064 5065:5074 5075:5083 5088:5121 5092:5095 5099:5119 5100:5109 5110:5118 5123:5141 5132:5135 5136:5139 5143:5162 5152:5155 5156:5159 5165:5299 5166:5193 5167:5172 5181:5184 5188:5191 5195:5209 5196:5200 5211:5231 5212:5217 5233:5255 5234:5242 5244:5247 5257:5277 5258:5262 5273:5276 5279:5298 5280:5283 5294:5297 5301:5323 5305:5322 5306:5308 5316:5319 5325:5355 5329:5354 5330:5337 5331:5336 5332:5335 5344:5347 5348:5351 5357:5387 5361:5386 5362:5369 5363:5368 5364:5367 5376:5379 5380:5383 5389:5507 5390:5427 5408:5411 5421:5424 5429:5466 5447:5450 5460:5463 5468:5506 5487:5490 5500:5503 5509:5532 5515:5531 5521:5524 5525:5528 5534:5573 5542:5572 5550:5553 5554:5557 5560:5563 5564:5567 5576:5980 5577:5598 5578:5582 5583:5585 5594:5597 5600:5616 5601:5605 5606:5609 5618:5652 5619:5627 5628:5630 5642:5645 5647:5650 5654:5684 5655:5661 5662:5665 5674:5677 5679:5682 5686:5723 5687:5695 5696:5698 5708:5711 5713:5716 5718:5721 5725:5773 5726:5743 5744:5747 5763:5766 5768:5771 5775:5824 5776:5791 5792:5795 5809:5812 5814:5817 5819:5822 5826:5875 5827:5842 5843:5846 5860:5863 5865:5868 5870:5873 5877:5905 5878:5883 5884:5887 5895:5898 5900:5903 5907:5937 5908:5916 5917:5919 5929:5932 5933:5936 5939:5979 5940:5949 5950:5952 5964:5967 5969:5972 5974:5977 5982:6258 5983:6008 5984:5987 5988:5993 5989:5992 6003:6006 6010:6041 6011:6015 6016:6021 6017:6020 6031:6034 6036:6039 6043:6062 6044:6048 6049:6053 6050:6052 6064:6102 6065:6068 6069:6073 6070:6072 6078:6099 6079:6088 6089:6098 6104:6120 6105:6108 6109:6113 6110:6112 6122:6139 6123:6126 6127:6132 6128:6131 6141:6160 6142:6145 6146:6153 6147:6152 6162:6181 6163:6166 6167:6174 6168:6173 6183:6207 6184:6186 6187:6192 6188:6191 6199:6202 6203:6206 6209:6224 6210:6216 6226:6257 6227:6231 6232:6237 6233:6236 6247:6250 6252:6255 6260:6752 6261:6284 6262:6266 6267:6272 6268:6271 6280:6283 6286:6309 6287:6291 6292:6297 6293:6296 6305:6308 6310:6330 6311:6314 6315:6319 6316:6318 6326:6329 6332:6350 6333:6336 6337:6342 6338:6340 6352:6373 6353:6357 6358:6362 6359:6361 6369:6372 6376:6399 6384:6388 6385:6387 6395:6398 6401:6422 6402:6406 6407:6413 6408:6411 6424:6443 6425:6430 6431:6437 6432:6435 6445:6473 6446:6450 6451:6457 6452:6456 6465:6468 6469:6472 6475:6506 6476:6483 6484:6490 6485:6489 6498:6501 6502:6505 6508:6533 6509:6512 6513:6518 6514:6517 6525:6528 6529:6532 6535:6562 6536:6541 6542:6547 6543:6546 6554:6557 6558:6561 6564:6589 6565:6569 6570:6576 6571:6575 6585:6588 6591:6616 6592:6597 6598:6603 6599:6602 6612:6615 6618:6648 6619:6623 6624:6631 6625:6630 6639:6642 6643:6646 6650:6675 6651:6656 6657:6662 6658:6661 6671:6674 6677:6698 6678:6683 6684:6689 6685:6688 6700:6720 6701:6705 6706:6711 6707:6710 6722:6751 6723:6729 6730:6735 6731:6734 6743:6746 6747:6750 6754:7275 6755:6786 6758:6767 6759:6766 6760:6765 6761:6764 6769:6775 6788:6820 6789:6801 6795:6800 6796:6798 6805:6817 6806:6816 6822:6867 6823:6835 6829:6834 6830:6832 6839:6864 6840:6863 6850:6862 6851:6861 6852:6854 6856:6859 6869:6918 6870:6882 6876:6881 6877:6880 6886:6898 6887:6897 6900:6917 6901:6916 6910:6915 6911:6914 6920:6968 6921:6935 6928:6934 6929:6932 6939:6950 6940:6949 6952:6967 6953:6966 6963:6965 6970:7019 6971:6983 6976:6982 6977:6980 6987:6999 6988:6998 7001:7018 7002:7017 7011:7016 7012:7015 7021:7070 7022:7034 7027:7033 7028:7031 7038:7050 7039:7049 7052:7069 7053:7068 7062:7067 7063:7066 7072:7123 7073:7087 7080:7086 7081:7084 7091:7103 7092:7102 7105:7122 7106:7121 7115:7120 7116:7119 7125:7176 7126:7140 7133:7139 7134:7137 7144:7156 7145:7155 7158:7175 7159:7174 7168:7173 7169:7172 7178:7206 7180:7188 7181:7187 7182:7186 7183:7185 7190:7196 7208:7239 7211:7220 7212:7219 7213:7218 7214:7217 7222:7228 7241:7274 7244:7253 7245:7252 7246:7251 7247:7250 7255:7263 7277:7530 7278:7419 7279:7300 7280:7282 7283:7287 7284:7286 7289:7292 7302:7349 7305:7343 7306:7339 7307:7338 7308:7337 7309:7336 7310:7335 7311:7334 7313:7315 7321:7324 7326:7329 7340:7342 7345:7347 7351:7373 7352:7355 7356:7360 7357:7359 7362:7365 7375:7395 7376:7379 7380:7384 7381:7383 7386:7389 7397:7418 7398:7400 7401:7405 7402:7404 7407:7410 7421:7501 7422:7431 7433:7455 7434:7441 7436:7440 7437:7439 7449:7452 7458:7461 7463:7482 7464:7468 7465:7467 7476:7479 7485:7500 7486:7494 7488:7492 7489:7491 7503:7529 7504:7528 7505:7507 7508:7512 7509:7511 7514:7517 7524:7527 7532:7695 7533:7578 7534:7537 7538:7545 7539:7541 7542:7544 7547:7550 7554:7575 7555:7564 7565:7574 7580:7615 7581:7584 7585:7592 7586:7588 7589:7591 7594:7597 7601:7612 7602:7611 7617:7652 7618:7621 7622:7629 7623:7625 7626:7628 7631:7634 7638:7649 7639:7648 7654:7694 7655:7658 7659:7666 7660:7662 7663:7665 7668:7671 7676:7693 7677:7692 7686:7691 7687:7690 7697:9287 7698:7722 7699:7703 7706:7719 7707:7718 7713:7716 7724:7748 7725:7729 7732:7745 7733:7744 7739:7742 7750:7774 7751:7755 7758:7771 7759:7770 7765:7768 7776:7800 7777:7781 7778:7780 7784:7797 7785:7796 7791:7794 7802:7813 7803:7807 7804:7806 7815:7826 7816:7820 7817:7819 7828:7852 7829:7833 7830:7832 7836:7849 7837:7848 7843:7846 7854:7864 7855:7863 7856:7861 7857:7861 7858:7860 7866:7876 7867:7875 7868:7873 7869:7873 7870:7872 7878:7917 7881:7889 7882:7884 7885:7888 7891:7894 7897:7910 7898:7909 7904:7907 7913:7916 7919:7941 7920:7940 7921:7925 7922:7924 7926:7939 7927:7938 7933:7936 7943:7965 7944:7964 7945:7949 7946:7948 7950:7963 7951:7962 7957:7960 7967:7999 7970:7978 7971:7973 7974:7977 7980:7983 7985:7998 7986:7997 7992:7995 8001:8038 8009:8017 8010:8012 8013:8016 8019:8022 8024:8037 8025:8036 8031:8034 8040:8064 8041:8045 8048:8061 8049:8060 8055:8058 8066:8090 8067:8071 8074:8087 8075:8086 8081:8084 8092:8124 8093:8097 8098:8102 8099:8101 8103:8105 8108:8121 8109:8120 8115:8118 8126:8169 8127:8134 8135:8139 8136:8138 8140:8142 8145:8158 8146:8157 8152:8155 8161:8164 8165:8168 8171:8195 8172:8177 8178:8182 8179:8181 8183:8185 8191:8194 8197:8221 8198:8203 8204:8208 8205:8207 8209:8211 8217:8220 8223:8247 8224:8229 8230:8234 8231:8233 8235:8237 8243:8246 8249:8280 8250:8257 8258:8263 8259:8262 8264:8266 8272:8275 8276:8279 8282:8314 8283:8290 8291:8296 8292:8295 8297:8299 8306:8309 8310:8313 8316:8349 8317:8325 8326:8331 8327:8330 8332:8334 8341:8344 8345:8348 8351:8375 8352:8356 8359:8372 8360:8371 8366:8369 8377:8397 8381:8394 8382:8393 8388:8391 8399:8424 8402:8409 8403:8405 8406:8408 8411:8414 8420:8423 8426:9286 8427:8444 8428:8443 8429:8442 8430:8435 8431:8434 8436:8441 8437:8440 8446:8450 8447:8449 8453:8456 8459:8482 8460:8464 8461:8463 8465:8467 8468:8481 8469:8474 8470:8473 8475:8480 8476:8479 8484:8499 8485:8498 8486:8491 8487:8490 8492:8497 8493:8496 8501:9246 8506:8509 8510:8513 8514:8517 8518:8521 8522:8525 8526:8529 8530:8533 8534:8537 8538:8541 8548:8551 8552:8555 8556:8559 8560:8563 8564:8567 8568:8571 8572:8575 8576:8579 8580:8583 8584:8587 8588:8591 8592:8595 8596:8599 8600:8603 8604:8607 8608:8611 8612:8615 8616:8619 8620:8623 8626:8629 8630:8633 8634:8637 8638:8641 8642:8645 8646:8649 8650:8653 8654:8657 8658:8661 8662:8665 8666:8669 8670:8673 8674:8677 8678:8681 8682:8685 8686:8689 8690:8693 8696:8699 8700:8703 8704:8707 8708:8711 8712:8715 8716:8719 8720:8723 8724:8727 8728:8731 8732:8735 8736:8739 8742:8745 8746:8749 8750:8753 8754:8757 8758:8761 8762:8765 8766:8769 8770:8773 8774:8777 8778:8781 8782:8785 8786:8789 8790:8793 8794:8797 8798:8801 8802:8805 8806:8809 8810:8813 8814:8817 8818:8821 8822:8825 8826:8829 8830:8833 8834:8837 8840:8843 8844:8847 8848:8851 8852:8855 8856:8859 8860:8863 8864:8867 8868:8871 8872:8875 8876:8879 8880:8883 8884:8887 8888:8891 8892:8895 8896:8899 8900:8903 8904:8907 8908:8911 8912:8915 8918:8921 8922:8925 8926:8929 8930:8933 8934:8937 8938:8941 8942:8945 8946:8949 8950:8953 8956:8959 8960:8963 8964:8967 8968:8971 8972:8975 8976:8989 8990:9005 9006:9021 9022:9037 9038:9053 9054:9069 9070:9089 9090:9107 9108:9127 9128:9147 9148:9167 9168:9187 9188:9207 9208:9231 9234:9237 9238:9241 9242:9245 9248:9285 9250:9255 9251:9254 9258:9273 9259:9265 9261:9264 9266:9272 9268:9271 9275:9283 9276:9282 9277:9280 9289:9323 9290:9313 9315:9322 9326:9421 9329:9374 9331:9370 9332:9362 9333:9361 9334:9360 9335:9359 9336:9358 9337:9355 9339:9341 9343:9346 9347:9350 9351:9354 9363:9366 9367:9369 9376:9420 9378:9416 9379:9409 9380:9408 9381:9407 9382:9406 9383:9405 9384:9402 9386:9388 9390:9393 9394:9397 9398:9401 9410:9412 9413:9415 9423:9646 9424:9487 9425:9464 9426:9460 9427:9459 9428:9458 9429:9457 9431:9456 9432:9455 9433:9454 9436:9453 9437:9444 9439:9443 9440:9443 9445:9452 9447:9451 9448:9451 9461:9463 9469:9484 9470:9476 9472:9475 9477:9483 9479:9482 9489:9564 9490:9539 9491:9535 9492:9534 9493:9533 9494:9532 9495:9503 9496:9501 9504:9531 9505:9530 9506:9529 9509:9528 9510:9518 9513:9517 9514:9517 9519:9527 9522:9526 9523:9526 9536:9538 9544:9561 9545:9552 9548:9551 9553:9560 9556:9559 9566:9603 9567:9598 9568:9594 9569:9593 9570:9592 9571:9591 9573:9590 9574:9589 9575:9588 9578:9587 9579:9586 9581:9585 9582:9585 9595:9597 9600:9602 9605:9645 9606:9640 9607:9636 9608:9635 9609:9634 9610:9633 9611:9614 9615:9632 9616:9631 9617:9630 9620:9629 9621:9628 9623:9627 9624:9627 9637:9639 9642:9644 9648:9697 9649:9684 9652:9665 9667:9683 9668:9673 9686:9696 9689:9695 9690:9694 9691:9693 9699:9718 9701:9703 9720:9765 9721:9743 9723:9731 9725:9730 9732:9734 9738:9741 9745:9764 9747:9756 9749:9754 9768:9790 9771:9779 9781:9789 9792:9838 9793:9797 9799:9815 9802:9804 9812:9814 9817:9837 9818:9823 9824:9826 9834:9836 9840:9849 9841:9848 9851:10407 9852:9872 9853:9861 9855:9859 9856:9858 9864:9868 9874:9889 9875:9879 9876:9878 9882:9886 9891:9908 9892:9897 9893:9896 9902:9905 9910:9924 9911:9919 9913:9917 9914:9916 9926:9968 9927:9958 9928:9954 9929:9953 9930:9952 9931:9951 9932:9934 9935:9950 9936:9949 9937:9948 9938:9947 9942:9946 9943:9946 9955:9957 9970:10002 9971:9997 9972:9993 9973:9992 9974:9991 9975:9990 9976:9979 9980:9989 9981:9988 9982:9987 9994:9996 9999:10001 10004:10032 10005:10027 10006:10023 10007:10022 10008:10021 10009:10020 10010:10019 10011:10018 10012:10017 10024:10026 10029:10031 10034:10062 10035:10057 10036:10053 10037:10052 10038:10051 10039:10050 10040:10049 10041:10048 10042:10047 10054:10056 10059:10061 10064:10168 10065:10167 10066:10091 10067:10070 10072:10085 10073:10081 10074:10080 10075:10079 10076:10078 10082:10084 10087:10089 10093:10116 10094:10097 10099:10112 10100:10108 10101:10107 10102:10106 10103:10105 10109:10111 10118:10141 10119:10122 10124:10137 10125:10133 10126:10132 10127:10131 10128:10130 10134:10136 10143:10166 10144:10147 10149:10162 10150:10158 10151:10157 10152:10156 10153:10155 10159:10161 10170:10406 10171:10286 10172:10244 10173:10239 10174:10238 10175:10237 10176:10206 10177:10179 10180:10205 10181:10204 10182:10203 10190:10202 10191:10201 10195:10200 10196:10199 10207:10236 10208:10210 10211:10235 10212:10234 10213:10233 10221:10232 10222:10231 10226:10230 10227:10229 10240:10243 10247:10249 10251:10255 10256:10260 10261:10265 10266:10269 10272:10277 10273:10275 10281:10285 10288:10405 10289:10361 10290:10356 10291:10355 10292:10354 10293:10323 10294:10296 10297:10322 10298:10321 10299:10320 10307:10319 10308:10318 10312:10317 10313:10316 10324:10353 10325:10327 10328:10352 10329:10351 10330:10350 10338:10349 10339:10348 10343:10347 10344:10346 10357:10360 10364:10368 10370:10374 10375:10379 10380:10384 10385:10388 10391:10396 10392:10394 10400:10404 10409:10506 10410:10472 10411:10463 10412:10459 10413:10458 10414:10457 10415:10456 10416:10443 10417:10423 10418:10422 10424:10442 10425:10441 10427:10439 10428:10431 10432:10434 10435:10438 10444:10455 10445:10454 10446:10453 10447:10452 10448:10450 10460:10462 10467:10471 10474:10505 10475:10501 10476:10497 10477:10496 10478:10495 10479:10494 10480:10483 10484:10493 10485:10492 10486:10491 10487:10490 10498:10500 10508:11193 10511:10538 10512:10537 10513:10536 10514:10535 10515:10534 10517:10533 10518:10532 10519:10531 10520:10522 10523:10525 10527:10530 10540:10543 10545:10840 10546:10565 10555:10559 10560:10564 10567:10592 10569:10584 10571:10583 10572:10579 10573:10576 10580:10582 10587:10591 10594:10633 10597:10615 10599:10611 10600:10607 10601:10604 10608:10610 10612:10614 10617:10622 10619:10621 10624:10629 10625:10628 10635:10661 10637:10640 10644:10651 10648:10650 10655:10658 10663:10711 10665:10668 10672:10682 10676:10681 10677:10680 10686:10689 10695:10697 10698:10700 10701:10703 10707:10710 10713:10727 10729:10743 10745:10775 10747:10752 10748:10751 10758:10761 10765:10774 10766:10773 10778:10839 10779:10807 10781:10803 10782:10795 10784:10794 10785:10790 10786:10789 10791:10793 10797:10802 10799:10801 10804:10806 10811:10814 10820:10823 10824:10827 10828:10831 10835:10838 10842:11192 10843:10862 10851:10855 10858:10861 10864:10912 10866:10869 10873:10898 10880:10897 10881:10882 10884:10896 10885:10894 10886:10894 10887:10892 10888:10892 10902:10905 10906:10909 10914:10991 10916:10953 10918:10951 10919:10950 10920:10949 10921:10948 10922:10947 10923:10925 10926:10946 10927:10945 10928:10944 10929:10943 10933:10942 10937:10941 10938:10941 10957:10983 10963:10982 10964:10981 10965:10979 10966:10979 10967:10977 10968:10977 10969:10976 10971:10975 10972:10974 10994:11191 10995:11137 10996:11126 10997:11125 10998:11074 10999:11073 11000:11072 11003:11071 11004:11015 11009:11014 11010:11013 11017:11068 11026:11065 11027:11064 11028:11060 11029:11059 11032:11038 11039:11046 11047:11058 11050:11057 11051:11056 11076:11124 11077:11123 11078:11122 11079:11088 11081:11087 11089:11121 11090:11120 11091:11119 11094:11118 11095:11117 11099:11116 11100:11107 11103:11106 11108:11115 11111:11114 11127:11130 11131:11136 11133:11135 11139:11143 11145:11190 11146:11167 11155:11166 11156:11160 11161:11165 11168:11189 11177:11188 11178:11182 11183:11187 11195:11425 11196:11242 11197:11202 11198:11201 11204:11215 11209:11213 11217:11228 11222:11226 11230:11241 11235:11239 11245:11270 11246:11248 11253:11255 11257:11259 11263:11267 11264:11266 11272:11274 11276:11280 11277:11279 11282:11286 11283:11285 11288:11298 11289:11291 11300:11315 11301:11308 11302:11307 11304:11306 11310:11313 11317:11363 11321:11349 11322:11342 11323:11341 11324:11340 11325:11331 11326:11330 11327:11329 11333:11339 11334:11338 11335:11337 11343:11348 11345:11347 11351:11354 11355:11358 11365:11370 11372:11393 11373:11376 11378:11389 11379:11385 11380:11384 11381:11383 11386:11388 11395:11424 11396:11423 11397:11420 11398:11416 11399:11415 11400:11414 11401:11413 11402:11412 11403:11411 11404:11410 11405:11409 11417:11419 11427:11786 11428:11453 11429:11438 11431:11433 11435:11437 11440:11452 11441:11443 11455:11742 11461:11472 11462:11471 11463:11466 11467:11470 11474:11518 11475:11513 11476:11512 11477:11497 11478:11496 11482:11495 11485:11489 11486:11488 11498:11511 11499:11510 11500:11509 11501:11508 11502:11507 11503:11506 11515:11517 11520:11536 11521:11524 11538:11558 11539:11542 11560:11580 11561:11564 11582:11602 11583:11586 11604:11624 11605:11608 11626:11720 11627:11647 11628:11645 11652:11655 11660:11663 11668:11671 11681:11684 11694:11697 11707:11710 11722:11741 11723:11726 11733:11736 11744:11785 11745:11753 11746:11749 11750:11752 11755:11763 11756:11761 11757:11760 11765:11784 11766:11769 11774:11777 11778:11781
eslint/tests/lib/rules/default-case-last.js	24:34 25:27 29:31 42:127 43:67 69:126 70:73 74:77 78:81 82:85 86:89 90:93 94:97 98:101 102:105 106:109 110:113 114:117 118:121 122:125
eslint/tests/lib/rules/func-names.js	21:982 22:286 24:27 32:35 36:39 40:43 44:47 48:52 53:57 58:61 62:65 66:69 70:74 75:79 80:84 85:89 90:93 94:97 98:101 102:105 106:109 110:113 114:118 119:123 126:130 131:135 136:140 141:145 148:152 153:157 158:162 163:167 168:172 173:177 178:182 183:187 188:192 193:197 198:202 203:207 209:213 214:218 219:223 224:228 229:233 234:238 239:243 244:248 249:253 254:258 259:263 264:268 271:275 276:280 281:285 287:981 288:299 290:298 291:297 300:311 302:310 303:309 312:323 314:322 315:321 324:335 326:334 327:333 336:347 338:346 339:345 348:359 350:358 351:357 360:372 363:371 364:370 373:385 376:384 377:383 386:398 389:397 390:396 399:411 402:410 403:409 412:424 415:423 416:422 425:438 429:437 430:436 439:452 443:451 444:450 453:466 457:465 458:464 467:480 471:479 472:478 481:494 485:493 486:492 495:507 498:506 499:505 508:520 511:519 512:518 521:533 524:532 525:531 536:548 540:547 541:546 549:561 553:560 554:559 562:574 566:573 567:572 577:590 581:589 582:588 591:604 595:603 596:602 605:618 609:617 610:616 619:632 623:631 624:630 633:646 637:645 638:644 647:660 651:659 652:658 661:674 665:673 666:672 675:688 679:687 680:686 689:702 693:701 694:700 703:716 707:715 708:714 717:730 721:729 722:728 731:744 735:743 736:742 745:758 749:757 750:756 759:772 763:771 764:770 773:786 777:785 778:784 787:800 791:799 792:798 801:814 805:813 806:812 815:828 819:827 820:826 829:842 833:841 834:840 843:856 847:855 848:854 858:871 862:870 863:869 872:885 876:884 877:883 886:899 890:898 891:897 900:913 904:912 905:911 916:928 920:927 921:926 929:941 933:940 934:939 942:954 946:953 947:952 955:967 959:966 960:965 968:980 972:979 973:978
eslint/tests/lib/rules/newline-per-chained-call.js	21:490 22:51 35:42 37:41 38:40 43:50 45:49 46:48 52:489 53:74 56:73 57:64 65:72 75:88 78:87 79:86 89:102 92:101 93:100 103:116 106:115 107:114 117:130 120:129 121:128 131:152 134:151 135:142 143:150 153:166 156:165 157:164 167:193 170:174 171:173 175:192 176:183 184:191 194:273 195:223 224:254 255:272 256:263 264:271 274:305 275:279 280:286 287:304 288:295 296:303 306:320 310:319 311:318 321:335 325:334 326:333 336:350 340:349 341:348 351:365 355:364 356:363 366:380 370:379 371:378 381:403 385:402 386:393 394:401 404:426 408:425 409:416 417:424 429:438 434:437 439:448 444:447 449:458 454:457 459:468 464:467 469:478 474:477 479:488 484:487
eslint/tests/lib/rules/no-array-constructor.js	26:28 30:34 31:33 36:799 37:57 49:56 51:55 52:54 58:798 59:67 62:66 63:65 68:76 71:75 72:74 77:85 80:84 81:83 86:94 89:93 90:92 95:108 97:107 98:106 100:105 101:104 109:127 122:126 123:125 128:141 130:140 131:139 133:138 134:137 142:155 144:154 145:153 147:152 148:151 156:169 158:168 159:167 161:166 162:165 170:183 172:182 173:181 175:180 176:179 184:192 187:191 188:190 193:201 196:200 197:199 202:210 205:209 206:208 212:291 214:219 220:225 226:231 232:237 238:243 244:249 250:255 256:261 262:267 268:273 274:282 279:281 283:291 288:290 292:303 294:297 298:302 299:301 305:494 308:313 314:319 320:325 332:337 341:344 347:352 353:358 359:364 365:372 373:380 381:387 388:393 394:401 402:409 410:415 416:421 422:429 430:436 437:443 444:450 451:457 458:464 465:471 472:482 483:488 489:494 495:506 497:500 501:505 502:504 507:515 510:514 511:513 516:524 519:523 520:522 525:538 527:537 528:536 530:535 531:534 539:552 541:551 542:550 544:549 545:548 553:561 556:560 557:559 562:570 565:569 566:568 571:579 574:578 575:577 580:588 583:587 584:586 589:597 592:596 593:595 598:611 600:610 601:609 603:608 604:607 612:625 614:624 615:623 617:622 618:621 626:634 629:633 630:632 635:643 638:642 639:641 644:657 646:656 647:655 649:654 650:653 658:676 659:662 663:675 664:674 666:673 667:672 669:671 677:695 678:681 682:694 683:693 685:692 686:691 688:690 696:713 697:700 701:712 702:711 704:710 705:709 707:708 714:727 716:726 717:725 719:724 720:723 728:741 730:740 731:739 733:738 734:737 742:755 744:754 745:753 747:752 748:751 756:769 758:768 759:767 761:766 762:765 770:783 772:782 773:781 775:780 776:779 784:797 786:796 787:795 789:794 790:793 801:805 802:804 807:1017 808:834 836:1016 837:845 840:844 841:843 846:854 849:853 850:852 855:863 858:862 859:861 864:872 867:871 868:870 873:881 876:880 877:879 882:890 885:889 886:888 891:904 893:903 894:902 896:901 897:900 905:918 907:917 908:916 910:915 911:914 919:932 921:931 922:930 924:929 925:928 933:946 935:945 936:944 938:943 939:942 949:966 967:971 972:991 987:990 992:1015 1011:1014
eslint/tests/lib/rules/no-floating-decimal.js	20:22 23:25 27:62 29:61 30:34 35:39 40:44 45:49 50:54 55:60
eslint/tests/lib/rules/one-var-declaration-per-line.js	26:32 27:31 40:235 41:106 45:49 59:63 64:68 70:74 75:79 80:84 85:89 90:94 96:100 101:105 108:234 109:122 113:121 114:120 123:128 129:135 136:141 142:147 148:153 154:160 161:167 169:182 173:181 174:180 183:188 189:194 195:200 201:206 207:212 214:219 220:226 227:233
eslint/tests/lib/rules/require-yield.js	21:107 22:32 33:106 34:45 36:44 37:43 46:57 48:56 49:55 58:69 60:68 61:67 70:81 72:80 73:79 82:93 84:92 85:91 94:105 96:104 97:103
eslint/tests/lib/rules/rest-spread-spacing.js	21:868 22:104 40:43 44:47 48:51 52:55 56:59 60:64 65:69 70:74 75:79 80:83 84:88 89:93 94:98 99:103 106:867 107:120 110:119 111:118 121:134 124:133 125:132 135:148 138:147 139:146 149:162 152:161 153:160 163:176 166:175 167:174 177:190 180:189 181:188 191:204 194:203 195:202 205:219 209:218 210:217 220:234 224:233 225:232 235:249 239:248 240:247 250:264 254:263 255:262 265:278 268:277 269:276 279:292 282:291 283:290 293:307 297:306 298:305 308:322 312:321 313:320 323:336 326:335 327:334 337:350 340:349 341:348 351:364 354:363 355:362 365:379 369:378 370:377 380:394 384:393 385:392 395:409 399:408 400:407 410:424 414:423 415:422 425:438 428:437 429:436 439:452 442:451 443:450 453:467 457:466 458:465 468:482 472:481 473:480 483:496 486:495 487:494 497:510 500:509 501:508 511:524 514:523 515:522 525:539 529:538 530:537 540:554 544:553 545:552 555:569 559:568 560:567 570:584 574:583 575:582 585:599 589:598 590:597 600:614 604:613 605:612 615:629 619:628 620:627 630:645 635:644 636:643 646:661 651:660 652:659 662:677 667:676 668:675 678:693 683:692 684:691 694:709 699:708 700:707 710:725 715:724 716:723 726:741 731:740 732:739 742:757 747:756 748:755 758:772 762:771 763:770 773:787 777:786 778:785 788:802 792:801 793:800 803:818 808:817 809:816 819:834 824:833 825:832 835:850 840:849 841:848 851:866 856:865 857:864
eslint/tools/internal-rules/index.js	6:20 7:19 11:13 14:18 15:17
