# NVIM v0.12.5, nvim-treesitter 910fdf6: 7197 folds in 87 files, 0 files left out for a syntax error
# path (project/file)	each fold as line:last hidden line, 1-based
ripgrep/build.rs	1:4 12:32 17:19 36:61 41:60 42:53 43:44 45:51 46:49 54:59 55:58
ripgrep/crates/cli/src/decompress.rs	1:11 15:20 25:32 34:38 35:37 40:143 42:44 50:69 51:52 53:55 58:64 59:61 65:67 76:79 96:109 106:109 125:142 135:142 138:139 147:154 156:160 157:159 162:194 167:171 168:169 179:187 180:185 191:193 198:201 203:283 205:207 221:244 224:244 226:228 231:243 233:242 234:240 251:257 254:257 260:262 276:282 279:282 332:334 336:389 352:356 354:356 361:364 383:388 384:387 391:398 392:397 393:396 420:427 422:427 423:425 448:488 450:488 453:456 459:461 462:468 464:467 469:485 470:472 474:476 477:484 478:483 480:482 490:532 500:517 501:507 503:506 508:516 511:512
ripgrep/crates/cli/src/escape.rs	1:3 26:28 33:35 67:69 77:79 82:159 85:87 90:93 96:99 102:106 109:112 115:118 121:124 127:131 134:138 141:145 148:152 155:158
ripgrep/crates/cli/src/lib.rs	134:150 170:250 174:216 175:178 181:191 183:190 184:188 193:203 195:202 196:200 209:214 219:241 221:231 223:230 224:228 235:239 244:247 260:263 279:282 292:295
ripgrep/crates/cli/src/process.rs	1:4 11:13 16:19 21:39 23:25 28:30 33:38 34:37 43:63 44:62 45:61 47:60 49:50 51:59 53:58 65:69 66:68 71:80 72:79 73:78 75:77 84:86 88:136 90:92 104:118 107:118 108:109 112:113 114:116 132:135 171:178 180:244 195:199 197:199 218:243 222:225 227:228 229:242 238:240 246:252 247:251 248:250 254:268 255:267 256:259 261:263 264:266 273:276 278:308 280:284 281:282 287:289 295:307 296:306 297:302 298:299 303:305 310:316 312:315
ripgrep/crates/cli/src/wtr.rs	1:3 23:29 24:25 26:28 39:44 41:44 54:59 56:59 62:65 67:87 69:76 72:75 79:86 82:85 89:149 91:98 94:97 101:108 104:107 111:118 114:117 121:128 124:127 131:138 134:137 141:148 144:147
ripgrep/crates/core/flags/complete/bash.rs	7:43 45:50 52:57 63:107 65:79 69:73 74:78 83:100 84:86 87:89 92:95 96:99 102:103
ripgrep/crates/core/flags/complete/fish.rs	13:75 17:73 18:21 24:25 29:55 30:32 33:35 36:40 37:39 41:45 46:50 51:53 60:72 61:64 65:71 66:67
ripgrep/crates/core/flags/complete/powershell.rs	7:35 43:85 45:83 50:52 54:59 55:56 61:71 65:70 66:67 73:82 76:81 77:78
ripgrep/crates/core/flags/complete/zsh.rs	21:32 22:23 24:26 29:30
ripgrep/crates/core/flags/defs.rs	20:32 35:37 44:156 158:229 167:228 169:228 170:172 173:175 176:178 179:181 182:184 185:187 188:190 191:193 194:196 197:199 200:202 203:205 206:208 209:211 212:214 215:217 218:220 221:223 224:226 235:267 236:238 239:241 242:244 245:247 248:250 251:253 254:261 263:266 271:315 272:276 310:314 321:376 322:324 325:327 328:330 331:333 334:336 337:365 367:375 368:369 370:372 380:414 387:389 388:389 392:394 393:394 403:404 407:408 411:412 420:452 421:423 424:426 427:429 430:432 433:435 436:438 439:446 448:451 456:500 457:461 495:499 506:566 507:509 510:512 513:515 516:518 519:521 522:556 558:565 559:560 561:563 570:591 597:634 598:600 601:603 604:606 607:609 610:612 613:624 626:633 627:628 629:631 638:651 645:646 657:692 658:660 661:663 664:666 667:669 670:672 673:675 676:686 688:691 696:711 717:751 718:720 721:723 724:726 727:729 730:732 733:744 746:750 755:764 770:851 771:773 774:776 777:779 780:782 783:785 786:836 837:839 841:850 842:848 855:887 874:875 878:879 893:975 894:896 897:899 900:902 903:905 906:908 909:967 969:974 979:1018 986:991 993:999 1004:1009 1011:1017 1024:1055 1025:1027 1028:1030 1031:1033 1034:1036 1037:1039 1040:1049 1051:1054 1059:1071 1077:1112 1078:1080 1081:1083 1084:1086 1087:1089 1090:1092 1093:1095 1096:1106 1108:1111 1116:1211 1117:1121 1155:1159 1217:1261 1218:1220 1221:1223 1224:1226 1227:1229 1230:1232 1233:1235 1236:1247 1249:1260 1252:1258 1253:1255 1265:1320 1266:1268 1281:1285 1289:1293 1311:1319 1314:1317 1326:1376 1327:1329 1330:1332 1333:1335 1336:1338 1339:1341 1342:1369 1371:1375 1380:1395 1401:1439 1402:1404 1405:1407 1408:1410 1411:1413 1414:1416 1417:1432 1434:1438 1443:1455 1461:1502 1462:1464 1465:1467 1468:1470 1471:1473 1474:1476 1477:1493 1495:1501 1497:1499 1506:1529 1535:1566 1536:1538 1539:1541 1542:1544 1545:1547 1548:1559 1561:1565 1570:1579 1585:1619 1586:1588 1589:1591 1592:1594 1595:1597 1598:1600 1601:1612 1614:1618 1623:1655 1628:1639 1635:1637 1636:1637 1661:1726 1662:1664 1665:1667 1668:1670 1671:1673 1674:1676 1677:1679 1680:1682 1683:1702 1703:1705 1707:1725 1708:1717 1710:1712 1713:1716 1719:1723 1730:1764 1770:1823 1771:1773 1774:1776 1777:1779 1780:1782 1783:1785 1786:1807 1808:1810 1812:1822 1815:1820 1827:1856 1837:1838 1841:1842 1845:1846 1849:1850 1853:1854 1862:1895 1863:1865 1866:1868 1869:1871 1872:1874 1875:1877 1878:1887 1889:1894 1899:1964 1906:1909 1912:1915 1917:1922 1924:1927 1933:1936 1943:1946 1955:1963 1958:1961 1970:2003 1971:1973 1974:1976 1977:1979 1980:1982 1983:1985 1986:1995 1997:2002 2007:2060 2019:2024 2039:2042 2051:2059 2054:2057 2066:2110 2067:2069 2070:2072 2073:2075 2076:2078 2079:2081 2082:2084 2085:2100 2101:2103 2105:2109 2114:2204 2131:2134 2137:2140 2143:2146 2149:2152 2155:2161 2169:2203 2170:2173 2178:2181 2185:2188 2210:2237 2211:2213 2214:2216 2217:2219 2220:2222 2223:2230 2232:2236 2241:2247 2253:2290 2254:2256 2257:2259 2260:2262 2263:2265 2266:2268 2269:2283 2285:2289 2294:2303 2309:2338 2310:2312 2313:2315 2316:2318 2319:2321 2322:2328 2330:2337 2331:2334 2342:2358 2349:2351 2350:2351 2354:2356 2355:2356 2364:2395 2365:2367 2368:2370 2371:2373 2374:2376 2377:2379 2380:2382 2383:2389 2391:2394 2399:2414 2420:2453 2421:2423 2424:2426 2427:2429 2430:2432 2433:2435 2436:2438 2439:2447 2449:2452 2457:2472 2478:2541 2479:2481 2482:2484 2485:2487 2488:2490 2491:2493 2494:2518 2519:2527 2520:2526 2529:2540 2530:2537 2545:2577 2564:2566 2565:2566 2574:2575 2583:2636 2584:2586 2587:2589 2590:2592 2593:2595 2596:2598 2599:2601 2602:2629 2631:2635 2640:2667 2673:2700 2674:2676 2677:2679 2680:2682 2683:2685 2686:2688 2689:2694 2696:2699 2704:2724 2711:2714 2718:2721 2730:2764 2731:2733 2734:2736 2737:2739 2740:2742 2743:2745 2746:2758 2760:2763 2768:2783 2789:2824 2790:2792 2793:2795 2796:2798 2799:2801 2802:2804 2805:2815 2817:2823 2828:2843 2849:2891 2850:2852 2853:2855 2856:2858 2859:2861 2862:2864 2865:2867 2868:2885 2887:2890 2895:2910 2916:2958 2917:2919 2920:2922 2923:2925 2926:2928 2929:2931 2932:2947 2948:2950 2952:2957 2962:2971 2977:3125 2978:2980 2981:2983 2984:2986 2987:2989 2990:2992 2993:3103 2994:3101 2996:3006 3009:3011 3012:3017 3018:3099 3105:3116 3106:3112 3108:3110 3118:3124 3129:3164 3130:3132 3146:3150 3154:3156 3155:3156 3157:3160 3170:3202 3171:3173 3174:3176 3177:3179 3180:3182 3183:3185 3186:3195 3197:3201 3206:3221 3227:3263 3228:3230 3231:3233 3234:3236 3237:3239 3240:3242 3243:3256 3258:3262 3267:3282 3288:3328 3289:3291 3292:3294 3295:3297 3298:3300 3301:3303 3304:3318 3319:3321 3323:3327 3332:3345 3339:3340 3341:3344 3351:3379 3352:3354 3355:3357 3358:3360 3361:3363 3364:3366 3367:3373 3375:3378 3383:3403 3390:3393 3397:3400 3409:3438 3410:3412 3413:3415 3416:3418 3419:3421 3422:3424 3425:3432 3434:3437 3442:3451 3457:3521 3458:3460 3461:3463 3464:3466 3467:3469 3470:3472 3473:3509 3511:3520 3515:3518 3525:3550 3526:3529 3556:3625 3557:3559 3560:3562 3563:3565 3566:3568 3569:3617 3619:3624 3629:3647 3630:3633 3653:3679 3654:3656 3657:3659 3660:3662 3663:3665 3666:3671 3673:3678 3683:3694 3684:3687 3700:3731 3701:3703 3704:3706 3707:3709 3710:3712 3713:3715 3716:3721 3722:3724 3726:3730 3735:3749 3736:3739 3755:3791 3756:3758 3759:3761 3762:3764 3765:3767 3768:3770 3771:3773 3774:3785 3787:3790 3795:3807 3813:3889 3814:3816 3817:3819 3820:3822 3823:3825 3826:3828 3829:3877 3879:3888 3880:3881 3882:3886 3893:3908 3914:3955 3915:3917 3918:3920 3921:3923 3924:3926 3927:3929 3930:3945 3947:3954 3948:3949 3950:3952 3959:3972 3966:3967 3978:4009 3979:3981 3982:3984 3985:3987 3988:3990 3991:3993 3994:4002 4004:4008 4013:4025 4031:4065 4032:4034 4035:4037 4038:4040 4041:4043 4044:4046 4047:4055 4057:4064 4058:4061 4069:4081 4087:4119 4088:4090 4091:4093 4094:4096 4097:4099 4100:4102 4103:4112 4114:4118 4123:4132 4138:4171 4139:4141 4142:4144 4145:4147 4148:4150 4151:4153 4154:4156 4157:4164 4166:4170 4175:4190 4196:4230 4197:4199 4200:4202 4203:4205 4206:4208 4209:4211 4212:4224 4226:4229 4234:4245 4241:4243 4242:4243 4251:4291 4252:4254 4255:4257 4258:4260 4261:4263 4264:4266 4267:4269 4270:4285 4287:4290 4295:4309 4315:4355 4316:4318 4319:4321 4322:4324 4325:4327 4328:4330 4331:4333 4334:4336 4337:4349 4351:4354 4359:4377 4383:4416 4384:4386 4387:4389 4390:4392 4393:4395 4396:4398 4399:4409 4411:4415 4420:4433 4430:4431 4439:4478 4440:4442 4443:4445 4446:4448 4449:4451 4452:4454 4455:4468 4470:4477 4471:4472 4473:4475 4482:4497 4503:4569 4504:4506 4507:4509 4510:4512 4513:4515 4516:4518 4519:4521 4522:4560 4562:4568 4564:4566 4573:4585 4591:4633 4592:4594 4595:4597 4598:4600 4601:4603 4604:4606 4607:4627 4629:4632 4637:4647 4644:4645 4653:4682 4654:4656 4657:4659 4660:4662 4663:4665 4666:4675 4677:4681 4686:4692 4698:4739 4699:4701 4702:4704 4705:4707 4708:4710 4711:4713 4714:4728 4730:4738 4743:4764 4770:4800 4771:4773 4774:4776 4777:4779 4780:4782 4783:4785 4786:4794 4796:4799 4804:4813 4819:4846 4820:4822 4823:4825 4826:4828 4829:4831 4832:4834 4835:4840 4842:4845 4850:4860 4857:4858 4866:4893 4867:4869 4870:4872 4873:4875 4876:4878 4879:4881 4882:4887 4889:4892 4897:4906 4912:4940 4913:4915 4916:4918 4919:4921 4922:4924 4925:4927 4928:4934 4936:4939 4944:4954 4951:4952 4960:4989 4961:4963 4964:4966 4967:4969 4970:4972 4973:4975 4976:4983 4985:4988 4993:5003 5000:5001 5009:5038 5010:5012 5013:5015 5016:5018 5019:5021 5022:5024 5025:5032 5034:5037 5042:5052 5049:5050 5058:5095 5059:5061 5062:5064 5065:5067 5068:5070 5071:5073 5074:5089 5091:5094 5099:5108 5114:5142 5115:5117 5118:5120 5121:5123 5124:5126 5127:5129 5130:5136 5138:5141 5146:5155 5161:5189 5162:5164 5165:5167 5168:5170 5171:5173 5174:5176 5177:5183 5185:5188 5193:5203 5200:5201 5209:5244 5210:5212 5213:5215 5216:5218 5219:5221 5222:5224 5225:5238 5240:5243 5248:5257 5263:5317 5264:5266 5267:5269 5270:5272 5273:5275 5276:5278 5279:5311 5313:5316 5321:5336 5342:5372 5343:5345 5346:5348 5349:5351 5352:5354 5355:5357 5358:5365 5367:5371 5376:5385 5391:5428 5392:5394 5395:5397 5398:5400 5401:5403 5404:5420 5422:5427 5432:5450 5456:5496 5457:5459 5460:5462 5463:5465 5466:5468 5469:5471 5472:5490 5492:5495 5500:5510 5507:5508 5516:5544 5517:5519 5520:5522 5523:5525 5526:5528 5529:5531 5532:5537 5539:5543 5548:5557 5563:5610 5564:5566 5567:5569 5570:5572 5573:5575 5576:5578 5579:5589 5591:5609 5594:5607 5596:5597 5598:5607 5599:5606 5614:5646 5636:5638 5637:5638 5652:5690 5653:5655 5656:5658 5659:5661 5662:5664 5665:5667 5668:5683 5685:5689 5694:5703 5709:5760 5710:5712 5713:5715 5716:5718 5719:5721 5722:5724 5725:5727 5728:5750 5752:5759 5753:5754 5755:5757 5764:5782 5788:5814 5789:5791 5792:5794 5795:5797 5798:5800 5801:5807 5809:5813 5818:5824 5830:5920 5831:5833 5834:5836 5837:5839 5840:5842 5843:5845 5846:5848 5849:5900 5901:5903 5905:5919 5906:5913 5908:5912 5915:5917 5924:5942 5948:5997 5949:5951 5952:5954 5955:5957 5958:5960 5961:5963 5964:5990 5992:5996 6001:6011 6008:6009 6017:6049 6018:6020 6021:6023 6024:6026 6027:6029 6030:6032 6033:6040 6042:6048 6053:6068 6074:6106 6075:6077 6078:6080 6081:6083 6084:6086 6087:6089 6090:6099 6101:6105 6110:6135 6141:6178 6142:6144 6145:6147 6148:6150 6151:6153 6154:6156 6157:6171 6173:6177 6182:6215 6187:6198 6194:6196 6195:6196 6209:6210 6221:6270 6222:6224 6225:6227 6228:6230 6231:6233 6234:6236 6237:6239 6240:6263 6265:6269 6274:6344 6303:6309 6314:6323 6318:6321 6327:6333 6336:6343 6350:6409 6351:6353 6354:6356 6357:6359 6360:6362 6363:6365 6366:6368 6369:6403 6405:6408 6413:6433 6439:6484 6440:6442 6443:6445 6446:6448 6449:6451 6452:6454 6455:6457 6458:6473 6475:6483 6476:6478 6479:6481 6488:6512 6518:6559 6519:6521 6522:6524 6525:6527 6528:6530 6531:6533 6534:6552 6554:6558 6563:6584 6590:6626 6591:6593 6594:6596 6597:6599 6600:6602 6603:6605 6606:6616 6618:6625 6619:6620 6621:6623 6630:6672 6635:6638 6644:6647 6650:6653 6656:6659 6662:6665 6678:6748 6679:6681 6682:6684 6685:6687 6688:6690 6691:6693 6694:6728 6729:6731 6733:6747 6734:6744 6735:6738 6752:6773 6757:6760 6763:6766 6779:6850 6780:6782 6783:6785 6786:6788 6789:6791 6792:6794 6795:6830 6831:6833 6835:6849 6836:6846 6837:6840 6854:6887 6859:6862 6865:6868 6877:6880 6883:6886 6893:6930 6894:6896 6897:6899 6900:6902 6903:6905 6906:6908 6909:6924 6926:6929 6934:6943 6949:6979 6950:6952 6953:6955 6956:6958 6959:6961 6962:6971 6973:6978 6983:7002 6998:6999 7008:7054 7009:7011 7012:7014 7015:7017 7018:7020 7021:7023 7024:7026 7027:7044 7046:7053 7047:7048 7049:7051 7058:7082 7088:7120 7089:7091 7092:7094 7095:7097 7098:7100 7101:7103 7104:7106 7107:7113 7115:7119 7124:7142 7148:7174 7149:7151 7152:7154 7155:7157 7158:7160 7161:7167 7169:7173 7178:7187 7193:7220 7194:7196 7197:7199 7200:7202 7203:7205 7206:7208 7209:7214 7216:7219 7224:7233 7239:7285 7240:7242 7243:7245 7246:7248 7249:7251 7252:7254 7255:7257 7258:7274 7275:7277 7279:7284 7280:7282 7289:7309 7315:7374 7316:7318 7319:7321 7322:7324 7325:7327 7328:7330 7331:7367 7369:7373 7370:7371 7378:7396 7383:7386 7389:7395 7402:7435 7403:7405 7406:7408 7409:7411 7412:7414 7415:7417 7418:7427 7429:7434 7430:7432 7439:7458 7444:7447 7449:7450 7451:7457 7464:7507 7465:7467 7468:7470 7471:7473 7474:7476 7477:7479 7480:7482 7483:7496 7497:7499 7501:7506 7502:7504 7511:7538 7534:7537 7544:7571 7545:7547 7548:7550 7551:7553 7554:7556 7557:7564 7566:7570 7575:7581 7587:7638 7588:7590 7591:7593 7594:7596 7597:7599 7600:7602 7603:7619 7621:7637 7624:7635 7628:7635 7630:7631 7632:7635 7642:7665 7671:7702 7672:7674 7675:7677 7678:7680 7681:7683 7684:7686 7687:7693 7695:7701 7706:7721 7727:7767 7728:7730 7731:7733 7734:7736 7737:7739 7740:7757 7758:7760 7762:7766 7771:7777 7783:7816 7784:7786 7787:7789 7790:7792 7793:7795 7796:7798 7799:7809 7811:7815 7820:7829 7835:7869 7836:7838 7839:7841 7842:7844 7845:7847 7848:7850 7851:7859 7860:7862 7864:7868 7873:7888 7894:7929 7895:7897 7898:7900 7901:7903 7904:7906 7907:7909 7910:7922 7924:7928 7933:7948 7950:7955 7951:7953 7957:7995 7958:7960 7962:7967 7963:7965 7969:7974 7970:7972 7976:7978 7980:7982 7984:7986 7988:7994 7990:7992 7998:8161 8002:8024 8004:8011 8005:8010 8006:8008 8014:8017 8019:8023 8020:8022 8027:8036 8028:8035 8031:8034 8039:8076 8040:8075 8044:8047 8048:8062 8050:8054 8055:8061 8065:8069 8070:8074 8079:8091 8081:8090 8084:8088 8094:8113 8098:8112 8101:8106 8102:8105 8108:8111 8116:8127 8117:8126 8118:8120 8122:8125 8130:8143 8131:8142 8132:8134 8137:8141 8146:8160 8147:8159 8149:8158 8150:8157
ripgrep/crates/core/flags/doc/help.rs	9:11 19:21 24:54 25:26 28:36 29:30 37:38 39:52 41:51 43:47 44:47 48:51 60:89 66:72 75:79 81:83 96:117 101:117 105:115 106:108 120:146 122:128 124:126 130:131 132:144 134:143 136:140 137:140 141:143 149:226 150:156 153:155 157:159 163:165 169:177 170:172 173:175 178:192 179:183 180:182 184:190 186:189 195:203 200:202 205:209 210:225 211:213 215:218 219:223 234:277 236:267 238:266 239:260 240:241 248:254 249:250 255:260 258:260 261:263 264:266 270:271
ripgrep/crates/core/flags/doc/man.rs	5:7 14:16 21:23 27:49 29:35 31:33 38:47 40:46 42:43 44:46 52:116 53:60 56:58 64:66 72:82 73:75 77:79 84:100 85:89 86:88 90:96 92:95 102:114 107:113 109:112
ripgrep/crates/core/flags/doc/mod.rs	18:38 22:38 25:35 29:31
ripgrep/crates/core/flags/doc/version.rs	13:19 15:18 22:25 31:47 38:40 41:43 53:76 57:68 62:63 64:66 71:75 72:73 83:116 85:98 100:111 113:115 129:158 131:144 146:153 155:157 161:168 171:173
ripgrep/crates/core/flags/hiargs.rs	5:24 36:107 109:955 114:333 122:124 126:133 128:133 129:132 137:150 138:148 140:142 144:146 164:169 165:167 171:175 178:184 180:181 182:184 186:188 190:206 191:204 192:203 194:200 196:197 198:200 201:203 208:230 209:211 213:229 219:228 232:259 244:258 245:255 246:254 248:251 252:254 261:332 342:347 343:344 360:362 368:372 379:413 380:412 381:386 383:385 388:411 389:392 393:395 397:400 402:410 422:466 424:459 427:431 432:437 433:436 440:447 441:442 448:450 451:453 454:456 461:465 462:464 472:525 474:475 479:483 484:508 485:488 490:494 492:494 495:508 497:499 505:507 509:511 512:514 515:517 518:523 520:522 532:540 533:535 536:538 547:549 556:566 558:566 560:561 572:603 576:603 577:587 578:587 584:586 588:601 589:600 594:596 597:599 606:615 609:615 610:611 619:657 622:657 653:655 661:677 665:677 666:667 685:687 697:699 705:719 710:719 712:713 722:759 723:729 725:726 727:729 731:732 739:748 740:742 743:747 749:757 751:753 754:756 773:826 779:826 782:790 785:790 786:789 793:811 795:801 797:799 802:804 805:807 808:810 812:824 813:822 833:835 842:855 844:854 845:851 846:847 848:850 864:866 872:874 885:929 887:889 890:914 891:895 892:894 897:898 915:917 922:927 924:926 931:933 936:946 937:938 940:944 941:943 949:954 950:952 968:979 981:997 986:996 991:995 1003:1006 1008:1085 1016:1084 1019:1084 1027:1029 1032:1042 1033:1036 1038:1040 1055:1060 1056:1059 1061:1082 1062:1081 1064:1080 1065:1074 1066:1070 1071:1073 1075:1079 1076:1078 1091:1103 1105:1176 1107:1170 1111:1170 1118:1127 1120:1125 1121:1124 1129:1141 1130:1138 1150:1152 1153:1168 1162:1164 1165:1168 1173:1175 1188:1191 1193:1219 1195:1211 1198:1199 1200:1202 1203:1209 1205:1206 1207:1209 1215:1218 1222:1242 1225:1240 1226:1239 1227:1229 1230:1232 1233:1235 1236:1238 1246:1267 1249:1267 1250:1252 1255:1257 1258:1260 1263:1265 1270:1282 1273:1282 1274:1276 1278:1280 1286:1294 1287:1289 1290:1292 1298:1304 1300:1302 1308:1326 1311:1326 1313:1316 1317:1322 1318:1320 1334:1348 1335:1338 1339:1343 1340:1342 1344:1347 1361:1405 1363:1372 1365:1371 1366:1369 1375:1384 1377:1383 1378:1381 1385:1394 1387:1393 1388:1391 1396:1403 1397:1401 1411:1427 1412:1418 1414:1417 1419:1425 1420:1423 1438:1451 1439:1441 1443:1449 1444:1447 1458:1463 1459:1461 1470:1484 1471:1483 1474:1475 1476:1483 1477:1482 1491:1502 1492:1498 1493:1498 1499:1501 1505:1516 1506:1512 1507:1512 1513:1515
ripgrep/crates/core/flags/lowargs.rs	5:13 33:113 125:141 156:169 171:175 172:174 177:195 181:194 182:193 185:192 189:191 199:202 206:226 230:241 245:265 269:274 280:296 302:312 318:334 336:346 338:345 339:344 352:357 359:363 360:362 365:436 371:385 372:384 373:379 374:378 392:405 393:404 394:400 395:399 412:425 413:424 414:420 415:419 430:435 431:434 452:456 458:477 464:476 465:466 469:471 472:474 486:490 487:489 492:519 495:503 496:501 497:500 507:509 516:518 525:535 541:555 564:568 565:567 570:589 573:581 574:579 575:578 586:588 598:602 599:601 604:623 607:615 608:613 609:612 620:622 628:631 637:650 657:662 666:671 675:684 686:721 689:720 690:719 692:700 693:694 697:699 701:709 702:703 706:708 710:718 711:712 715:717 726:735
ripgrep/crates/core/flags/mod.rs	12:40 50:51 74:185 84:86 99:101 114:116 127:129 152:154 156:158 192:221 223:240 228:239 229:238 244:255 268:273 275:309 284:291 285:290 287:289 301:308 302:307 303:305
ripgrep/crates/core/flags/parse.rs	5:14 27:31 33:46 36:45 39:45 40:44 49:54 50:53 64:113 65:68 72:74 84:86 88:91 96:99 107:109 116:128 119:127 120:122 123:125 139:145 141:145 148:156 152:155 161:169 171:313 176:216 183:215 185:212 186:190 191:197 192:196 198:204 199:203 205:211 206:210 221:290 225:290 227:288 228:259 229:232 233:238 239:244 246:251 252:257 260:287 262:264 265:271 267:269 273:284 278:279 280:284 281:283 285:286 293:302 294:296 298:300 307:312 308:310 317:324 328:339 343:350 352:359 353:358 354:357 366:368 370:396 374:387 376:385 377:384 378:380 381:383 393:395 404:415 406:413 409:410 418:448 428:446 431:433 434:439 436:438 440:445 442:444 454:460 455:456 457:458 466:476 469:474
ripgrep/crates/core/index/disabled.rs	3:5 7:9
ripgrep/crates/core/index/enabled.rs	3:6 8:16 11:12 13:15
ripgrep/crates/core/logger.rs	21:28 25:27 30:72 31:35 37:67 38:66 39:48 40:47 49:57 50:56 58:65 59:64 69:71
ripgrep/crates/core/main.rs	5:9 44:67 45:66 47:65 56:62 57:61 58:60 78:107 81:85 86:106 91:94 100:106 102:103 104:106 113:157 116:117 125:129 130:148 132:140 136:139 142:144 145:147 149:151 152:155 166:235 176:180 181:224 189:223 190:193 196:202 198:201 203:205 206:209 210:222 212:214 218:219 220:222 225:227 228:233 241:267 243:244 251:265 253:255 256:264 258:260 277:332 278:284 295:300 296:298 301:321 306:320 307:310 312:313 314:319 315:318 323:330 327:329 335:354 338:352 344:350 345:347 361:375 364:372 369:371 389:410 393:407 400:406 402:404 420:426 421:425 440:489 445:489 447:465 451:464 453:463 466:488 467:487
ripgrep/crates/core/messages.rs	33:67 71:77 82:87 92:98 101:103 108:110 113:115 124:126 129:131 137:139
ripgrep/crates/core/search.rs	10:12 19:25 27:37 28:36 41:44 46:50 47:49 52:162 54:59 63:85 68:85 71:76 72:73 92:103 95:103 96:98 99:101 108:114 111:114 123:129 126:129 139:145 142:145 155:161 158:161 171:174 176:189 178:180 186:188 193:197 203:211 213:222 215:221 216:220 230:241 243:376 245:267 248:267 249:250 251:253 258:266 260:266 262:263 264:266 270:272 276:280 277:279 284:292 285:287 288:290 296:324 299:324 306:313 307:312 309:311 314:319 315:318 329:339 330:332 342:351 346:350 362:375 366:375 370:374 380:412 385:412 386:411 387:394 390:393 395:402 398:401 403:410 406:409 416:449 422:449 423:448 424:431 427:430 432:439 435:438 440:447 443:446
ripgrep/crates/globset/benches/bench.rs	20:22 24:26 28:34 30:32 37:40 43:47 50:53 56:60 63:66 69:73 75:91 96:107 98:106 100:104 101:103 110:113
ripgrep/crates/globset/src/glob.rs	1:6 16:47 49:68 51:67 52:66 54:66 56:66 58:66 60:66 62:63 64:66 76:81 83:87 84:86 89:93 90:92 95:100 96:99 102:115 103:114 104:110 105:106 111:113 117:121 118:120 123:129 126:128 133:138 140:155 142:144 147:149 152:154 160:165 168:202 170:172 175:201 178:200 180:182 183:185 186:188 189:194 190:192 195:198 211:216 220:237 239:249 240:248 255:260 257:259 262:266 263:265 270:279 281:568 283:285 288:292 289:290 300:305 302:303 308:310 326:328 334:344 335:337 339:342 353:385 354:356 357:360 361:371 362:369 366:368 372:375 377:383 378:382 390:415 391:393 397:414 398:407 400:405 402:404 409:410 411:414 419:448 420:422 423:438 424:435 425:433 440:443 444:446 462:497 463:465 467:479 468:477 471:473 474:476 480:491 481:489 485:487 492:495 510:552 511:513 514:522 516:521 523:525 526:550 527:549 530:537 531:536 540:542 543:548 559:567 562:565 570:667 574:576 579:610 580:589 591:609 596:600 597:600 601:609 603:608 615:618 623:626 636:639 647:650 663:666 669:764 673:690 676:678 682:686 692:763 697:763 698:762 699:761 700:702 703:709 704:705 706:708 710:716 711:712 713:715 717:719 720:722 723:725 726:742 728:730 731:740 732:734 735:739 743:760 745:751 748:750 755:759 768:772 776:789 778:787 779:783 780:783 784:786 791:816 818:1063 819:821 823:837 824:835 825:834 839:843 845:853 846:848 855:860 856:858 862:867 863:865 869:874 870:873 876:885 880:881 882:884 887:899 888:898 889:892 893:895 896:898 901:960 903:906 908:917 909:911 912:915 919:927 920:926 922:926 928:943 929:932 934:937 938:942 944:958 945:947 948:950 951:957 952:953 954:956 962:1052 968:982 972:982 974:978 975:978 979:981 984:991 985:989 994:1045 995:1006 996:1002 1003:1005 1007:1043 1008:1014 1009:1010 1011:1013 1015:1028 1016:1027 1018:1023 1024:1027 1029:1042 1030:1037 1033:1037 1038:1040 1046:1050 1054:1058 1060:1062 1066:1068 1071:1076 1072:1074 1079:1686 1080:1082 1085:1091 1093:1101 1103:1111 1113:1141 1143:1172 1174:1203 1205:1207 1209:1211 1213:1215 1217:1219 1221:1223 1231:1235 1240:1244 1256:1260 1282:1288 1289:1295 1296:1302 1303:1309 1310:1316 1317:1323 1331:1336 1337:1342 1343:1348 1452:1456 1525:1529 1530:1534 1541:1546 1551:1556 1557:1562 1566:1590 1592:1594 1596:1598 1600:1602 1604:1606 1608:1610 1612:1614 1616:1618 1629:1633 1635:1640 1644:1649
ripgrep/crates/globset/src/lib.rs	114:136 146:148 151:153 157:162 167:196 198:202 199:201 204:214 206:208 211:213 216:241 217:240 218:239 219:221 222:224 226:229 230:233 234:236 243:252 244:251 245:250 247:249 254:269 255:268 256:267 264:266 271:285 272:273 275:276 279:284 287:304 288:289 291:292 296:297 309:312 314:554 319:321 325:327 331:333 337:339 342:344 350:360 351:353 354:358 355:357 379:381 390:397 391:395 392:394 401:403 410:417 412:414 425:431 429:431 442:456 446:456 448:450 451:453 461:553 465:553 467:469 479:514 483:513 484:486 487:489 490:492 493:495 496:501 497:499 502:504 505:512 506:510 515:525 528:530 531:533 534:536 537:539 540:542 543:547 544:546 548:550 556:561 558:560 566:568 570:590 574:576 581:583 586:589 599:603 605:613 606:612 607:608 615:651 617:619 629:631 633:638 640:642 644:650 645:646 647:649 654:662 664:707 665:676 667:675 678:693 682:693 684:692 695:706 697:705 712:739 713:715 717:719 721:723 725:727 730:738 734:738 735:737 744:777 745:747 749:751 753:758 754:756 760:762 765:776 769:776 770:772 773:775 782:815 783:785 787:789 791:796 792:794 798:800 803:814 807:814 808:810 811:813 818:822 824:860 825:833 827:831 828:830 835:846 840:844 841:843 848:859 852:859 854:858 855:857 863:867 869:905 870:878 872:876 873:875 880:891 885:889 886:888 893:904 897:904 899:903 900:902 910:961 911:926 912:914 915:925 917:924 918:922 919:921 928:942 929:941 932:938 933:937 934:936 939:941 945:960 949:960 950:952 953:959 954:958 955:957 964:976 978:979 981:1013 982:984 986:995 989:995 997:1000 1002:1012 1006:1012 1008:1010 1016:1020 1022:1066 1023:1025 1027:1033 1028:1030 1035:1041 1043:1049 1051:1061 1054:1055 1056:1060 1063:1065 1069:1071 1073:1096 1074:1076 1078:1083 1079:1080 1085:1095 1087:1093 1089:1092 1115:1132 1117:1130 1118:1129 1121:1125 1126:1128 1135:1307 1136:1138 1140:1146 1142:1144 1149:1166 1169:1174 1177:1186 1189:1197 1200:1208 1211:1218 1221:1230 1233:1240 1243:1255 1244:1247 1258:1262 1265:1274 1280:1294 1297:1306 1302:1305
ripgrep/crates/grep/examples/simplegrep.rs	1:12 14:19 15:18 21:30 23:25 26:28 32:69 34:35 38:44 40:41 42:44 46:67 47:66 48:54 50:53 55:57 58:62 63:65
ripgrep/crates/ignore/examples/walk.rs	1:3 5:50 10:12 13:16 18:24 20:23 26:47 28:36 30:35 37:41 39:41 42:47 44:46 52:55 57:64 58:63 59:62
ripgrep/crates/ignore/src/default_types.rs	12:346 20:23 28:31 52:55 87:90 99:102 130:156 166:172 175:183 192:195 206:211 228:231 240:245 251:273 289:293 299:302 317:319 320:322 327:330 337:344 349:378 353:367 355:357 358:366 359:364 370:377 371:376 372:375
ripgrep/crates/ignore/src/dir.rs	16:32 44:49 51:67 52:54 56:58 60:62 64:66 72:90 94:112 115:166 168:697 171:173 176:178 181:186 182:185 192:258 195:258 196:204 200:204 205:207 208:217 210:216 221:224 227:256 229:237 230:236 242:243 244:246 252:255 268:280 271:280 284:301 288:301 290:293 304:306 308:338 311:338 313:319 320:336 322:330 324:330 326:327 328:330 331:335 332:334 340:467 344:467 345:346 347:353 349:350 351:353 354:356 360:363 364:365 366:390 367:389 369:372 378:379 380:389 381:386 391:404 393:394 395:404 396:401 405:418 407:408 409:418 410:415 420:441 422:423 424:441 425:440 426:435 427:432 436:439 442:465 449:452 454:457 470:482 472:473 485:494 488:494 490:492 500:544 504:544 508:510 515:524 516:519 521:523 526:533 528:529 530:532 534:542 535:541 537:538 539:541 548:685 552:685 553:559 560:561 563:594 564:594 565:571 566:569 572:578 573:576 579:585 580:583 586:592 587:590 595:663 596:662 604:626 605:606 608:625 615:617 618:621 622:623 628:629 631:661 632:638 633:636 639:645 640:643 646:652 647:650 653:659 654:657 664:677 665:667 670:674 671:673 675:677 679:680 688:690 694:696 707:713 716:718 720:728 721:723 725:727 733:749 736:748 737:747 739:746 740:743 753:776 778:1006 784:803 809:811 817:862 818:837 820:837 822:831 824:825 828:830 832:837 833:835 840:859 849:851 865:871 868:871 878:884 881:884 891:894 897:900 908:914 911:914 919:922 925:927 935:938 946:949 959:962 970:973 981:984 991:994 999:1005 1002:1005 1016:1051 1021:1051 1025:1042 1039:1041 1043:1049 1045:1048 1061:1105 1064:1105 1067:1069 1070:1075 1072:1074 1076:1082 1078:1080 1083:1085 1088:1091 1092:1103 1094:1096 1099:1100 1101:1103 1109:1114 1112:1114 1117:1613 1118:1122 1124:1127 1129:1131 1133:1138 1134:1137 1140:1142 1145:1157 1151:1152 1160:1170 1173:1183 1186:1196 1199:1208 1211:1223 1215:1216 1226:1235 1238:1251 1243:1244 1255:1267 1261:1262 1271:1285 1278:1279 1289:1297 1301:1313 1316:1322 1325:1332 1335:1343 1346:1354 1357:1362 1365:1385 1388:1408 1411:1428 1431:1451 1464:1520 1494:1497 1498:1502 1527:1567 1540:1541 1557:1560 1562:1566 1570:1612 1576:1577 1579:1582
ripgrep/crates/ignore/src/gitignore.rs	10:25 32:43 45:76 47:49 52:54 58:60 63:65 68:70 73:75 81:88 90:316 103:118 105:118 111:117 113:116 141:146 142:145 151:160 165:167 171:173 177:179 182:184 187:189 202:211 206:211 207:209 234:256 238:256 239:241 245:248 249:254 250:253 259:282 263:282 264:266 271:280 273:279 274:275 276:278 286:315 289:315 294:296 305:313 306:312 309:311 320:326 328:578 335:344 349:366 352:354 356:365 362:364 377:396 378:395 380:394 381:382 383:393 386:392 388:391 405:434 407:410 414:432 416:422 418:421 426:427 429:431 443:452 447:452 448:450 460:541 464:541 467:469 470:472 473:475 476:482 484:486 487:500 488:491 492:499 503:511 508:510 516:521 518:520 525:537 528:529 549:557 552:557 571:577 574:577 583:602 588:589 590:592 593:595 598:600 606:614 608:610 619:627 620:621 631:636 640:649 641:642 654:660 655:656 664:687 665:667 673:679 674:675 690:696 691:694 699:704 707:885 708:710 712:716 718:729 731:742 804:809 816:818 820:822 825:829 832:836 839:842 845:852 848:851 855:858 862:864 867:879 868:869
ripgrep/crates/ignore/src/incremental.rs	1:9 57:68 73:79 82:87 94:103 105:434 106:131 110:131 119:120 121:123 134:136 155:165 156:158 160:162 194:204 198:204 200:202 213:222 217:222 219:220 224:308 229:308 234:236 239:262 240:262 241:242 243:246 250:251 255:257 259:261 266:267 271:293 275:293 277:278 279:281 282:292 283:285 287:291 299:306 300:302 303:305 310:391 315:391 316:317 318:321 333:336 334:336 337:347 338:346 339:341 342:344 351:388 352:360 355:357 361:363 365:374 366:369 370:372 378:379 380:383 393:411 398:411 400:403 407:409 413:433 416:433 417:421 422:425 449:453 455:535 456:462 464:470 472:475 477:479 481:483 486:488 491:493 497:499 513:515 526:528 532:534 542:555 545:553 546:552 548:550 558:1286 559:570 572:575 577:579 581:583 585:589 591:595 597:603 599:603 605:607 609:616 612:616 618:625 621:625 629:643 648:657 662:675 679:695 699:712 717:729 734:748 751:761 767:783 788:806 811:830 833:845 840:843 848:860 855:858 863:877 870:873 881:898 886:889 901:936 906:909 930:933 941:953 958:976 981:1004 1009:1032 1018:1019 1036:1040 1043:1058 1064:1078 1081:1110 1113:1135 1119:1124 1129:1134 1138:1156 1159:1169 1173:1191 1177:1180 1194:1218 1221:1233 1236:1250 1253:1265 1268:1285
ripgrep/crates/ignore/src/lib.rs	49:55 68:120 122:154 123:153 124:152 126:128 129:131 132:134 139:144 141:143 145:147 148:150 156:308 162:170 163:169 173:185 174:184 207:225 208:224 209:215 210:211 212:214 232:250 233:249 234:240 235:236 237:239 254:260 255:259 263:268 271:273 277:284 278:279 280:282 287:307 289:297 292:295 299:302 303:305 310:325 312:324 313:323 327:364 328:363 329:362 330:334 331:332 335:337 338:340 342:348 351:353 354:356 357:361 366:370 367:369 375:407 376:378 380:384 381:383 386:390 387:389 392:396 393:395 398:406 399:405 401:402 403:405 416:425 427:487 429:434 430:433 437:442 438:441 446:451 447:450 455:461 456:460 464:470 465:469 475:481 476:480 484:486 490:549 491:494 497:498 500:504 514:518 515:517 520:548 523:542 530:540 533:535 536:538 545:547
ripgrep/crates/ignore/src/overrides.rs	8:13 32:37 39:43 40:42 49:111 51:53 58:60 65:67 70:72 75:77 97:110 101:110 102:104 106:108 115:117 119:184 123:127 132:134 142:145 153:161 156:161 180:183 187:293 192:198 194:196 201:206 209:217 220:226 229:234 237:247 250:261 264:267 270:282 271:272 285:292 286:287
ripgrep/crates/ignore/src/pathutil.rs	1:3 19:39 21:23 26:36 27:28 30:34 31:33 56:79 58:60 63:76 64:65 70:74 71:73 85:91 86:87 88:90 96:119 99:119 101:111 106:107 108:110 114:116 123:136 125:128 126:127 130:135 131:132 142:171 144:171 146:163 147:149 152:160 154:160 156:157 158:160 166:168
ripgrep/crates/ignore/src/types.rs	87:94 114:122 124:138 125:127 132:137 133:136 146:149 151:161 153:155 158:160 165:181 185:188 190:222 191:196 192:195 198:203 199:202 205:214 206:213 207:209 210:212 216:221 217:220 224:303 227:238 234:236 241:243 246:248 253:255 263:302 267:302 270:272 275:283 277:279 280:282 287:301 291:292 293:295 297:298 299:301 307:310 312:497 318:320 324:366 331:355 332:338 334:337 339:350 340:348 341:342 353:354 356:365 362:364 371:380 373:377 385:394 386:389 387:389 390:392 399:408 400:403 401:403 404:406 411:414 421:435 422:424 426:427 446:483 448:482 449:456 452:454 457:480 460:465 463:465 469:471 472:478 473:474 475:477 486:496 488:494 489:493 490:492 500:588 503:531 533:544 534:543 568:587 570:572 575:581 582:586
ripgrep/crates/ignore/src/walk.rs	1:24 31:34 36:118 38:40 44:46 49:51 56:58 61:63 68:70 76:78 81:83 89:91 98:100 103:105 107:109 111:113 115:117 131:135 137:233 138:145 140:144 147:154 149:153 156:163 158:162 165:170 166:169 172:189 174:188 175:181 176:179 182:186 183:184 191:198 193:197 200:207 202:206 209:216 211:215 219:227 220:221 222:226 230:232 238:256 258:269 259:268 263:264 271:437 272:274 276:278 280:282 284:286 289:296 290:291 292:294 299:308 300:301 302:304 305:307 310:312 314:316 318:320 323:325 327:336 330:336 331:334 339:355 343:355 344:347 348:354 358:372 362:372 365:371 377:386 381:386 382:385 389:403 393:403 394:395 396:402 406:422 410:422 413:414 415:421 427:436 431:436 432:435 488:512 515:518 523:543 524:542 525:526 545:1109 552:554 560:575 582:590 584:590 586:588 593:644 598:600 601:630 602:603 604:629 608:610 611:613 614:627 615:626 616:620 617:619 621:625 622:624 675:694 677:693 684:685 686:692 687:691 701:715 722:725 730:739 732:737 735:737 744:753 746:751 749:751 756:759 762:765 773:776 791:812 793:799 794:797 803:810 804:806 807:809 820:826 823:826 833:836 843:846 862:869 863:864 874:877 885:888 896:899 910:913 921:924 932:935 946:949 954:957 973:979 976:979 992:998 995:998 1008:1011 1024:1031 1025:1026 1027:1029 1046:1052 1049:1052 1062:1073 1065:1073 1068:1071 1080:1101 1081:1099 1083:1097 1084:1089 1085:1088 1090:1096 1091:1095 1104:1108 1105:1106 1117:1126 1128:1184 1134:1136 1143:1147 1145:1147 1149:1183 1150:1152 1162:1164 1165:1169 1166:1168 1170:1176 1171:1175 1177:1181 1178:1180 1186:1262 1190:1261 1191:1260 1192:1215 1194:1214 1195:1212 1197:1199 1200:1211 1202:1207 1205:1207 1208:1210 1216:1259 1217:1219 1220:1222 1223:1247 1225:1228 1229:1243 1234:1235 1239:1240 1241:1243 1248:1258 1250:1253 1254:1256 1270:1274 1277:1281 1283:1287 1284:1286 1289:1319 1293:1318 1295:1299 1300:1304 1306:1317 1309:1316 1310:1312 1313:1315 1325:1337 1339:1347 1340:1342 1344:1346 1353:1356 1358:1364 1361:1363 1371:1375 1377:1379 1381:1388 1384:1387 1390:1391 1393:1395 1397:1401 1398:1400 1411:1422 1424:1544 1428:1433 1431:1433 1452:1535 1455:1502 1462:1497 1463:1464 1465:1491 1466:1467 1468:1479 1469:1478 1471:1477 1473:1475 1480:1490 1481:1483 1484:1489 1485:1487 1492:1496 1499:1501 1511:1512 1526:1534 1527:1528 1531:1533 1537:1543 1538:1539 1540:1542 1547:1554 1560:1568 1571:1574 1576:1645 1578:1580 1583:1585 1591:1600 1592:1594 1603:1607 1616:1644 1617:1625 1619:1624 1620:1621 1628:1637 1629:1636 1631:1635 1632:1633 1638:1640 1649:1656 1658:1715 1662:1689 1667:1668 1669:1680 1672:1673 1684:1685 1692:1694 1697:1699 1702:1714 1709:1710 1721:1754 1756:2028 1761:1767 1762:1766 1763:1765 1769:1859 1770:1772 1777:1783 1778:1779 1780:1782 1784:1789 1786:1788 1791:1802 1792:1802 1795:1801 1797:1799 1803:1805 1814:1815 1816:1819 1820:1825 1822:1824 1826:1828 1830:1833 1834:1839 1836:1838 1841:1851 1842:1847 1848:1850 1852:1857 1854:1856 1874:1936 1880:1936 1881:1886 1883:1885 1888:1901 1890:1895 1892:1894 1896:1900 1897:1899 1904:1906 1907:1915 1908:1911 1912:1914 1916:1925 1917:1922 1918:1922 1923:1925 1926:1931 1927:1928 1929:1931 1932:1934 1942:1992 1944:1991 1947:1949 1950:1990 1951:1953 1954:1960 1961:1989 1962:1971 1973:1988 1974:1976 1977:1981 1995:1997 2000:2002 2005:2007 2010:2012 2015:2017 2020:2022 2025:2027 2030:2036 2031:2035 2032:2034 2038:2059 2042:2059 2043:2045 2046:2057 2047:2049 2050:2056 2051:2055 2063:2083 2067:2083 2068:2071 2073:2079 2074:2076 2077:2079 2080:2082 2085:2096 2087:2095 2090:2092 2093:2095 2105:2118 2106:2109 2110:2113 2114:2116 2123:2142 2125:2127 2130:2132 2136:2138 2139:2141 2152:2160 2153:2155 2156:2158 2164:2168 2165:2166 2171:2175 2178:2183 2186:2191 2187:2190 2194:2740 2195:2202 2204:2207 2209:2212 2215:2218 2220:2222 2224:2226 2228:2243 2230:2240 2231:2234 2236:2238 2245:2259 2248:2259 2250:2256 2252:2254 2261:2275 2263:2271 2265:2270 2266:2268 2277:2281 2283:2285 2287:2292 2295:2307 2302:2306 2310:2323 2326:2343 2346:2361 2356:2360 2364:2377 2380:2398 2393:2397 2401:2411 2414:2435 2423:2427 2430:2434 2438:2456 2446:2447 2448:2451 2459:2501 2468:2472 2474:2478 2479:2483 2484:2488 2489:2493 2496:2500 2504:2535 2515:2519 2520:2524 2525:2529 2530:2534 2539:2552 2547:2551 2556:2573 2560:2561 2568:2570 2577:2585 2593:2619 2598:2600 2605:2607 2623:2638 2627:2629 2631:2633 2641:2660 2648:2652 2654:2659 2656:2657 2663:2669 2672:2704 2681:2685 2687:2703 2690:2702 2711:2719 2715:2716 2727:2739 2732:2738 2734:2736
ripgrep/crates/ignore/tests/gitignore_matched_path_or_any_parents_tests.rs	1:3 5:6 8:13 17:22 25:54 27:29 57:86 59:61 89:190 91:93 193:318 195:197 203:205 211:213 255:257 263:265 272:274 281:283 289:291 297:299 306:308 315:317
ripgrep/crates/ignore/tests/gitignore_skip_bom.rs	10:17
ripgrep/crates/index/src/index.rs	1:7 12:15 17:30 18:20 22:25 27:29 33:36 38:102 39:41 43:50 45:46 47:49 52:67 53:59 55:59 56:58 62:64 69:91 72:78 73:78 74:77 79:88 80:87 81:86 82:85 93:96 98:101 104:109 111:173 112:119 121:146 122:126 124:125 127:131 132:136 133:135 137:144 141:143 148:151 153:159 156:159 161:167 164:167 169:172 175:178 180:208 181:189 183:189 185:188 191:198 192:197 194:196 200:207 201:206 203:205 210:217 211:216 212:215
ripgrep/crates/index/src/literal.rs	9:13 16:20 22:272 23:25 27:29 31:36 32:35 38:43 39:42 45:47 49:51 53:55 57:63 58:62 65:71 66:70 73:99 76:98 78:98 80:98 81:83 85:95 87:94 88:93 89:91 96:98 101:127 104:126 106:126 108:126 109:111 113:123 115:122 116:121 117:119 124:126 129:139 130:138 132:133 134:138 135:136 141:151 142:150 144:145 146:150 147:148 153:203 158:202 159:163 164:166 167:170 171:194 172:193 174:190 177:179 180:182 184:186 187:189 191:193 195:197 198:201 205:254 211:253 212:214 215:218 219:221 222:225 226:249 227:248 229:245 232:234 235:237 239:241 242:244 246:248 250:252 256:271 257:259 261:269 262:264 274:317 275:316 276:288 277:287 278:280 281:283 284:286 290:315 291:294 295:304 296:302 297:298 299:301 305:314 306:312 307:308 309:311 320:326 328:502 329:337 339:347 349:357 359:361 363:368 364:367 370:372 374:380 375:377 382:384 386:404 387:401 389:401 394:397 398:401 406:443 407:409 410:437 416:419 420:422 424:425 426:428 429:435 431:432 433:435 439:441 445:467 446:462 448:458 449:451 452:457 454:456 463:466 469:491 470:486 472:482 473:475 476:481 478:480 487:490 493:496 498:501 505:507 509:634 510:512 514:516 518:522 524:526 528:533 529:531 535:544 536:542 537:539 546:549 551:554 556:589 563:575 564:574 567:569 570:574 576:579 580:583 591:594 596:613 597:599 600:603 606:612 607:611 615:617 619:621 623:625 627:629 631:633 637:641 643:758 644:646 648:655 657:660 662:665 667:669 671:675 677:748 678:747 679:681 682:685 686:702 687:689 692:699 693:698 694:696 703:716 704:706 709:713 710:712 718:726 719:720 721:725 727:733 729:731 734:746 737:744 739:740 741:743 750:757 751:756 752:754 760:764 761:763 766:775 768:773 769:771 777:786 779:784 780:782 789:793 795:816 798:811 799:810 800:802 803:809 804:807 812:814 822:830 825:830 832:847 835:847 837:839 840:842 850:1000 851:852 854:856 858:863 865:867 870:890 871:873 895:973 896:900 908:911 913:916 933:936 946:949 967:972 976:999
ripgrep/crates/matcher/src/interpolate.rs	14:56 22:56 23:54 24:30 26:29 31:35 37:44 39:43 46:53 48:52 49:51 64:67 73:76 78:83 80:82 85:90 87:89 97:134 99:101 104:107 109:111 112:114 119:120 121:126 122:124 127:133 128:131 138:143 139:142 146:331 149:162 164:168 185:209 189:209 193:207 195:199 196:198 200:205 201:202 211:218 220:226 228:234 236:242 244:250 252:258 260:266 268:274 276:282 284:290 292:298 300:306 308:314 316:322 324:330
ripgrep/crates/matcher/src/lib.rs	69:72 74:156 81:84 88:90 94:96 100:102 111:114 123:126 138:143 147:149 153:155 158:165 162:164 167:172 169:171 174:181 178:180 198:206 208:266 211:213 220:222 226:228 236:241 237:240 250:255 251:254 263:265 268:273 270:272 293:303 294:302 296:300 297:299 305:362 308:310 315:317 323:327 331:335 332:334 341:345 349:353 350:352 357:361 379:461 397:399 407:409 441:460 449:460 450:459 452:456 453:455 470:476 473:475 478:488 480:482 485:487 499:503 500:502 505:509 506:508 511:515 512:514 519:531 546:1131 597:599 611:613 621:623 629:638 636:638 648:659 656:659 657:658 669:678 676:678 692:732 700:732 704:731 705:707 708:724 712:721 719:721 722:724 726:730 740:746 744:746 753:763 761:763 774:786 783:786 784:785 796:806 804:806 820:861 829:861 833:860 834:836 837:839 841:850 848:850 851:853 855:859 887:894 892:894 902:919 910:919 912:916 926:937 935:937 948:968 958:968 960:965 974:976 987:993 991:993 1010:1015 1013:1015 1036:1042 1040:1042 1065:1067 1082:1084 1125:1130 1128:1130 1133:1379 1138:1144 1142:1144 1147:1149 1152:1159 1157:1159 1162:1164 1167:1169 1172:1174 1177:1186 1184:1186 1189:1199 1197:1199 1202:1211 1209:1211 1214:1224 1222:1224 1227:1233 1231:1233 1236:1246 1244:1246 1249:1260 1258:1260 1263:1273 1271:1273 1276:1287 1285:1287 1290:1300 1298:1300 1303:1314 1312:1314 1317:1329 1327:1329 1332:1334 1337:1343 1341:1343 1346:1351 1349:1351 1354:1360 1358:1360 1363:1365 1368:1370 1373:1378 1376:1378
ripgrep/crates/matcher/tests/util.rs	1:6 9:12 14:24 15:23 17:21 18:20 28:64 32:37 33:35 39:41 43:50 48:50 52:54 56:58 69:83 73:78 74:76 80:82 88:96 89:91 93:95
ripgrep/crates/pcre2/src/error.rs	7:9 11:20 12:14 17:19 25:32 34:40 35:39 36:38 42:48 43:47 44:46
ripgrep/crates/pcre2/src/lib.rs	8:13
ripgrep/crates/pcre2/src/matcher.rs	1:8 12:18 20:298 22:30 37:39 45:85 48:85 51:63 52:53 54:56 58:60 61:63 64:74 67:68 69:74 76:84 78:82 79:81 94:97 115:118 127:130 135:138 148:151 160:163 176:179 184:187 191:194 205:208 225:228 241:244 245:247 258:261 273:276 291:297 294:297 302:305 307:313 310:312 315:374 319:329 323:329 324:326 331:333 335:337 339:341 343:360 350:360 351:358 353:357 362:373 367:373 368:370 391:394 396:404 397:399 401:403 406:410 407:409 422:432 424:430 425:426 427:429 435:505 436:438 443:451 444:445 448:449 455:477 457:458 464:465 471:472 481:489 482:483 486:487 493:504 494:499 495:498
ripgrep/crates/printer/src/color.rs	10:20 11:19 24:35 39:46 40:45 41:44 48:79 49:78 50:77 51:56 57:62 64:70 71:76 88:94 152:155 157:167 162:166 171:176 180:186 190:195 199:208 210:261 213:225 215:223 216:222 232:234 237:239 242:244 247:249 252:254 258:260 263:268 265:267 270:309 272:308 273:307 275:277 278:280 281:306 282:284 285:287 288:290 291:293 294:296 297:299 300:302 303:305 311:349 314:348 316:318 320:347 321:323 324:330 325:327 331:338 332:334 335:336 339:346 340:342 343:344 351:364 354:363 355:362 366:378 369:377 370:376 380:396 383:395 384:394
ripgrep/crates/printer/src/counter.rs	1:3 8:12 14:18 15:17 20:50 24:26 30:32 36:39 42:44 47:49 52:65 55:59 62:64 67:97 69:71 74:76 79:81 84:86 89:91 94:96
ripgrep/crates/printer/src/hyperlink/aliases.rs	6:68 7:11 12:26 16:25 18:20 22:24 27:31 34:38 40:44 47:51 53:57 58:62 63:67 71:77 75:77 80:92 85:92
ripgrep/crates/printer/src/hyperlink/mod.rs	1:10 28:31 33:51 35:40 38:40 43:45 48:50 71:74 76:97 78:80 83:85 89:91 94:96 99:175 102:174 106:111 114:117 121:166 122:165 123:132 124:131 126:127 128:131 133:140 134:136 137:139 141:155 142:144 145:154 147:149 150:153 156:164 157:159 160:163 167:173 170:172 177:184 178:183 179:181 191:196 198:241 200:202 205:207 223:225 228:230 235:240 236:237 251:254 256:282 258:260 267:270 275:281 278:281 286:288 291:309 313:376 314:375 317:374 318:332 320:322 323:324 325:331 333:338 334:337 339:345 340:344 346:352 347:351 353:359 354:358 360:366 361:365 367:373 368:372 382:384 386:506 388:390 393:400 394:395 396:398 403:405 409:430 412:430 413:427 419:426 420:424 421:423 433:439 435:438 442:469 448:450 453:455 458:460 463:467 465:467 481:505 482:484 485:487 488:490 492:494 495:500 496:498 501:503 513:530 532:560 535:559 540:559 541:558 543:545 546:548 550:553 554:557 562:573 563:572 564:571 581:585 587:614 592:594 600:603 610:613 626:629 631:685 633:635 646:665 650:665 651:656 654:656 659:661 675:684 679:684 680:682 693:695 697:703 700:702 712:928 715:764 737:748 739:747 740:745 754:762 755:760 768:877 828:839 830:838 831:836 845:855 847:854 848:852 858:864 862:864 865:868 881:884 898:927 900:925 901:924 911:913 915:917 918:923 946:948 951:1165 952:954 957:970 958:959 973:979 982:986 989:1003 990:992 995:998 1006:1025 1008:1011 1012:1015 1028:1093 1032:1035 1036:1039 1040:1043 1044:1047 1048:1051 1052:1055 1056:1059 1061:1064 1065:1068 1069:1072 1073:1076 1077:1080 1081:1084 1085:1088 1089:1092 1097:1122 1098:1103 1099:1101 1106:1109 1112:1115 1118:1121 1125:1138 1127:1128 1129:1137 1131:1135 1141:1153 1142:1152 1148:1151 1156:1164 1157:1163 1159:1162
ripgrep/crates/printer/src/json.rs	1:17 25:29 31:39 32:38 54:56 58:113 60:62 65:71 79:82 91:94 106:112 109:112 487:491 493:561 496:498 504:519 507:519 525:545 533:545 549:560 552:560 553:554 555:557 563:580 566:568 571:573 577:579 596:606 608:717 614:616 621:623 635:637 641:643 647:680 652:680 661:671 666:670 673:678 676:678 686:705 691:705 693:703 694:695 696:702 708:716 709:711 719:840 722:753 726:753 730:734 739:743 744:750 755:783 759:783 763:770 766:770 771:773 774:780 785:800 789:800 790:798 791:797 792:796 802:813 808:810 815:839 819:839 823:825 829:831 832:836 847:851 853:898 856:883 860:883 861:869 863:869 865:866 870:882 872:880 873:879 875:876 886:888 891:897 892:896 901:1057 902:906 908:915 917:919 922:947 925:932 936:937 950:961 953:954 964:993 965:977 980:981 996:1006 999:1000 1009:1021 1011:1016 1013:1014 1024:1056 1029:1030 1035:1039 1041:1042 1044:1045 1051:1055
ripgrep/crates/printer/src/jsont.rs	11:16 18:46 19:45 22:45 26:43 27:30 31:34 35:38 39:42 48:50 52:63 53:62 56:62 65:69 71:84 72:83 75:83 86:92 94:109 95:108 98:108 111:117 119:134 120:133 123:133 136:141 143:159 144:158 147:158 152:154 169:172 174:201 175:180 176:179 183:190 186:189 193:200 203:221 204:220 207:220 211:218 213:217 231:274 232:233 237:249 238:240 250:272 252:260 261:270 277:294 284:293
ripgrep/crates/printer/src/lib.rs	63:73
ripgrep/crates/printer/src/macros.rs	4:24
ripgrep/crates/printer/src/stats.rs	1:6 13:21 23:105 27:29 32:34 37:39 42:44 47:49 52:54 60:62 67:69 72:74 77:79 82:84 87:89 92:94 97:99 102:104 107:113 110:112 115:130 118:129 132:136 133:135 138:148 139:147 151:171 152:170 155:170 161:164
ripgrep/crates/printer/src/util.rs	1:11 14:16 18:25 27:35 28:34 30:31 37:154 42:44 51:109 58:109 64:68 65:67 69:79 75:76 80:107 81:82 86:105 93:104 95:100 115:128 117:128 118:127 120:126 121:122 123:125 134:139 135:138 146:153 147:151 148:149 169:176 178:261 180:189 192:207 196:207 197:198 210:225 214:225 215:216 228:230 233:235 238:240 243:245 248:250 253:255 258:260 283:293 295:365 297:307 313:333 316:333 321:329 323:327 324:326 336:338 346:350 347:348 353:364 355:358 360:362 374:378 375:377 380:388 384:387 391:404 392:403 395:403 415:418 420:445 425:439 428:437 434:436 442:444 452:471 456:471 457:462 458:461 464:465 466:468 473:530 483:530 508:511 509:511 512:521 522:528 523:528 524:526 535:552 539:552 541:548 543:545 549:551 557:589 569:589 571:584 573:575 580:581 582:584 592:608 596:607 597:600 604:606
ripgrep/crates/regex/src/ast.rs	6:11 13:144 19:24 20:21 27:31 39:41 47:49 52:54 56:90 57:59 60:89 67:69 70:72 73:75 76:78 79:83 80:82 84:88 85:87 92:105 93:95 96:104 97:99 100:103 107:132 108:110 111:131 116:118 119:122 123:125 126:130 127:129 134:137 141:143 147:216 150:152 155:215
ripgrep/crates/regex/src/ban.rs	1:5 8:53 12:51 14:18 15:17 19:27 20:26 21:22 23:25 28:37 29:36 30:32 33:35 41:45 42:44 46:50 47:49 56:83 61:64 67:82
ripgrep/crates/regex/src/error.rs	7:9 11:37 12:14 16:27 17:26 18:20 22:23 24:26 29:31 34:36 42:65 69:94 70:93 73:92 75:77 78:84 79:83 85:91 86:90
ripgrep/crates/regex/src/literal.rs	1:9 40:42 44:123 54:92 57:63 58:61 72:80 73:79 74:77 83:89 84:87 96:98 106:122 108:110 112:114 117:118 131:136 138:437 140:147 151:166 155:158 159:164 160:162 169:189 172:188 174:179 175:176 180:182 196:226 199:224 204:220 208:210 211:213 214:217 231:247 234:247 236:245 241:243 264:315 266:314 267:279 271:273 275:277 280:295 282:283 285:290 286:288 291:293 296:309 298:299 301:306 302:304 310:313 320:332 321:323 325:329 326:328 336:348 337:339 341:345 342:344 352:361 354:359 355:357 365:374 367:372 368:370 379:393 380:388 383:384 386:388 398:430 399:425 400:425 419:420 422:424 434:436 440:443 446:625 447:449 451:453 455:457 459:465 463:465 467:469 471:473 475:477 479:481 483:486 488:490 492:494 496:498 500:502 504:506 508:510 512:514 516:518 520:522 524:526 528:531 533:535 537:539 546:548 553:565 554:556 561:563 570:577 571:573 580:583 587:624 594:595 596:598 599:600 601:603 606:607 608:610 615:616 617:619 627:631 628:630 635:639 642:1016 645:653 647:648 656:658 661:663 665:667 669:674 672:674 676:678 681:695 691:694 700:712 708:711 715:740 743:748 751:780 783:840 826:827 829:838 843:849 852:885 854:857 874:877 878:884 888:909 928:948 951:961 964:979 970:973 975:978 982:1008 1012:1015
ripgrep/crates/regex/src/matcher.rs	1:12 24:26 28:32 29:31 34:362 36:38 45:47 53:85 56:85 60:61 62:64 92:97 95:97 103:106 120:123 131:134 143:149 146:149 157:160 167:173 170:173 179:182 199:202 209:212 223:229 226:229 256:259 281:287 284:287 300:303 322:330 323:324 325:327 343:346 351:354 358:361 367:380 382:404 385:387 401:403 409:507 414:421 418:421 424:426 429:431 434:436 439:455 446:455 447:453 448:452 458:468 463:468 471:478 475:478 481:483 486:488 491:506 494:506 495:505 496:501 498:499 502:504 524:527 529:539 531:533 536:538 541:551 543:545 548:550 554:670 560:568 561:562 565:566 573:584 579:580 589:596 590:595 600:622 602:603 609:610 616:617 626:634 627:628 631:632 640:669 641:646 642:645 647:652 648:651 663:664
ripgrep/crates/regex/src/non_matching.rs	1:7 10:14 18:81 19:80 28:29 30:35 36:38 39:42 43:47 44:46 48:58 49:57 52:56 53:55 59:63 60:62 64:66 67:69 70:74 71:73 75:79 76:78 84:159 85:87 89:93 90:91 95:103 97:101 98:100 105:118 107:109 112:116 113:115 121:138 122:128 129:135 141:146 149:158
ripgrep/crates/regex/src/strip.rs	1:6 39:49 42:49 43:45 46:48 55:119 56:58 61:118 63:68 64:66 69:81 70:72 73:75 77:79 82:94 83:85 86:88 90:92 96:99 100:103 104:110 105:106 111:117 112:113 122:170 123:126 128:130 132:134 136:138 140:147 143:147 150:169
ripgrep/crates/searcher/examples/search-stdin.rs	1:8 10:15 11:14 17:34 18:23 20:22 25:32 28:31
ripgrep/crates/searcher/src/lib.rs	86:96
ripgrep/crates/searcher/src/line_buffer.rs	1:3 17:27 29:33 30:32 37:40 51:64 66:70 67:69 72:81 75:80 76:79 86:95 97:106 98:105 110:112 114:203 116:118 121:131 141:147 144:147 160:166 163:166 182:188 185:188 196:202 199:202 208:211 213:286 219:225 222:225 233:235 239:241 256:258 261:263 268:270 274:276 283:285 294:323 325:523 330:332 335:341 350:352 356:358 361:363 367:369 373:377 384:387 406:472 410:412 416:471 419:424 435:462 437:448 438:447 449:461 450:460 452:460 454:459 455:458 465:468 480:493 481:486 499:522 500:502 506:516 508:515 511:513 527:552 531:552 532:534 538:550 546:549 555:965 556:558 560:567 569:571 573:581 577:581 584:593 596:618 621:633 636:648 651:663 666:674 677:687 682:684 690:703 696:699 706:737 708:709 740:762 742:743 765:775 767:768 778:792 795:811 797:798 814:825 816:817 828:844 830:831 847:863 849:850 866:888 867:868 875:881 891:907 893:894 910:926 912:913 929:945 931:932 948:964 950:951
ripgrep/crates/searcher/src/lines.rs	5:8 17:20 22:29 25:28 31:37 34:36 49:53 55:108 63:65 74:76 80:82 85:107 87:106 88:98 89:94 95:97 99:105 111:113 118:128 121:128 124:126 135:147 136:137 138:145 139:140 141:145 142:143 157:159 170:197 175:197 176:177 178:180 181:196 182:195 183:185 186:194 187:188 189:191 200:466 203:210 212:214 216:223 219:221 225:232 228:230 234:236 238:240 243:248 251:288 255:258 259:262 263:266 267:270 272:275 276:279 280:283 284:287 291:309 312:327 330:333 336:343 346:380 383:425 428:445 448:465
ripgrep/crates/searcher/src/macros.rs	4:25
ripgrep/crates/searcher/src/searcher/core.rs	1:12 14:18 21:37 39:713 40:73 45:73 46:47 48:64 65:71 66:67 68:70 75:77 79:81 83:85 87:89 91:93 95:97 99:105 103:105 107:112 110:112 114:122 124:139 127:139 128:130 131:138 134:137 141:153 144:153 145:147 148:152 155:157 159:168 163:168 164:167 170:183 173:183 174:179 175:179 180:182 185:213 186:187 188:206 198:202 203:204 215:238 219:238 220:222 223:237 228:234 231:233 235:237 240:274 244:274 245:247 249:251 252:257 253:257 260:264 265:272 266:268 269:271 276:309 280:309 281:283 286:290 291:307 292:303 294:300 297:299 301:303 304:306 311:328 315:328 317:321 322:326 323:325 330:383 334:338 339:381 340:345 343:345 346:356 351:354 360:377 363:365 366:368 369:372 370:372 373:377 374:376 378:380 385:427 388:427 392:418 393:417 396:417 397:399 400:414 403:410 404:406 407:409 412:414 415:417 419:421 422:424 430:473 433:473 436:447 437:441 442:446 448:450 452:454 455:457 458:462 463:471 465:467 468:470 476:519 479:519 484:517 485:487 488:516 491:504 492:496 499:502 505:515 506:510 511:513 522:554 526:554 527:529 530:532 536:546 547:549 556:583 560:583 561:563 566:576 577:579 585:615 589:615 592:594 597:607 608:610 617:644 621:644 622:624 627:637 638:640 646:659 649:659 651:652 654:655 656:658 661:671 662:670 663:665 673:708 676:678 679:681 682:697 691:693 694:696 698:706 703:705 710:712
ripgrep/crates/searcher/src/searcher/glue.rs	1:8 11:15 17:94 23:36 28:36 38:51 39:46 40:45 41:44 47:50 53:56 58:88 65:68 69:75 70:74 71:73 76:78 83:86 90:93 97:100 102:139 103:115 108:115 117:131 118:127 119:120 122:126 123:125 133:138 134:137 142:147 149:351 150:164 155:164 166:206 167:202 168:169 171:201 173:175 176:186 177:185 179:184 180:182 188:200 189:193 190:193 194:199 195:198 208:258 209:211 212:218 214:217 221:222 227:257 228:231 232:256 246:248 249:255 251:253 260:297 263:279 264:268 269:278 270:274 280:282 283:285 286:290 291:295 292:294 299:309 300:307 311:325 312:315 313:315 316:323 317:319 320:322 327:331 328:329 337:343 339:342 345:350 346:349 354:1549 355:360 362:369 371:385 388:399 389:398 395:396 402:408 404:405 411:425 412:424 421:422 428:444 429:437 440:441 447:460 448:459 455:456 463:480 464:469 470:479 476:477 483:503 484:490 491:502 498:499 506:519 509:512 514:515 522:535 525:528 530:531 538:544 540:541 547:555 551:552 558:566 562:563 569:589 571:579 582:583 585:586 592:612 595:602 605:606 608:609 615:637 618:627 630:631 633:634 640:656 644:646 652:653 659:676 663:665 670:671 673:674 679:697 683:685 690:691 694:695 700:709 704:705 712:721 716:717 724:756 727:729 746:747 749:750 759:788 762:764 778:779 781:782 791:806 792:805 801:802 809:825 810:824 819:820 828:874 829:836 837:844 846:847 855:856 862:873 869:870 877:929 878:886 887:895 897:898 907:908 915:928 923:924 932:978 933:940 941:948 950:951 959:960 966:977 973:974 981:1043 982:990 991:999 1001:1002 1011:1025 1020:1021 1028:1042 1037:1038 1046:1094 1047:1055 1056:1064 1066:1067 1075:1076 1082:1093 1089:1090 1097:1146 1098:1104 1105:1111 1113:1114 1122:1131 1127:1128 1134:1145 1141:1142 1149:1207 1150:1158 1159:1167 1169:1170 1178:1190 1186:1187 1193:1206 1202:1203 1210:1267 1211:1219 1220:1228 1230:1231 1239:1252 1248:1249 1255:1266 1262:1263 1270:1342 1272:1284 1285:1297 1299:1300 1308:1323 1319:1320 1326:1341 1337:1338 1345:1416 1346:1358 1359:1371 1373:1374 1382:1397 1393:1394 1400:1415 1411:1412 1419:1492 1420:1433 1434:1447 1449:1450 1458:1473 1469:1470 1476:1491 1487:1488 1495:1521 1496:1497 1499:1506 1511:1519 1515:1518 1525:1548 1526:1528 1530:1531 1537:1545 1541:1544
ripgrep/crates/searcher/src/searcher/mmap.rs	1:3 16:19 21:25 22:24 27:124 49:51 54:56 65:115 69:115 70:72 73:79 84:114 85:101 89:99 90:95 91:95 96:98 102:113 103:108 104:108 109:111 118:123 119:122
ripgrep/crates/searcher/src/searcher/mod.rs	1:23 57:118 62:64 79:81 95:97 102:107 103:106 112:117 113:116 129:146 137:145 139:144 141:143 151:185 187:206 188:205 208:236 213:215 218:235 220:221 224:233 225:226 227:229 230:231 244:262 266:287 267:286 268:285 269:271 272:279 273:278 280:284 298:300 302:306 303:305 308:587 310:312 315:337 317:320 323:324 346:352 349:352 358:361 368:371 388:391 399:405 402:405 413:419 416:419 431:434 457:463 460:463 495:501 498:501 510:516 513:516 533:539 536:539 553:556 563:569 566:569 583:586 597:625 627:828 632:634 643:657 653:657 665:676 674:676 678:714 688:714 689:692 696:709 697:700 703:708 710:713 727:765 737:765 741:743 746:758 747:749 752:757 759:764 769:795 778:795 782:794 783:785 788:790 791:794 798:801 805:821 806:809 807:809 810:813 814:819 815:818 824:827 833:1029 836:838 842:844 850:852 857:859 864:866 871:873 885:887 896:915 897:899 900:904 901:903 905:913 910:912 920:922 927:929 933:935 940:969 943:969 947:949 959:967 962:963 975:1028 978:1028 986:994 988:993 989:990 995:997 1004:1027 1005:1011 1007:1009 1012:1015 1018:1026 1020:1022 1036:1044 1037:1040 1042:1043 1047:1088 1048:1050 1053:1059 1062:1070 1073:1087
ripgrep/crates/searcher/src/sink.rs	1:8 18:38 27:29 35:37 42:50 43:45 47:49 54:60 55:59 57:59 102:223 143:149 147:149 167:172 170:172 188:194 192:194 206:208 216:222 220:222 225:276 229:235 233:235 238:244 242:244 247:252 250:252 255:261 259:261 264:266 269:275 273:275 278:329 282:288 286:288 291:297 295:297 300:305 303:305 308:314 312:314 317:319 322:328 326:328 340:343 345:362 348:350 359:361 366:373 375:426 379:381 392:394 401:403 410:412 416:418 423:425 430:438 442:449 451:493 454:456 460:462 471:473 480:482 490:492 517:663 518:522 540:542 544:568 550:567 554:567 555:558 559:565 561:564 588:590 592:622 598:621 602:621 605:612 613:619 615:618 638:640 642:662 648:661 652:661 653:659 655:658
ripgrep/crates/searcher/src/testutil.rs	1:14 24:28 30:61 32:38 33:34 43:49 46:49 54:60 57:60 63:106 67:76 71:76 72:74 78:80 82:84 86:105 89:105 90:101 92:94 97:98 102:104 115:126 118:120 123:125 128:190 131:152 135:152 141:150 142:145 154:168 158:168 162:164 170:176 173:176 178:189 182:189 185:187 204:222 224:678 226:246 250:294 252:254 255:260 256:259 263:265 266:280 267:279 268:271 272:278 273:274 275:277 281:293 283:286 289:292 305:308 316:319 322:328 325:328 331:337 334:337 342:348 345:348 354:360 357:360 367:370 375:378 384:387 392:395 400:406 403:406 417:423 420:423 428:434 431:434 439:445 442:445 454:457 468:498 469:497 471:472 473:497 474:475 479:480 481:489 493:494 505:511 506:509 516:677 521:522 529:576 533:534 535:538 539:545 547:557 549:555 560:566 569:575 577:614 581:582 583:586 589:595 598:604 607:613 615:644 617:622 618:620 625:631 633:643 635:641 645:675 647:654 648:650 658:664 667:673 681:687 689:724 693:706 696:700 701:704 710:723 713:717 718:721 727:797 730:732 735:740 743:749 752:759 762:772 775:786 789:796
ripgrep/tests/binary.rs	37:46 50:58 63:73 77:85 90:102 107:116 120:129 133:151 162:171 175:184 187:195 200:216 220:235 239:247 262:266 271:275 281:285 289:303 308:312 316:331 335:351 355:359 363:371 376:384 388:396 400:404 411:419 423:431 434:468
ripgrep/tests/feature.rs	1:2 5:12 15:22 25:32 35:42 45:47 50:52 55:65 68:76 79:88 91:99 102:111 114:163 166:174 177:191 194:202 205:213 216:221 224:230 233:238 241:245 248:258 261:269 272:276 279:282 285:290 293:298 301:306 309:313 316:320 323:339 342:346 349:357 360:368 371:377 380:391 394:400 404:417 420:432 434:443 445:462 464:475 478:486 489:497 500:508 511:516 518:595 598:603 606:611 614:619 622:642 648:668 670:677 679:692 694:709 711:732 734:752 754:772 775:783 788:801 803:820 823:836 839:852 858:862 867:877 880:902 905:914 917:936 939:961 964:983 986:1002 1005:1051 1054:1095 1098:1102 1105:1112 1114:1118 1120:1131 1133:1144 1146:1150 1152:1156 1158:1162 1164:1167 1170:1174
ripgrep/tests/hay.rs	1:8 10:17
ripgrep/tests/index/disallowed.rs	3:12 14:19 21:32 34:48 50:55 57:62 64:69 71:76 78:88 90:117 119:124 126:135 138:143 145:150 152:159
ripgrep/tests/json.rs	1:7 12:18 20:55 21:26 22:25 28:33 29:32 35:40 36:39 42:47 43:46 49:54 50:53 59:61 65:69 73:76 80:86 90:96 100:106 110:115 117:124 118:120 121:123 128:136 140:144 148:153 149:150 155:200 202:251 253:264 267:314 316:356 363:378 384:396 402:422 425:441
ripgrep/tests/macros.rs	2:15 18:38 41:61
ripgrep/tests/misc.rs	1:2 11:19 21:29 31:39 41:50 52:61 63:80 82:98 100:111 113:124 126:135 137:145 147:157 159:171 173:179 181:186 188:197 199:209 211:226 228:240 242:249 251:257 259:267 269:279 281:288 290:298 300:320 322:329 331:339 341:347 349:356 358:364 366:375 377:383 385:391 393:399 401:407 409:419 421:429 431:437 439:446 448:459 461:472 474:484 486:496 498:510 512:524 526:529 531:534 536:542 544:550 552:558 560:566 568:571 573:582 584:591 593:599 601:607 609:619 621:632 634:661 665:692 694:707 709:743 749:777 781:805 807:817 820:834 836:846 848:857 859:868 870:881 883:894 896:907 909:922 924:940 942:955 957:970 972:985 987:1000 1002:1015 1017:1030 1032:1045 1047:1060 1062:1071 1073:1081 1083:1091 1093:1097 1099:1103 1116:1120 1122:1126 1128:1135 1137:1141 1155:1174 1159:1160 1161:1163 1176:1180 1182:1189 1191:1198
ripgrep/tests/multiline.rs	1:2 6:10 14:18 21:25 28:43 46:64 72:89 94:101 104:121
ripgrep/tests/regression.rs	1:2 5:14 17:28 31:37 40:46 49:57 60:67 70:78 81:90 93:99 102:108 111:115 118:127 130:134 137:141 144:168 171:175 182:188 196:211 214:236 239:249 252:256 259:265 269:281 284:288 291:295 298:303 307:313 317:323 326:331 334:338 341:359 362:370 374:393 396:410 413:423 426:439 442:446 449:453 456:461 464:468 471:483 485:503 506:518 526:549 552:558 561:570 577:628 631:649 652:689 692:712 715:733 736:750 753:761 764:769 772:775 778:783 786:798 801:803 806:840 843:849 852:862 865:870 873:879 882:890 893:901 904:912 915:927 930:938 941:947 950:956 959:993 996:1003 1006:1025 1028:1037 1040:1052 1055:1063 1066:1075 1078:1094 1097:1102 1105:1125 1130:1167 1172:1176 1179:1183 1186:1205 1208:1215 1218:1228 1231:1249 1252:1274 1276:1297 1300:1305 1308:1329 1332:1374 1377:1387 1390:1416 1419:1424 1427:1458 1461:1473 1476:1480 1483:1491 1494:1498 1502:1514 1517:1527 1530:1568 1571:1582 1585:1593 1596:1635 1638:1656 1659:1706 1709:1719 1727:1744
ripgrep/tests/util.rs	1:12 22:26 29:34 39:43 47:52 48:51 58:67 69:248 73:87 75:76 80:81 82:84 90:92 96:98 102:104 109:116 113:116 119:123 127:130 134:143 138:143 146:149 153:156 167:176 172:174 179:193 180:181 182:184 185:192 187:191 196:198 203:209 214:220 225:231 229:231 237:247 241:247 252:257 259:440 261:263 266:269 272:279 276:279 282:289 286:289 299:302 305:308 311:328 331:334 338:342 345:364 347:363 348:362 368:386 370:385 389:408 391:407 392:406 410:439 411:437 412:413 414:416 418:436 442:447 443:446 449:460 451:458 452:454 455:457 465:471 466:467 492:505 494:504 497:504 499:500 501:504 512:514 523:528 524:525
