# NVIM v0.12.5, nvim-treesitter 910fdf6: 376 folds in 74 files, 3 files left out for a syntax error
# path (project/file)	each fold as line:last hidden line, 1-based
SDWebImage/Scripts/build-frameworks.sh	6:9 10:13 19:22 27:30 32:36 38:60 43:45 48:51 53:57
SDWebImage/Scripts/create-xcframework.sh	6:9 10:13 19:22 24:29 34:37 39:43 46:52 49:51
SDWebImage/Scripts/sign-xcframework.sh	7:10 13:16
eslint/tools/commit-readme.sh	7:18
halo/hack/cherry_pick_pull.sh	42:45 47:50 52:72 77:80 82:85 100:104 116:132 117:121 124:131 128:130 136:158 144:154 164:203 174:189 185:188 191:194 207:215 210:214 217:227 229:243 251:254
halo/ui/packages/api-client/src/git_push.sh	11:14 16:19 21:24 26:29 42:51 44:49
koel/docs/.vitepress/check-frontmatter.sh	10:21 12:20 23:29 25:27
nowinandroid/kokoro/build.sh	26:28 54:78 65:76 88:91 93:95
nowinandroid/tools/setup.sh	35:41
paperless-ngx/docker/install_management_commands.sh	7:27
paperless-ngx/docker/management_script.sh	8:17
paperless-ngx/docker/rootfs/etc/profile.d/contenv.sh	10:17 11:16
paperless-ngx/install-paperless-ngx.sh	3:22 4:21 5:9 10:13 15:20 24:42 25:41 29:32 34:39 44:47 49:52 54:57 59:62 66:72 76:84 211:213 224:235 249:266 253:256 261:265 278:282 283:287 288:294 289:293 321:323 342:344 345:347 348:350 354:356 363:366 368:371 375:383 376:382 390:392 397:403
redis/deps/hiredis/test.sh	15:17 23:51 53:61 54:59 65:70 73:79 74:78 82:89 83:88 93:104
redis/deps/jemalloc/autogen.sh	3:10 6:9 14:17
redis/deps/jemalloc/include/jemalloc/internal/private_namespace.sh	3:5
redis/deps/jemalloc/include/jemalloc/internal/private_symbols.sh	12:18 20:24 21:23 26:51
redis/deps/jemalloc/include/jemalloc/internal/public_namespace.sh	3:6
redis/deps/jemalloc/include/jemalloc/internal/public_unnamespace.sh	3:6
redis/deps/jemalloc/include/jemalloc/internal/smoothstep.sh	25:36 38:42 44:48 50:54 56:87 90:96 99:101
redis/deps/jemalloc/include/jemalloc/jemalloc.sh	5:12 14:20 22:27
redis/deps/jemalloc/include/jemalloc/jemalloc_mangle.sh	6:18 20:23 25:36 38:41 43:45
redis/deps/jemalloc/include/jemalloc/jemalloc_rename.sh	5:12 14:18 20:22
redis/deps/jemalloc/scripts/check-formatting.sh	10:16 18:21 23:28 24:27
redis/deps/jemalloc/scripts/linux/before_install.sh	5:8 10:13
redis/deps/jemalloc/scripts/windows/before_install.sh	10:13 25:31 33:81
redis/deps/jemalloc/scripts/windows/before_script.sh	5:8
redis/deps/jemalloc/scripts/windows/script.sh	5:8
redis/deps/jemalloc/test/integration/cpp/infallible_new_false.sh	4:6
redis/deps/jemalloc/test/integration/cpp/infallible_new_true.sh	4:6
redis/deps/jemalloc/test/integration/extent.sh	3:5
redis/deps/jemalloc/test/integration/mallocx.sh	3:5
redis/deps/jemalloc/test/integration/smallocx.sh	3:5
redis/deps/jemalloc/test/integration/xallocx.sh	3:5
redis/deps/jemalloc/test/unit/inspect.sh	3:5
redis/deps/jemalloc/test/unit/junk.sh	3:5
redis/deps/jemalloc/test/unit/junk_alloc.sh	3:5
redis/deps/jemalloc/test/unit/junk_free.sh	3:5
redis/deps/jemalloc/test/unit/prof_accum.sh	3:5
redis/deps/jemalloc/test/unit/prof_active.sh	3:5
redis/deps/jemalloc/test/unit/prof_gdump.sh	3:5
redis/deps/jemalloc/test/unit/prof_hook.sh	3:5
redis/deps/jemalloc/test/unit/prof_idump.sh	4:6
redis/deps/jemalloc/test/unit/prof_log.sh	3:5
redis/deps/jemalloc/test/unit/prof_mdump.sh	3:5
redis/deps/jemalloc/test/unit/prof_recent.sh	3:5
redis/deps/jemalloc/test/unit/prof_reset.sh	3:5
redis/deps/jemalloc/test/unit/prof_sys_thread_name.sh	3:5
redis/deps/jemalloc/test/unit/prof_tctx.sh	3:5
redis/deps/jemalloc/test/unit/prof_thread_name.sh	3:5
redis/deps/jemalloc/test/unit/safety_check.sh	3:5
redis/deps/jemalloc/test/unit/size_check.sh	3:5
redis/deps/jemalloc/test/unit/thread_event.sh	3:5
redis/deps/jemalloc/test/unit/zero.sh	3:5
redis/modules/docker-install-bundled-module-deps.sh	20:23 25:28 39:44 40:43 49:51 54:73 57:60 61:63 66:72 75:83 78:80
redis/scripts/apply-redis-conf.sh	32:35 37:40 45:48
redis/scripts/bootstrap.sh	30:36 31:35 46:56 47:55 61:65 67:73 78:82 85:119 89:94 101:110 112:114 116:118 126:134 127:132 135:199 138:144 158:161 171:180 173:177 181:184 185:190
redis/scripts/build.sh	36:41 48:54 57:82 59:63 68:77 72:76 78:81 87:102 89:101 95:100 104:108
redis/scripts/clean.sh	35:37 41:47 42:46
redis/scripts/lib/manifest.sh	72:75 77:84 87:100 102:110 112:134 138:140 150:169 157:160 161:164 165:168 171:180 174:178 175:177 188:244 191:193 197:203 198:202 208:228 210:214 215:218 220:227 221:226 222:225 232:242 235:241 252:309 253:272 254:271 276:308
redis/scripts/modules-update.sh	20:23 24:26 31:37 32:36 40:43 45:150 46:50 57:59 60:62 63:65 67:148 69:88 78:84 90:144 96:99 100:113 104:111 130:142
redis/scripts/run.sh	22:25 37:40 46:78 67:75 68:72 80:82
redis/scripts/sync-redis-conf.sh	54:60 55:58 65:70 66:69 72:74 94:97 98:101 113:124 155:157 162:171 164:170 183:197 204:211 215:217 221:225 245:258 266:286 268:271 275:285 292:309 298:307 299:303 324:338 325:329 331:335
redis/scripts/tarball.sh	29:33 34:37 38:40 41:45 47:51 59:62 78:108 84:87 88:91 92:107 97:99 131:134 155:157 186:189 206:215 208:214
redis/scripts/test.sh	23:26 31:103 33:37 42:46 47:51 54:61 57:60 63:66 72:83 85:91 93:101
redis/src/mkreleasehdr.sh	5:7
redis/utils/gen-test-certs.sh	14:36 47:59
redis/utils/install_server.sh	51:54 71:74 78:83 86:94 90:93 96:105 101:104 107:116 112:115 118:127 123:126 129:142 134:141 137:140 146:148 159:161 174:177 183:189 226:232 241:266 276:285
redis/utils/releasetools/01_create_tarball.sh	2:6 14:17
redis/utils/releasetools/02_upload_tarball.sh	2:6
redis/utils/releasetools/03_test_release.sh	3:7
redis/utils/releasetools/04_release_hash.sh	2:6
redis/utils/whatisdoing.sh	14:18
ripgrep/ci/utils.sh	9:17 19:28 20:27 30:45 31:44 47:56 48:55 58:63 59:62 65:70 66:69 72:77 73:76 79:84 80:83 86:91 87:90 93:98 94:97 100:107 101:106
