# NVIM v0.12.5, nvim-treesitter 910fdf6: 6195 folds in 82 files, 0 files left out for a syntax error
# path (project/file)	each fold as line:last hidden line, 1-based
SDWebImage/codecov.yml	1:17 2:5 6:17 7:17 9:11 10:11 12:14 13:14 15:17 16:17
caddy/.github/workflows/lint.yml	3:11 4:7 5:7 8:11 9:11 13:14 16:18 20:105 22:67 23:25 27:42 28:42 29:32 34:42 35:36 38:39 41:42 46:67 47:50 49:50 53:56 54:56 58:67 60:67 69:84 70:72 74:84 75:78 77:78 80:84 82:84 86:105 88:90 91:105 92:95 94:95 97:98 99:105 101:105
eShop/.github/skills/aspire-deployment/references/github-actions-azure-csharp.yml	3:6 5:6 8:10 12:53 13:53 16:17 18:21 22:53 23:25 27:32 30:32 34:37 35:37 39:45 42:45 47:53 49:53
eShop/.github/skills/aspire-deployment/references/github-actions-azure-typescript.yml	3:6 5:6 8:10 12:53 13:53 16:17 18:53 19:21 23:27 26:27 29:32 30:32 34:37 35:37 39:45 42:45 47:53 49:53
eslint/.github/dependabot.yml	2:12 3:12 5:6 7:8 9:12
eslint/.github/workflows/stale.yml	3:5 4:5 7:9 11:15 12:15 14:15
eslint/.pre-commit-hooks.yaml	1:7
eslint/docs/src/_data/sites/zh-hans.yml	12:15 23:28 30:36 38:50 42:43 52:71 53:54 55:56 57:58 59:61 62:64 65:71 73:108 77:83 84:88 89:94 95:96 97:108 110:120 114:120 122:125
eslint/tests/fixtures/cli-engine/overrides-with-dot/.eslintrc.yml	3:6 4:6 5:6
eslint/tests/fixtures/config-file/yaml/.eslintrc.yaml	1:2
halo/.github/ISSUE_TEMPLATE/bug_report.en.yml	4:82 5:18 7:18 10:18 11:12 13:14 15:16 17:18 19:22 21:22 23:41 25:39 28:39 40:41 42:52 44:45 46:52 48:52 53:56 55:56 57:63 59:61 62:63 64:71 66:71 69:71 72:77 74:77 78:82 80:82
halo/application/src/main/resources/application-mysql.yaml	1:9 2:5 6:9 7:9
halo/application/src/main/resources/extensions/attachment-local-policy.yaml	3:4 5:7 11:16 13:14 15:16 17:20 24:28 26:28 29:30 34:35 36:111 37:111 38:111 40:111 41:44 45:52 50:51 53:71 57:71 58:59 60:61 62:63 64:65 66:67 68:69 70:71 72:77 78:111 83:85 86:111 87:96 90:96 91:92 93:94 95:96 97:107 108:111 115:120 117:118 119:120 121:122
halo/application/src/main/resources/extensions/role-template-anonymous.yaml	3:10 5:7 8:10 9:10 11:31 12:14 15:17 18:21 22:31 24:30 35:39 37:39 40:55 41:43 44:46 47:49 50:52 53:55
halo/application/src/main/resources/extensions/role-template-theme.yaml	3:12 5:6 7:12 11:12 13:33 14:16 17:31 18:30 32:33 37:45 39:40 41:45 44:45 46:59 47:49 50:59 51:58
halo/application/src/test/resources/application.yaml	1:2 3:15 4:6 5:6 7:9 10:13 11:13 14:15 17:32 20:26 21:22 23:26 24:26 27:29 28:29 30:32 31:32 34:36 35:36 37:40 38:40
halo/openspec/config.yaml	6:18 21:31 22:26 27:31
halo/ui/pnpm-workspace.yaml	1:2 6:10 11:19 20:27 21:23 24:27 28:35 36:37 38:54
koel/.github/workflows/lint-backend.yml	3:16 4:9 5:6 7:9 10:15 11:12 13:15 18:20 22:23 25:49 26:49 28:30 29:30 31:49 32:34 33:34 35:39 37:39 40:43 42:43 44:45 46:47 48:49
koel/.github/workflows/lint-frontend.yml	2:18 3:9 4:5 6:9 10:17 11:13 14:17 20:22 24:25 27:28 30:50 31:50 33:36 35:36 37:50 38:40 39:40 41:43 42:43 45:46 47:48 49:50
koel/.github/workflows/release.yml	1:4 2:4 3:4 8:11 13:63 14:63 17:63 18:20 21:23 22:23 24:29 26:29 30:33 32:33 34:37 36:37 39:44 40:44 45:52 46:52 53:63 56:63 61:63
mastodon/.github/ISSUE_TEMPLATE/4.feature_request.yml	4:22 5:10 6:10 7:10 11:16 12:14 15:16 17:22 18:20 21:22
mastodon/.github/workflows/build-push-pr.yml	2:4 3:4 6:8 10:58 11:28 18:25 20:21 22:25 23:25 26:28 30:43 33:42 35:36 38:39 40:42 45:58 48:57 50:51 53:54 55:57
mastodon/.github/workflows/crowdin-download.yml	2:5 3:4 7:9 11:71 12:71 16:71 17:18 20:27 23:25 28:42 30:36 37:42 43:46 47:48 50:53 54:71 56:71 60:68
mastodon/.github/workflows/format-check.yml	2:8 4:7 5:7 10:23 11:23 15:23 16:17 19:20 22:23
mastodon/config/locales/activerecord.an.yml	2:55 3:55 4:16 5:7 8:12 13:14 15:16 17:55 18:55 19:23 20:23 21:23 24:27 25:27 26:27 28:31 29:31 30:31 32:35 33:35 34:35 36:39 37:39 38:39 40:46 41:46 42:44 45:46 47:55 48:55 49:52 53:55
mastodon/config/locales/activerecord.es-AR.yml	2:83 3:83 4:16 5:7 8:12 13:14 15:16 17:83 18:20 19:20 21:22 23:83 24:30 25:30 26:27 28:30 31:34 32:34 33:34 35:40 36:40 37:38 39:40 41:44 42:44 43:44 45:48 46:48 47:48 49:53 50:52 51:52 54:57 55:57 56:57 58:61 59:61 60:61 62:70 63:70 64:65 66:68 69:70 71:79 72:79 73:76 77:79 80:83 81:83 82:83
mastodon/config/locales/activerecord.ja.yml	2:83 3:83 4:16 5:7 8:12 13:14 15:16 17:83 18:20 19:20 21:22 23:83 24:30 25:30 26:27 28:30 31:34 32:34 33:34 35:40 36:40 37:38 39:40 41:44 42:44 43:44 45:48 46:48 47:48 49:53 50:52 51:52 54:57 55:57 56:57 58:61 59:61 60:61 62:70 63:70 64:65 66:68 69:70 71:79 72:79 73:76 77:79 80:83 81:83 82:83
mastodon/config/locales/activerecord.ne.yml	2:35 3:35 4:12 5:8 9:10 11:12 13:35 14:16 15:16 17:18 19:35 20:23 21:23 22:23 24:27 25:27 26:27 28:31 29:31 30:31 32:35 33:35 34:35
mastodon/config/locales/activerecord.uk.yml	2:73 3:73 4:16 5:7 8:12 13:14 15:16 17:73 18:20 19:20 21:22 23:73 24:30 25:30 26:27 28:30 31:34 32:34 33:34 35:38 36:38 37:38 39:42 40:42 41:42 43:47 44:46 45:46 48:51 49:51 50:51 52:60 53:60 54:55 56:58 59:60 61:69 62:69 63:66 67:69 70:73 71:73 72:73
mastodon/config/locales/af.yml	2:168 3:7 8:16 9:11 13:15 17:94 18:20 21:22 23:32 26:27 28:29 33:38 34:35 36:37 39:42 43:45 46:53 50:53 51:53 54:55 56:59 58:59 60:65 61:62 63:65 66:68 67:68 69:71 72:74 73:74 75:79 77:78 80:94 95:98 99:103 100:103 104:107 105:107 108:109 110:112 113:115 114:115 116:118 117:118 119:121 122:125 123:124 126:127 128:130 129:130 131:134 132:134 133:134 135:138 139:140 141:145 143:145 146:152 147:149 150:152 153:155 156:159 158:159 160:161 162:164 163:164 165:168 166:168 167:168
mastodon/config/locales/cs.yml	2:2515 3:9 10:35 11:12 13:17 18:22 27:28 29:33 36:1329 37:41 42:45 46:189 53:59 60:65 98:102 108:115 126:130 145:148 157:159 163:165 190:341 191:258 259:335 342:363 345:346 349:351 352:355 364:382 368:371 375:379 384:417 404:405 418:451 424:428 429:433 434:438 439:443 452:455 453:455 456:462 463:504 465:473 482:490 485:489 505:529 508:512 515:517 516:517 519:522 530:607 531:555 533:535 538:552 546:548 556:558 557:558 559:569 560:563 565:568 570:579 571:574 575:578 581:587 582:585 589:598 592:594 599:607 600:607 603:607 608:611 609:610 612:622 613:618 620:621 623:652 624:630 625:630 631:651 642:646 653:660 661:745 662:664 665:679 666:670 672:676 685:696 689:693 697:705 706:712 718:722 723:726 727:733 746:753 748:752 754:770 758:764 765:766 771:772 773:788 789:791 792:884 793:798 794:798 801:807 812:814 823:824 837:843 860:877 861:865 866:870 885:957 887:891 892:898 904:908 909:955 958:970 971:1041 972:976 977:979 980:982 983:985 986:988 989:992 993:995 996:1005 1006:1009 1010:1014 1011:1014 1015:1025 1016:1020 1021:1025 1026:1029 1030:1035 1031:1034 1036:1040 1042:1044 1046:1061 1055:1058 1062:1094 1067:1070 1077:1078 1095:1106 1096:1103 1107:1150 1108:1109 1110:1111 1112:1113 1114:1115 1116:1117 1118:1120 1121:1123 1124:1125 1126:1127 1128:1130 1131:1133 1134:1135 1136:1138 1139:1141 1142:1144 1145:1147 1148:1150 1151:1170 1152:1161 1171:1202 1178:1182 1190:1198 1193:1197 1204:1281 1210:1228 1221:1222 1223:1227 1232:1236 1238:1255 1250:1254 1256:1279 1258:1263 1275:1279 1283:1301 1286:1288 1292:1293 1295:1297 1302:1307 1308:1329 1318:1322 1330:1376 1331:1333 1334:1336 1337:1339 1340:1342 1343:1354 1344:1351 1355:1357 1358:1360 1361:1364 1365:1367 1368:1376 1370:1371 1372:1373 1374:1375 1377:1383 1384:1394 1390:1393 1395:1401 1402:1409 1410:1492 1412:1415 1416:1425 1428:1431 1444:1449 1450:1452 1457:1465 1468:1473 1474:1476 1477:1480 1481:1488 1493:1500 1501:1505 1506:1509 1510:1512 1513:1515 1514:1515 1516:1519 1517:1519 1520:1533 1521:1533 1534:1550 1540:1550 1551:1580 1552:1580 1559:1560 1570:1577 1581:1586 1587:1609 1588:1593 1594:1609 1596:1598 1599:1603 1604:1606 1607:1609 1610:1622 1612:1617 1613:1617 1623:1626 1627:1642 1633:1635 1637:1639 1643:1645 1646:1662 1647:1653 1663:1665 1664:1665 1666:1713 1667:1672 1673:1678 1679:1681 1682:1703 1688:1692 1693:1697 1698:1702 1704:1706 1707:1713 1709:1710 1711:1713 1714:1745 1716:1720 1721:1725 1735:1739 1741:1745 1746:1863 1747:1753 1757:1761 1762:1797 1763:1767 1768:1772 1773:1777 1778:1782 1783:1787 1788:1792 1793:1797 1798:1833 1799:1803 1804:1808 1809:1813 1814:1818 1819:1823 1824:1828 1829:1833 1836:1840 1844:1850 1852:1854 1855:1862 1864:1888 1867:1873 1878:1882 1885:1887 1889:1895 1891:1895 1896:1898 1897:1898 1899:1909 1900:1904 1910:1915 1911:1915 1916:1945 1921:1926 1937:1945 1946:1947 1948:1951 1952:1953 1954:1976 1955:1956 1957:1958 1959:1965 1960:1964 1966:1967 1968:1970 1971:1973 1974:1976 1977:2020 1978:1982 1979:1980 1981:1982 1983:1986 1987:1990 1991:1995 1996:2000 2001:2002 2003:2004 2005:2008 2009:2010 2011:2014 2015:2016 2017:2018 2019:2020 2021:2025 2026:2035 2027:2035 2028:2035 2030:2035 2036:2043 2044:2049 2050:2062 2051:2061 2063:2064 2065:2068 2069:2079 2080:2081 2082:2085 2083:2085 2086:2088 2089:2109 2110:2111 2112:2114 2113:2114 2115:2119 2117:2119 2120:2121 2122:2124 2125:2170 2128:2147 2153:2166 2171:2194 2195:2205 2197:2200 2206:2262 2207:2223 2208:2212 2214:2218 2219:2223 2226:2228 2230:2234 2236:2239 2241:2245 2246:2249 2250:2253 2256:2262 2263:2297 2284:2292 2298:2299 2300:2302 2301:2302 2303:2304 2305:2306 2307:2311 2312:2313 2314:2319 2315:2319 2320:2323 2321:2323 2324:2340 2341:2362 2342:2348 2344:2345 2347:2348 2349:2354 2355:2362 2357:2359 2360:2362 2363:2478 2364:2367 2368:2373 2374:2378 2379:2383 2384:2389 2390:2396 2397:2405 2406:2436 2409:2411 2412:2418 2421:2428 2429:2436 2437:2478 2463:2467 2479:2486 2487:2494 2495:2512 2497:2499 2503:2505 2513:2515
mastodon/config/locales/devise.bn.yml	2:91 3:81 4:7 8:18 19:60 20:27 28:32 33:37 38:42 43:48 49:51 52:54 55:58 59:60 61:63 64:69 70:73 74:77 78:81 82:91 83:91 89:91
mastodon/config/locales/devise.ga.yml	2:120 3:107 4:7 8:20 21:86 22:29 30:34 35:39 40:44 45:50 51:55 56:60 61:65 66:67 68:76 69:72 73:76 77:81 82:86 87:89 90:95 96:99 100:103 104:107 108:120 109:120 115:120
mastodon/config/locales/devise.gl.yml	2:117 3:107 4:7 8:20 21:86 22:29 30:34 35:39 40:44 45:50 51:55 56:60 61:65 66:67 68:76 69:72 73:76 77:81 82:86 87:89 90:95 96:99 100:103 104:107 108:117 109:117 115:117
mastodon/config/locales/devise.hu.yml	2:117 3:107 4:7 8:20 21:86 22:29 30:34 35:39 40:44 45:50 51:55 56:60 61:65 66:67 68:76 69:72 73:76 77:81 82:86 87:89 90:95 96:99 100:103 104:107 108:117 109:117 115:117
mastodon/config/locales/devise.kk.yml	2:91 3:81 4:7 8:18 19:60 20:27 28:32 33:37 38:42 43:48 49:51 52:54 55:58 59:60 61:63 64:69 70:73 74:77 78:81 82:91 83:91 89:91
mastodon/config/locales/devise.lv.yml	2:117 3:106 4:7 8:19 20:85 21:28 29:33 34:38 39:43 44:49 50:54 55:59 60:64 65:66 67:75 68:71 72:75 76:80 81:85 86:88 89:94 95:98 99:102 103:106 107:117 108:117 114:117
mastodon/config/locales/devise.sk.yml	2:118 3:106 4:7 8:19 20:85 21:28 29:33 34:38 39:43 44:49 50:54 55:59 60:64 65:66 67:75 68:71 72:75 76:80 81:85 86:88 89:94 95:98 99:102 103:106 107:118 108:118 114:118
mastodon/config/locales/devise.th.yml	2:115 3:106 4:7 8:19 20:85 21:28 29:33 34:38 39:43 44:49 50:54 55:59 60:64 65:66 67:75 68:71 72:75 76:80 81:85 86:88 89:94 95:98 99:102 103:106 107:115 108:115 114:115
mastodon/config/locales/doorkeeper.ar.yml	2:197 3:18 4:9 5:9 10:18 11:18 12:18 13:18 14:18 19:197 20:55 21:26 27:28 29:30 31:32 33:36 37:46 47:48 49:55 56:67 57:59 60:61 62:65 66:67 68:80 69:70 71:72 73:80 81:103 82:103 88:91 94:97 104:114 105:111 106:107 108:109 110:111 112:114 113:114 115:142 116:119 120:142 143:149 144:147 145:147 148:149 150:197
mastodon/config/locales/doorkeeper.el.yml	2:201 3:18 4:9 5:9 10:18 11:18 12:18 13:18 14:18 19:201 20:55 21:26 27:28 29:30 31:32 33:36 37:46 47:48 49:55 56:67 57:59 60:61 62:65 66:67 68:80 69:70 71:72 73:80 81:107 82:107 86:89 92:95 98:101 108:118 109:115 110:111 112:113 114:115 116:118 117:118 119:146 120:123 124:146 147:153 148:151 149:151 152:153 154:201
mastodon/config/locales/doorkeeper.eu.yml	2:197 3:18 4:9 5:9 10:18 11:18 12:18 13:18 14:18 19:197 20:55 21:26 27:28 29:30 31:32 33:36 37:46 47:48 49:55 56:67 57:59 60:61 62:65 66:67 68:80 69:70 71:72 73:80 81:103 82:103 88:91 94:97 104:114 105:111 106:107 108:109 110:111 112:114 113:114 115:142 116:119 120:142 143:149 144:147 145:147 148:149 150:197
mastodon/config/locales/doorkeeper.gl.yml	2:201 3:18 4:9 5:9 10:18 11:18 12:18 13:18 14:18 19:201 20:55 21:26 27:28 29:30 31:32 33:36 37:46 47:48 49:55 56:67 57:59 60:61 62:65 66:67 68:80 69:70 71:72 73:80 81:107 82:107 86:89 92:95 98:101 108:118 109:115 110:111 112:113 114:115 116:118 117:118 119:146 120:123 124:146 147:153 148:151 149:151 152:153 154:201
mastodon/config/locales/doorkeeper.io.yml	2:201 3:18 4:9 5:9 10:18 11:18 12:18 13:18 14:18 19:201 20:55 21:26 27:28 29:30 31:32 33:36 37:46 47:48 49:55 56:67 57:59 60:61 62:65 66:67 68:80 69:70 71:72 73:80 81:107 82:107 86:89 92:95 98:101 108:118 109:115 110:111 112:113 114:115 116:118 117:118 119:146 120:123 124:146 147:153 148:151 149:151 152:153 154:201
mastodon/config/locales/doorkeeper.sl.yml	2:197 3:18 4:9 5:9 10:18 11:18 12:18 13:18 14:18 19:197 20:55 21:26 27:28 29:30 31:32 33:36 37:46 47:48 49:55 56:67 57:59 60:61 62:65 66:67 68:80 69:70 71:72 73:80 81:103 82:103 88:91 94:97 104:114 105:111 106:107 108:109 110:111 112:114 113:114 115:142 116:119 120:142 143:149 144:147 145:147 148:149 150:197
mastodon/config/locales/eu.yml	2:2075 3:8 9:25 10:11 12:14 19:20 21:23 26:1125 27:31 32:35 36:174 43:49 50:55 85:89 95:102 113:115 130:133 142:144 148:150 175:307 176:243 244:301 308:329 311:312 315:317 318:321 330:341 334:336 343:376 363:364 377:402 383:385 386:388 389:391 392:394 403:406 404:406 407:413 414:457 416:424 433:443 436:442 437:439 458:480 461:463 466:468 467:468 470:473 481:483 482:483 484:487 485:486 488:498 489:494 496:497 499:528 500:506 501:506 507:527 518:522 529:536 537:615 538:540 541:551 542:544 546:548 557:568 561:565 569:577 578:584 590:592 593:596 597:603 616:623 618:622 624:638 628:634 635:636 639:640 641:656 657:659 660:745 661:664 662:664 667:672 677:679 687:688 700:706 721:738 722:726 727:731 746:806 748:750 751:756 762:764 765:805 807:818 819:875 820:824 825:827 828:830 831:833 834:837 838:840 841:850 851:854 855:859 856:859 860:863 864:869 865:868 870:874 876:878 879:890 886:889 891:921 896:898 905:906 922:933 923:930 934:977 935:936 937:938 939:940 941:942 943:944 945:947 948:950 951:952 953:954 955:957 958:960 961:962 963:965 966:968 969:971 972:974 975:977 978:997 979:988 998:1018 1005:1008 1013:1014 1020:1085 1026:1040 1035:1036 1037:1039 1044:1048 1050:1061 1058:1060 1062:1083 1064:1069 1081:1083 1086:1100 1089:1090 1092:1093 1095:1097 1101:1105 1106:1125 1116:1118 1126:1163 1127:1129 1130:1141 1131:1138 1142:1144 1145:1147 1148:1151 1152:1154 1155:1163 1157:1158 1159:1160 1161:1162 1164:1170 1171:1179 1175:1178 1180:1186 1187:1194 1195:1272 1197:1200 1201:1210 1213:1216 1229:1233 1234:1236 1241:1248 1251:1255 1256:1258 1259:1262 1263:1270 1273:1275 1276:1280 1281:1283 1282:1283 1284:1287 1285:1287 1288:1301 1289:1301 1302:1316 1308:1316 1317:1346 1318:1346 1325:1326 1336:1343 1347:1348 1349:1352 1353:1367 1359:1361 1363:1365 1368:1370 1371:1385 1372:1378 1386:1388 1387:1388 1389:1430 1390:1395 1396:1401 1402:1404 1405:1420 1411:1413 1414:1416 1417:1419 1421:1423 1424:1430 1426:1427 1428:1430 1431:1454 1433:1435 1436:1438 1448:1450 1452:1454 1455:1497 1456:1460 1464:1468 1471:1475 1479:1485 1487:1489 1490:1496 1498:1520 1501:1507 1512:1514 1517:1519 1521:1527 1523:1527 1528:1530 1529:1530 1531:1541 1532:1536 1542:1546 1543:1546 1547:1576 1552:1557 1568:1576 1577:1578 1579:1582 1583:1584 1585:1628 1586:1590 1587:1588 1589:1590 1591:1594 1595:1598 1599:1603 1604:1608 1609:1610 1611:1612 1613:1616 1617:1618 1619:1622 1623:1624 1625:1626 1627:1628 1629:1632 1633:1642 1634:1642 1635:1642 1637:1642 1643:1650 1651:1655 1656:1668 1657:1667 1669:1670 1671:1674 1675:1683 1684:1685 1686:1689 1687:1689 1690:1692 1693:1713 1714:1715 1716:1718 1717:1718 1719:1723 1721:1723 1724:1725 1726:1728 1729:1774 1732:1751 1757:1770 1775:1798 1799:1809 1801:1804 1810:1858 1811:1821 1812:1814 1816:1818 1819:1821 1824:1826 1828:1830 1832:1835 1837:1841 1842:1845 1846:1849 1852:1858 1859:1891 1878:1886 1892:1893 1894:1896 1895:1896 1897:1898 1899:1900 1901:1904 1905:1910 1906:1910 1911:1914 1912:1914 1915:1929 1930:2039 1931:1933 1934:1939 1940:1944 1945:1949 1950:1955 1956:1962 1963:1968 1969:1999 1972:1974 1975:1981 1984:1991 1992:1999 2000:2039 2026:2028 2040:2047 2048:2055 2056:2072 2058:2060 2064:2066 2073:2075
mastodon/config/locales/fa.yml	2:2346 3:9 10:29 11:12 13:15 16:18 23:24 25:27 30:1262 31:35 36:39 40:190 47:53 54:59 74:75 85:86 95:99 105:112 123:125 140:143 152:154 158:160 171:176 191:341 192:259 260:335 342:363 345:346 349:351 352:355 364:380 368:371 375:377 382:415 402:403 416:441 422:424 425:427 428:430 431:433 442:445 443:445 446:452 453:494 455:463 472:480 475:479 495:517 498:500 503:505 504:505 507:510 518:574 519:537 521:523 525:534 529:531 538:540 539:540 541:548 542:545 546:548 549:557 550:553 554:556 558:561 559:560 562:570 565:567 571:574 572:574 575:578 576:577 579:589 580:585 587:588 590:619 591:597 592:597 598:618 609:613 620:627 628:706 629:631 632:642 633:635 637:639 648:659 652:656 660:668 669:675 681:683 684:687 688:694 707:714 709:713 715:731 719:725 726:727 732:733 734:749 750:752 753:842 754:757 755:757 760:765 770:772 781:782 795:801 818:835 819:823 824:828 843:909 845:847 848:854 860:862 863:907 910:922 923:988 924:928 929:931 932:934 935:937 938:940 941:944 945:947 948:957 958:961 962:966 963:966 967:972 968:972 973:976 977:982 978:981 983:987 989:991 993:1004 1000:1003 1005:1037 1010:1013 1020:1021 1038:1049 1039:1046 1050:1093 1051:1052 1053:1054 1055:1056 1057:1058 1059:1060 1061:1063 1064:1066 1067:1068 1069:1070 1071:1073 1074:1076 1077:1078 1079:1081 1082:1084 1085:1087 1088:1090 1091:1093 1094:1113 1095:1104 1114:1143 1121:1125 1133:1139 1136:1138 1145:1216 1151:1167 1162:1163 1164:1166 1171:1175 1177:1192 1189:1191 1193:1214 1195:1200 1212:1214 1218:1236 1221:1223 1227:1228 1230:1232 1237:1242 1243:1262 1253:1255 1263:1300 1264:1266 1267:1278 1268:1275 1279:1281 1282:1284 1285:1288 1289:1291 1292:1300 1294:1295 1296:1297 1298:1299 1301:1307 1308:1318 1314:1317 1319:1325 1326:1333 1334:1416 1336:1339 1340:1349 1352:1355 1368:1373 1374:1376 1381:1389 1392:1397 1398:1400 1401:1404 1405:1412 1417:1424 1425:1429 1430:1433 1434:1436 1437:1439 1438:1439 1440:1443 1441:1443 1444:1457 1445:1457 1458:1474 1464:1474 1475:1504 1476:1504 1483:1484 1494:1501 1505:1508 1509:1521 1510:1513 1514:1521 1516:1518 1519:1521 1522:1533 1524:1528 1525:1528 1534:1537 1538:1553 1544:1546 1548:1550 1554:1556 1557:1573 1558:1564 1574:1576 1575:1576 1577:1618 1578:1583 1584:1589 1590:1592 1593:1608 1599:1601 1602:1604 1605:1607 1609:1611 1612:1618 1614:1615 1616:1618 1619:1642 1621:1623 1624:1626 1636:1638 1640:1642 1643:1724 1644:1648 1652:1656 1657:1675 1658:1660 1661:1663 1664:1666 1667:1669 1670:1672 1673:1675 1676:1694 1677:1679 1680:1682 1683:1685 1686:1688 1689:1691 1692:1694 1697:1701 1705:1711 1713:1715 1716:1723 1725:1747 1728:1734 1739:1741 1744:1746 1748:1754 1750:1754 1755:1757 1756:1757 1758:1768 1759:1763 1769:1774 1770:1774 1775:1804 1780:1785 1796:1804 1805:1806 1807:1810 1811:1812 1813:1825 1814:1815 1816:1817 1818:1819 1820:1821 1822:1823 1824:1825 1826:1869 1827:1831 1828:1829 1830:1831 1832:1835 1836:1839 1840:1844 1845:1849 1850:1851 1852:1853 1854:1857 1858:1859 1860:1863 1864:1865 1866:1867 1868:1869 1870:1874 1875:1884 1876:1884 1877:1884 1879:1884 1885:1892 1893:1897 1898:1910 1899:1909 1911:1912 1913:1916 1917:1926 1927:1928 1929:1932 1930:1932 1933:1935 1936:1956 1957:1958 1959:1961 1960:1961 1962:1966 1964:1966 1967:1968 1969:1971 1972:2017 1975:1994 2000:2013 2018:2041 2042:2052 2044:2047 2053:2101 2054:2064 2055:2057 2059:2061 2062:2064 2067:2069 2071:2073 2075:2078 2080:2084 2085:2088 2089:2092 2095:2101 2102:2135 2122:2130 2136:2137 2138:2140 2139:2140 2141:2142 2143:2144 2145:2149 2150:2151 2152:2157 2153:2157 2158:2161 2159:2161 2162:2177 2178:2195 2179:2183 2181:2182 2184:2189 2190:2195 2192:2193 2194:2195 2196:2309 2197:2200 2201:2206 2207:2211 2212:2216 2217:2222 2223:2229 2230:2238 2239:2269 2242:2244 2245:2251 2254:2261 2262:2269 2270:2309 2296:2298 2310:2317 2318:2325 2326:2343 2328:2330 2334:2336 2344:2346
mastodon/config/locales/fil.yml	2:32 3:8 9:17 14:15 18:32 19:23 24:25 26:28 27:28 29:32
mastodon/config/locales/fr.yml	2:2453 3:9 10:29 11:12 13:15 16:18 23:24 25:27 30:1312 31:35 36:39 40:198 47:53 54:59 75:78 88:93 102:106 112:119 130:132 148:151 160:162 166:168 179:184 199:352 200:268 269:346 353:374 356:357 360:362 363:366 375:391 379:382 386:388 393:426 413:414 427:452 433:435 436:438 439:441 442:444 453:456 454:456 457:463 464:505 466:474 483:491 486:490 506:528 509:511 514:516 515:516 518:521 529:606 530:554 532:534 537:551 545:547 555:557 556:557 558:568 559:562 564:567 569:578 570:573 574:577 580:586 581:584 588:597 591:593 598:606 599:606 602:606 607:610 608:609 611:621 612:617 619:620 622:651 623:629 624:629 630:650 641:645 652:659 660:738 661:663 664:674 665:667 669:671 680:691 684:688 692:700 701:707 713:715 716:719 720:726 739:746 741:745 747:763 751:757 758:759 764:765 766:781 782:784 785:875 786:789 787:789 792:798 803:805 814:815 828:834 851:868 852:856 857:861 876:944 878:880 881:887 893:895 896:942 945:957 958:1028 959:963 964:966 967:969 970:972 973:975 976:979 980:982 983:992 993:996 997:1001 998:1001 1002:1012 1003:1007 1008:1012 1013:1016 1017:1022 1018:1021 1023:1027 1029:1031 1033:1048 1042:1045 1049:1081 1054:1057 1064:1065 1082:1093 1083:1090 1094:1137 1095:1096 1097:1098 1099:1100 1101:1102 1103:1104 1105:1107 1108:1110 1111:1112 1113:1114 1115:1117 1118:1120 1121:1122 1123:1125 1126:1128 1129:1131 1132:1134 1135:1137 1138:1157 1139:1148 1158:1187 1165:1169 1177:1183 1180:1182 1189:1266 1195:1214 1206:1207 1208:1210 1212:1214 1218:1222 1224:1239 1236:1238 1240:1264 1242:1247 1259:1261 1262:1264 1268:1286 1271:1273 1277:1278 1280:1282 1287:1292 1293:1312 1303:1305 1313:1359 1314:1316 1317:1319 1320:1322 1323:1325 1326:1337 1327:1334 1338:1340 1341:1343 1344:1347 1348:1350 1351:1359 1353:1354 1355:1356 1357:1358 1360:1366 1367:1377 1373:1376 1378:1384 1385:1392 1393:1475 1395:1398 1399:1408 1411:1414 1427:1432 1433:1435 1440:1448 1451:1456 1457:1459 1460:1463 1464:1471 1476:1483 1484:1488 1489:1492 1493:1495 1496:1498 1497:1498 1499:1502 1500:1502 1503:1516 1504:1516 1517:1533 1523:1533 1534:1563 1535:1563 1542:1543 1553:1560 1564:1569 1570:1590 1571:1576 1577:1590 1579:1581 1582:1584 1585:1587 1588:1590 1591:1603 1593:1598 1594:1598 1604:1607 1608:1623 1614:1616 1618:1620 1624:1626 1627:1643 1628:1634 1644:1646 1645:1646 1647:1688 1648:1653 1654:1659 1660:1662 1663:1678 1669:1671 1672:1674 1675:1677 1679:1681 1682:1688 1684:1685 1686:1688 1689:1712 1691:1693 1694:1696 1706:1708 1710:1712 1713:1806 1714:1724 1720:1722 1728:1732 1733:1754 1734:1736 1737:1739 1740:1742 1743:1745 1746:1748 1749:1751 1752:1754 1755:1776 1756:1758 1759:1761 1762:1764 1765:1767 1768:1770 1771:1773 1774:1776 1779:1783 1787:1793 1795:1797 1798:1805 1807:1829 1810:1816 1821:1823 1826:1828 1830:1836 1832:1836 1837:1839 1838:1839 1840:1850 1841:1845 1851:1856 1852:1856 1857:1889 1862:1867 1873:1875 1881:1889 1890:1891 1892:1895 1896:1897 1898:1918 1899:1900 1901:1902 1903:1907 1904:1906 1908:1909 1910:1912 1913:1915 1916:1918 1919:1962 1920:1924 1921:1922 1923:1924 1925:1928 1929:1932 1933:1937 1938:1942 1943:1944 1945:1946 1947:1950 1951:1952 1953:1956 1957:1958 1959:1960 1961:1962 1963:1967 1968:1977 1969:1977 1970:1977 1972:1977 1978:1985 1986:1991 1992:2004 1993:2003 2005:2006 2007:2010 2011:2021 2022:2023 2024:2027 2025:2027 2028:2030 2031:2051 2052:2053 2054:2056 2055:2056 2057:2061 2059:2061 2062:2069 2063:2065 2066:2068 2070:2072 2073:2118 2076:2095 2101:2114 2119:2142 2143:2153 2145:2148 2154:2202 2155:2165 2156:2158 2160:2162 2163:2165 2168:2170 2172:2174 2176:2179 2181:2185 2186:2189 2190:2193 2196:2202 2203:2237 2224:2232 2238:2239 2240:2242 2241:2242 2243:2244 2245:2246 2247:2251 2252:2253 2254:2259 2255:2259 2260:2263 2261:2263 2264:2280 2281:2302 2282:2288 2284:2285 2287:2288 2289:2294 2295:2302 2297:2299 2300:2302 2303:2416 2304:2307 2308:2313 2314:2318 2319:2323 2324:2329 2330:2336 2337:2345 2346:2376 2349:2351 2352:2358 2361:2368 2369:2376 2377:2416 2403:2405 2417:2424 2425:2432 2433:2450 2435:2437 2441:2443 2451:2453
mastodon/config/locales/gd.yml	2:2514 3:9 10:35 11:12 13:17 18:22 27:28 29:33 36:1329 37:41 42:45 46:189 53:59 60:65 98:102 108:115 126:130 145:148 157:159 163:165 190:341 191:258 259:335 342:363 345:346 349:351 352:355 364:382 368:371 375:379 384:417 404:405 418:451 424:428 429:433 434:438 439:443 452:455 453:455 456:462 463:504 465:473 482:490 485:489 505:529 508:512 515:517 516:517 519:522 530:607 531:555 533:535 538:552 546:548 556:558 557:558 559:569 560:563 565:568 570:579 571:574 575:578 581:587 582:585 589:598 592:594 599:607 600:607 603:607 608:611 609:610 612:622 613:618 620:621 623:652 624:630 625:630 631:651 642:646 653:660 661:745 662:664 665:679 666:670 672:676 685:696 689:693 697:705 706:712 718:722 723:726 727:733 746:753 748:752 754:770 758:764 765:766 771:772 773:788 789:791 792:884 793:798 794:798 801:807 812:814 823:824 837:843 860:877 861:865 866:870 885:957 887:891 892:898 904:908 909:955 958:970 971:1041 972:976 977:979 980:982 983:985 986:988 989:992 993:995 996:1005 1006:1009 1010:1014 1011:1014 1015:1025 1016:1020 1021:1025 1026:1029 1030:1035 1031:1034 1036:1040 1042:1044 1046:1061 1055:1058 1062:1094 1067:1070 1077:1078 1095:1106 1096:1103 1107:1150 1108:1109 1110:1111 1112:1113 1114:1115 1116:1117 1118:1120 1121:1123 1124:1125 1126:1127 1128:1130 1131:1133 1134:1135 1136:1138 1139:1141 1142:1144 1145:1147 1148:1150 1151:1170 1152:1161 1171:1202 1178:1182 1190:1198 1193:1197 1204:1281 1210:1228 1221:1222 1223:1227 1232:1236 1238:1255 1250:1254 1256:1279 1258:1263 1275:1279 1283:1301 1286:1288 1292:1293 1295:1297 1302:1307 1308:1329 1318:1322 1330:1376 1331:1333 1334:1336 1337:1339 1340:1342 1343:1354 1344:1351 1355:1357 1358:1360 1361:1364 1365:1367 1368:1376 1370:1371 1372:1373 1374:1375 1377:1383 1384:1394 1390:1393 1395:1401 1402:1409 1410:1492 1412:1415 1416:1425 1428:1431 1444:1449 1450:1452 1457:1465 1468:1473 1474:1476 1477:1480 1481:1488 1493:1500 1501:1505 1506:1509 1510:1512 1513:1515 1514:1515 1516:1519 1517:1519 1520:1533 1521:1533 1534:1550 1540:1550 1551:1580 1552:1580 1559:1560 1570:1577 1581:1586 1587:1609 1588:1593 1594:1609 1596:1598 1599:1603 1604:1606 1607:1609 1610:1622 1612:1617 1613:1617 1623:1626 1627:1641 1633:1635 1637:1639 1642:1644 1645:1661 1646:1652 1662:1664 1663:1664 1665:1712 1666:1671 1672:1677 1678:1680 1681:1702 1687:1691 1692:1696 1697:1701 1703:1705 1706:1712 1708:1709 1710:1712 1713:1744 1715:1719 1720:1724 1734:1738 1740:1744 1745:1862 1746:1752 1756:1760 1761:1796 1762:1766 1767:1771 1772:1776 1777:1781 1782:1786 1787:1791 1792:1796 1797:1832 1798:1802 1803:1807 1808:1812 1813:1817 1818:1822 1823:1827 1828:1832 1835:1839 1843:1849 1851:1853 1854:1861 1863:1887 1866:1872 1877:1881 1884:1886 1888:1894 1890:1894 1895:1897 1896:1897 1898:1908 1899:1903 1909:1914 1910:1914 1915:1944 1920:1925 1936:1944 1945:1946 1947:1950 1951:1952 1953:1975 1954:1955 1956:1957 1958:1964 1959:1963 1965:1966 1967:1969 1970:1972 1973:1975 1976:2019 1977:1981 1978:1979 1980:1981 1982:1985 1986:1989 1990:1994 1995:1999 2000:2001 2002:2003 2004:2007 2008:2009 2010:2013 2014:2015 2016:2017 2018:2019 2020:2024 2025:2034 2026:2034 2027:2034 2029:2034 2035:2042 2043:2048 2049:2061 2050:2060 2062:2063 2064:2067 2068:2078 2079:2080 2081:2084 2082:2084 2085:2087 2088:2108 2109:2110 2111:2113 2112:2113 2114:2118 2116:2118 2119:2120 2121:2123 2124:2169 2127:2146 2152:2165 2170:2193 2194:2204 2196:2199 2205:2261 2206:2222 2207:2211 2213:2217 2218:2222 2225:2227 2229:2233 2235:2238 2240:2244 2245:2248 2249:2252 2255:2261 2262:2296 2283:2291 2297:2298 2299:2301 2300:2301 2302:2303 2304:2305 2306:2310 2311:2312 2313:2318 2314:2318 2319:2322 2320:2322 2323:2339 2340:2361 2341:2347 2343:2344 2346:2347 2348:2353 2354:2361 2356:2358 2359:2361 2362:2477 2363:2366 2367:2372 2373:2377 2378:2382 2383:2388 2389:2395 2396:2404 2405:2435 2408:2410 2411:2417 2420:2427 2428:2435 2436:2477 2462:2466 2478:2485 2486:2493 2494:2511 2496:2498 2502:2504 2512:2514
mastodon/config/locales/ie.yml	2:1796 3:8 9:22 10:12 17:18 19:21 23:931 24:26 27:30 31:164 37:43 44:48 76:80 86:93 104:106 121:124 132:134 138:140 165:272 166:217 218:267 273:289 275:276 279:281 291:324 311:312 325:350 331:333 334:336 337:339 340:342 351:354 352:354 355:361 362:403 364:372 381:389 384:388 404:419 407:409 411:413 412:413 415:417 420:423 421:422 424:434 425:430 432:433 435:442 443:511 444:454 445:447 449:451 460:471 464:468 472:480 481:487 493:495 496:499 512:519 514:518 520:534 524:530 531:532 535:536 537:552 553:555 556:637 557:560 558:560 563:568 571:573 581:582 594:600 614:630 615:619 620:624 638:696 640:642 643:648 654:656 657:695 697:703 704:752 705:709 710:712 713:715 716:718 719:722 723:725 726:732 733:736 737:740 741:746 742:745 747:751 753:755 756:766 762:765 767:790 772:774 780:781 791:802 792:799 803:841 804:805 806:807 808:809 810:811 812:814 815:817 818:819 820:821 822:824 825:827 828:829 830:832 833:835 836:838 839:841 842:844 846:906 850:862 857:858 859:861 866:870 872:883 880:882 884:905 886:891 903:905 907:911 912:931 922:924 932:969 933:935 936:947 937:944 948:950 951:953 954:957 958:960 961:969 963:964 965:966 967:968 970:976 977:984 980:983 985:990 991:998 999:1068 1001:1004 1005:1012 1015:1018 1031:1034 1035:1037 1042:1049 1052:1054 1055:1057 1058:1060 1061:1066 1069:1073 1074:1076 1075:1076 1077:1080 1078:1080 1081:1094 1082:1094 1095:1108 1101:1108 1109:1138 1110:1138 1117:1118 1128:1135 1139:1140 1141:1155 1147:1149 1151:1153 1156:1158 1159:1173 1160:1166 1174:1176 1175:1176 1177:1218 1178:1183 1184:1189 1190:1192 1193:1208 1199:1201 1202:1204 1205:1207 1209:1211 1212:1218 1214:1215 1216:1218 1219:1242 1221:1223 1224:1226 1236:1238 1240:1242 1243:1285 1244:1248 1252:1256 1259:1263 1267:1273 1275:1277 1278:1284 1286:1308 1289:1295 1300:1302 1305:1307 1309:1311 1310:1311 1312:1321 1313:1316 1322:1326 1323:1326 1327:1355 1332:1337 1348:1355 1356:1357 1358:1361 1362:1363 1364:1397 1365:1369 1366:1367 1368:1369 1370:1373 1374:1377 1378:1382 1383:1387 1388:1389 1390:1393 1394:1395 1396:1397 1398:1399 1400:1409 1401:1409 1402:1409 1404:1409 1410:1417 1418:1422 1423:1434 1424:1434 1435:1438 1439:1447 1448:1449 1450:1453 1451:1453 1454:1456 1457:1477 1478:1479 1480:1482 1481:1482 1483:1487 1485:1487 1488:1490 1491:1536 1494:1513 1519:1532 1537:1558 1559:1569 1561:1564 1570:1599 1571:1581 1572:1574 1576:1578 1579:1581 1585:1587 1589:1590 1592:1596 1598:1599 1600:1632 1619:1627 1633:1634 1635:1637 1636:1637 1638:1639 1640:1645 1641:1645 1646:1649 1647:1649 1650:1664 1665:1765 1666:1671 1672:1676 1677:1681 1682:1687 1688:1694 1695:1725 1698:1700 1701:1707 1710:1717 1718:1725 1726:1765 1752:1754 1766:1772 1773:1779 1780:1796 1782:1784 1788:1790
mastodon/config/locales/pt-BR.yml	2:2416 3:9 10:29 11:12 13:15 16:18 23:24 25:27 30:1287 31:35 36:39 40:181 47:53 54:59 92:96 102:109 120:122 137:140 149:151 155:157 182:333 183:250 251:327 334:355 337:338 341:343 344:347 356:372 360:363 367:369 374:407 394:395 408:433 414:416 417:419 420:422 423:425 434:437 435:437 438:444 445:486 447:455 464:472 467:471 487:509 490:492 495:497 496:497 499:502 510:587 511:535 513:515 518:532 526:528 536:538 537:538 539:549 540:543 545:548 550:559 551:554 555:558 561:567 562:565 569:578 572:574 579:587 580:587 583:587 588:591 589:590 592:602 593:598 600:601 603:632 604:610 605:610 611:631 622:626 633:640 641:719 642:644 645:655 646:648 650:652 661:672 665:669 673:681 682:688 694:696 697:700 701:707 720:727 722:726 728:744 732:738 739:740 745:746 747:762 763:765 766:856 767:770 768:770 773:779 784:786 795:796 809:815 832:849 833:837 838:842 857:925 859:861 862:868 874:876 877:923 926:938 939:1009 940:944 945:947 948:950 951:953 954:956 957:960 961:963 964:973 974:977 978:982 979:982 983:993 984:988 989:993 994:997 998:1003 999:1002 1004:1008 1010:1012 1014:1029 1023:1026 1030:1062 1035:1038 1045:1046 1063:1074 1064:1071 1075:1118 1076:1077 1078:1079 1080:1081 1082:1083 1084:1085 1086:1088 1089:1091 1092:1093 1094:1095 1096:1098 1099:1101 1102:1103 1104:1106 1107:1109 1110:1112 1113:1115 1116:1118 1119:1138 1120:1129 1139:1168 1146:1150 1158:1164 1161:1163 1170:1241 1176:1192 1187:1188 1189:1191 1196:1200 1202:1217 1214:1216 1218:1239 1220:1225 1237:1239 1243:1261 1246:1248 1252:1253 1255:1257 1262:1267 1268:1287 1278:1280 1288:1334 1289:1291 1292:1294 1295:1297 1298:1300 1301:1312 1302:1309 1313:1315 1316:1318 1319:1322 1323:1325 1326:1334 1328:1329 1330:1331 1332:1333 1335:1341 1342:1352 1348:1351 1353:1359 1360:1367 1368:1450 1370:1373 1374:1383 1386:1389 1402:1407 1408:1410 1415:1423 1426:1431 1432:1434 1435:1438 1439:1446 1451:1458 1459:1463 1464:1467 1468:1470 1471:1473 1472:1473 1474:1477 1475:1477 1478:1491 1479:1491 1492:1508 1498:1508 1509:1538 1510:1538 1517:1518 1528:1535 1539:1544 1545:1565 1546:1551 1552:1565 1554:1556 1557:1559 1560:1562 1563:1565 1566:1578 1568:1573 1569:1573 1579:1582 1583:1598 1589:1591 1593:1595 1599:1601 1602:1618 1603:1609 1619:1621 1620:1621 1622:1663 1623:1628 1629:1634 1635:1637 1638:1653 1644:1646 1647:1649 1650:1652 1654:1656 1657:1663 1659:1660 1661:1663 1664:1687 1666:1668 1669:1671 1681:1683 1685:1687 1688:1777 1689:1695 1699:1703 1704:1725 1705:1707 1708:1710 1711:1713 1714:1716 1717:1719 1720:1722 1723:1725 1726:1747 1727:1729 1730:1732 1733:1735 1736:1738 1739:1741 1742:1744 1745:1747 1750:1754 1758:1764 1766:1768 1769:1776 1778:1800 1781:1787 1792:1794 1797:1799 1801:1807 1803:1807 1808:1810 1809:1810 1811:1821 1812:1816 1822:1827 1823:1827 1828:1857 1833:1838 1849:1857 1858:1859 1860:1863 1864:1865 1866:1886 1867:1868 1869:1870 1871:1875 1872:1874 1876:1877 1878:1880 1881:1883 1884:1886 1887:1930 1888:1892 1889:1890 1891:1892 1893:1896 1897:1900 1901:1905 1906:1910 1911:1912 1913:1914 1915:1918 1919:1920 1921:1924 1925:1926 1927:1928 1929:1930 1931:1935 1936:1946 1937:1946 1938:1946 1940:1946 1947:1954 1955:1960 1961:1973 1962:1972 1974:1975 1976:1979 1980:1990 1991:1992 1993:1996 1994:1996 1997:1999 2000:2020 2021:2022 2023:2025 2024:2025 2026:2030 2028:2030 2031:2032 2033:2035 2036:2081 2039:2058 2064:2077 2082:2105 2106:2116 2108:2111 2117:2165 2118:2128 2119:2121 2123:2125 2126:2128 2131:2133 2135:2137 2139:2142 2144:2148 2149:2152 2153:2156 2159:2165 2166:2200 2187:2195 2201:2202 2203:2205 2204:2205 2206:2207 2208:2209 2210:2214 2215:2216 2217:2222 2218:2222 2223:2226 2224:2226 2227:2243 2244:2265 2245:2251 2247:2248 2250:2251 2252:2257 2258:2265 2260:2262 2263:2265 2266:2379 2267:2270 2271:2276 2277:2281 2282:2286 2287:2292 2293:2299 2300:2308 2309:2339 2312:2314 2315:2321 2324:2331 2332:2339 2340:2379 2366:2368 2380:2387 2388:2395 2396:2413 2398:2400 2404:2406 2414:2416
mastodon/config/locales/pt-PT.yml	2:2414 3:9 10:29 11:12 13:15 16:18 23:24 25:27 30:1287 31:35 36:39 40:181 47:53 54:59 92:96 102:109 120:122 137:140 149:151 155:157 182:333 183:250 251:327 334:355 337:338 341:343 344:347 356:372 360:363 367:369 374:407 394:395 408:433 414:416 417:419 420:422 423:425 434:437 435:437 438:444 445:486 447:455 464:472 467:471 487:509 490:492 495:497 496:497 499:502 510:587 511:535 513:515 518:532 526:528 536:538 537:538 539:549 540:543 545:548 550:559 551:554 555:558 561:567 562:565 569:578 572:574 579:587 580:587 583:587 588:591 589:590 592:602 593:598 600:601 603:632 604:610 605:610 611:631 622:626 633:640 641:719 642:644 645:655 646:648 650:652 661:672 665:669 673:681 682:688 694:696 697:700 701:707 720:727 722:726 728:744 732:738 739:740 745:746 747:762 763:765 766:856 767:770 768:770 773:779 784:786 795:796 809:815 832:849 833:837 838:842 857:925 859:861 862:868 874:876 877:923 926:938 939:1009 940:944 945:947 948:950 951:953 954:956 957:960 961:963 964:973 974:977 978:982 979:982 983:993 984:988 989:993 994:997 998:1003 999:1002 1004:1008 1010:1012 1014:1029 1023:1026 1030:1062 1035:1038 1045:1046 1063:1074 1064:1071 1075:1118 1076:1077 1078:1079 1080:1081 1082:1083 1084:1085 1086:1088 1089:1091 1092:1093 1094:1095 1096:1098 1099:1101 1102:1103 1104:1106 1107:1109 1110:1112 1113:1115 1116:1118 1119:1138 1120:1129 1139:1168 1146:1150 1158:1164 1161:1163 1170:1241 1176:1192 1187:1188 1189:1191 1196:1200 1202:1217 1214:1216 1218:1239 1220:1225 1237:1239 1243:1261 1246:1248 1252:1253 1255:1257 1262:1267 1268:1287 1278:1280 1288:1334 1289:1291 1292:1294 1295:1297 1298:1300 1301:1312 1302:1309 1313:1315 1316:1318 1319:1322 1323:1325 1326:1334 1328:1329 1330:1331 1332:1333 1335:1341 1342:1352 1348:1351 1353:1359 1360:1367 1368:1450 1370:1373 1374:1383 1386:1389 1402:1407 1408:1410 1415:1423 1426:1431 1432:1434 1435:1438 1439:1446 1451:1458 1459:1463 1464:1467 1468:1470 1471:1473 1472:1473 1474:1477 1475:1477 1478:1491 1479:1491 1492:1508 1498:1508 1509:1538 1510:1538 1517:1518 1528:1535 1539:1544 1545:1565 1546:1551 1552:1565 1554:1556 1557:1559 1560:1562 1563:1565 1566:1578 1568:1573 1569:1573 1579:1582 1583:1597 1589:1591 1593:1595 1598:1600 1601:1617 1602:1608 1618:1620 1619:1620 1621:1662 1622:1627 1628:1633 1634:1636 1637:1652 1643:1645 1646:1648 1649:1651 1653:1655 1656:1662 1658:1659 1660:1662 1663:1686 1665:1667 1668:1670 1680:1682 1684:1686 1687:1776 1688:1694 1698:1702 1703:1724 1704:1706 1707:1709 1710:1712 1713:1715 1716:1718 1719:1721 1722:1724 1725:1746 1726:1728 1729:1731 1732:1734 1735:1737 1738:1740 1741:1743 1744:1746 1749:1753 1757:1763 1765:1767 1768:1775 1777:1799 1780:1786 1791:1793 1796:1798 1800:1806 1802:1806 1807:1809 1808:1809 1810:1820 1811:1815 1821:1826 1822:1826 1827:1856 1832:1837 1848:1856 1857:1858 1859:1862 1863:1864 1865:1885 1866:1867 1868:1869 1870:1874 1871:1873 1875:1876 1877:1879 1880:1882 1883:1885 1886:1929 1887:1891 1888:1889 1890:1891 1892:1895 1896:1899 1900:1904 1905:1909 1910:1911 1912:1913 1914:1917 1918:1919 1920:1923 1924:1925 1926:1927 1928:1929 1930:1934 1935:1944 1936:1944 1937:1944 1939:1944 1945:1952 1953:1958 1959:1971 1960:1970 1972:1973 1974:1977 1978:1988 1989:1990 1991:1994 1992:1994 1995:1997 1998:2018 2019:2020 2021:2023 2022:2023 2024:2028 2026:2028 2029:2030 2031:2033 2034:2079 2037:2056 2062:2075 2080:2103 2104:2114 2106:2109 2115:2163 2116:2126 2117:2119 2121:2123 2124:2126 2129:2131 2133:2135 2137:2140 2142:2146 2147:2150 2151:2154 2157:2163 2164:2198 2185:2193 2199:2200 2201:2203 2202:2203 2204:2205 2206:2207 2208:2212 2213:2214 2215:2220 2216:2220 2221:2224 2222:2224 2225:2241 2242:2263 2243:2249 2245:2246 2248:2249 2250:2255 2256:2263 2258:2260 2261:2263 2264:2377 2265:2268 2269:2274 2275:2279 2280:2284 2285:2290 2291:2297 2298:2306 2307:2337 2310:2312 2313:2319 2322:2329 2330:2337 2338:2377 2364:2366 2378:2385 2386:2393 2394:2411 2396:2398 2402:2404 2412:2414
mastodon/config/locales/sco.yml	2:1515 3:8 9:22 10:12 17:18 19:21 23:826 24:26 27:30 31:158 37:43 44:48 76:80 86:92 103:105 118:119 126:128 132:134 159:266 160:211 212:261 267:283 269:270 273:275 284:317 304:305 318:343 324:326 327:329 330:332 333:335 344:347 345:347 348:354 355:387 365:373 368:372 388:401 390:392 394:396 395:396 398:400 402:405 403:404 406:415 407:412 413:414 416:423 424:490 425:435 426:428 430:432 441:451 444:448 452:460 461:467 473:475 476:479 491:498 493:497 499:513 503:509 510:511 514:515 516:531 532:534 535:587 536:539 537:539 542:545 553:554 563:569 588:646 590:592 593:598 604:606 607:645 647:653 654:686 655:659 660:662 663:665 666:668 669:674 675:678 679:681 682:686 683:686 687:689 690:713 695:697 703:704 714:724 715:722 725:737 726:727 728:729 730:732 733:735 736:737 738:740 742:801 746:758 753:754 755:757 761:765 767:778 775:777 779:800 781:786 798:800 802:806 807:826 817:819 827:855 828:839 829:836 840:842 843:846 847:855 849:850 851:852 853:854 856:862 863:870 866:869 871:875 876:882 883:921 887:890 902:904 908:910 913:914 915:919 922:926 927:929 928:929 930:933 931:933 934:947 935:947 948:961 954:961 962:991 963:991 970:971 981:988 992:1006 998:1000 1002:1004 1007:1009 1010:1024 1011:1017 1025:1066 1026:1031 1032:1037 1038:1040 1041:1056 1047:1049 1050:1052 1053:1055 1057:1059 1060:1066 1062:1063 1064:1066 1067:1088 1069:1071 1072:1074 1082:1084 1086:1088 1089:1105 1090:1091 1092:1096 1099:1104 1106:1127 1109:1115 1119:1121 1124:1126 1128:1137 1129:1132 1138:1142 1139:1142 1143:1171 1148:1153 1164:1171 1172:1173 1174:1177 1178:1179 1180:1213 1181:1185 1182:1183 1184:1185 1186:1189 1190:1193 1194:1198 1199:1203 1204:1205 1206:1209 1210:1211 1212:1213 1214:1215 1216:1225 1217:1225 1218:1225 1220:1225 1226:1233 1234:1238 1239:1249 1240:1249 1250:1253 1254:1255 1256:1259 1257:1259 1260:1276 1277:1278 1279:1281 1280:1281 1282:1286 1284:1286 1287:1327 1290:1307 1312:1323 1328:1348 1349:1378 1350:1360 1351:1353 1355:1357 1358:1360 1364:1366 1368:1369 1371:1375 1377:1378 1379:1410 1398:1406 1411:1412 1413:1415 1414:1415 1416:1417 1418:1422 1419:1422 1423:1437 1438:1491 1439:1442 1443:1446 1447:1449 1450:1456 1457:1487 1460:1462 1463:1469 1472:1479 1480:1487 1488:1491 1492:1496 1497:1498 1499:1515 1501:1503 1507:1509
mastodon/config/locales/simple_form.be.yml	2:425 3:425 4:180 5:13 14:15 16:17 18:20 21:32 26:31 33:38 39:40 41:72 73:74 75:77 78:79 80:85 82:85 86:115 116:117 118:119 120:121 122:130 126:129 131:133 134:136 137:140 141:142 143:146 147:156 157:164 159:163 165:172 173:176 177:180 181:414 182:190 185:187 191:192 193:194 195:197 198:209 203:208 210:215 216:217 218:282 283:284 285:286 287:291 288:291 292:328 329:331 332:335 336:337 338:339 340:347 343:346 348:366 360:365 367:369 370:373 374:378 379:382 383:392 393:398 399:406 407:410 411:414 419:421 422:424 423:424
mastodon/config/locales/simple_form.bg.yml	2:385 3:385 4:158 5:12 13:14 15:16 17:19 20:31 25:30 32:37 38:39 40:63 64:65 66:68 69:70 71:75 72:75 76:100 101:102 103:104 105:106 107:115 111:114 116:118 119:121 122:124 125:126 127:130 131:139 140:144 141:143 145:150 151:154 155:158 159:374 160:167 162:164 168:169 170:171 172:174 175:186 180:185 187:192 193:194 195:256 257:258 259:260 261:265 262:265 266:295 296:299 300:301 302:303 304:311 307:310 312:329 323:328 330:332 333:335 336:340 341:344 345:354 355:360 361:366 367:370 371:374 379:381 382:384 383:384
mastodon/config/locales/simple_form.es-AR.yml	2:423 3:423 4:178 5:13 14:15 16:17 18:20 21:32 26:31 33:38 39:40 41:72 73:74 75:77 78:79 80:85 82:85 86:115 116:117 118:119 120:121 122:130 126:129 131:133 134:136 137:140 141:142 143:146 147:156 157:162 159:161 163:170 171:174 175:178 179:412 180:188 183:185 189:190 191:192 193:195 196:207 201:206 208:213 214:215 216:280 281:282 283:284 285:289 286:289 290:326 327:329 330:333 334:335 336:337 338:345 341:344 346:364 358:363 365:367 368:371 372:376 377:380 381:390 391:396 397:404 405:408 409:412 417:419 420:422 421:422
mastodon/config/locales/simple_form.he.yml	2:426 3:426 4:181 5:15 10:12 16:17 18:19 20:22 23:34 28:33 35:40 41:42 43:74 75:76 77:79 80:81 82:87 84:87 88:117 118:119 120:121 122:123 124:132 128:131 133:135 136:138 139:142 143:144 145:148 149:158 159:165 161:164 166:173 174:177 178:181 182:415 183:191 186:188 192:193 194:195 196:198 199:210 204:209 211:216 217:218 219:283 284:285 286:287 288:292 289:292 293:329 330:332 333:336 337:338 339:340 341:348 344:347 349:367 361:366 368:370 371:374 375:379 380:383 384:393 394:399 400:407 408:411 412:415 420:422 423:425 424:425
mastodon/config/locales/simple_form.hr.yml	2:58 3:58 4:14 5:6 7:8 9:12 13:14 15:52 16:17 18:19 20:42 43:45 46:52 56:57
mastodon/config/locales/simple_form.ig.yml	2:8 3:8 4:8 5:8
mastodon/config/locales/simple_form.kab.yml	2:195 3:195 4:49 5:8 9:10 11:12 13:15 16:30 24:26 27:29 31:32 33:35 36:37 38:39 40:41 42:45 44:45 46:49 47:49 50:187 51:55 52:54 56:57 58:59 60:61 62:71 66:71 72:75 76:122 123:124 125:127 126:127 128:141 142:145 146:147 148:149 150:155 153:154 156:165 164:165 166:168 169:170 171:173 174:175 176:181 182:185 186:187 192:194
mastodon/config/locales/simple_form.pt-PT.yml	2:422 3:422 4:178 5:13 14:15 16:17 18:20 21:32 26:31 33:38 39:40 41:72 73:74 75:77 78:79 80:85 82:85 86:115 116:117 118:119 120:121 122:130 126:129 131:133 134:136 137:140 141:142 143:146 147:156 157:162 159:161 163:170 171:174 175:178 179:411 180:188 183:185 189:190 191:192 193:195 196:207 201:206 208:213 214:215 216:279 280:281 282:283 284:288 285:288 289:325 326:328 329:332 333:334 335:336 337:344 340:343 345:363 357:362 364:366 367:370 371:375 376:379 380:389 390:395 396:403 404:407 408:411 416:418 419:421 420:421
mastodon/config/locales/simple_form.sl.yml	2:375 3:375 4:151 5:12 13:14 15:16 17:19 20:31 25:30 32:37 38:39 40:63 64:65 66:68 69:70 71:75 73:75 76:100 101:102 103:104 105:106 107:115 111:114 116:118 119:121 122:124 125:126 127:130 131:139 140:141 142:147 148:151 152:364 153:160 155:157 161:162 163:164 165:167 168:179 173:178 180:185 186:187 188:247 248:249 250:251 252:255 253:255 256:286 287:290 291:292 293:294 295:302 298:301 303:320 314:319 321:323 324:326 327:331 332:335 336:345 346:351 352:357 358:360 361:364 369:371 372:374 373:374
mastodon/config/locales/simple_form.sr-Latn.yml	2:323 3:323 4:131 5:10 11:12 13:14 15:17 18:29 23:28 30:35 36:37 38:60 61:62 63:65 66:67 68:71 69:71 72:95 96:97 98:99 100:101 102:110 106:109 111:113 114:116 117:119 120:121 122:127 128:131 132:312 133:139 134:136 140:141 142:143 144:146 147:158 152:157 159:164 165:166 167:219 220:221 222:223 224:227 225:227 228:255 256:259 260:261 262:263 264:271 267:270 272:288 282:287 289:291 292:294 295:299 300:302 303:308 309:312 317:319 320:322 321:322
mastodon/config/locales/simple_form.sv.yml	2:423 3:423 4:178 5:13 14:15 16:17 18:20 21:32 26:31 33:38 39:40 41:72 73:74 75:77 78:79 80:85 82:85 86:115 116:117 118:119 120:121 122:130 126:129 131:133 134:136 137:140 141:142 143:146 147:156 157:162 159:161 163:170 171:174 175:178 179:412 180:188 183:185 189:190 191:192 193:195 196:207 201:206 208:213 214:215 216:280 281:282 283:284 285:289 286:289 290:326 327:329 330:333 334:335 336:337 338:345 341:344 346:364 358:363 365:367 368:371 372:376 377:380 381:390 391:396 397:404 405:408 409:412 417:419 420:422 421:422
mastodon/config/locales/simple_form.zh-CN.yml	2:422 3:422 4:177 5:13 14:15 16:17 18:20 21:32 26:31 33:38 39:40 41:72 73:74 75:77 78:79 80:85 82:85 86:115 116:117 118:119 120:121 122:130 126:129 131:133 134:136 137:140 141:142 143:146 147:156 157:161 159:160 162:169 170:173 174:177 178:411 179:187 182:184 188:189 190:191 192:194 195:206 200:205 207:212 213:214 215:279 280:281 282:283 284:288 285:288 289:325 326:328 329:332 333:334 335:336 337:344 340:343 345:363 357:362 364:366 367:370 371:375 376:379 380:389 390:395 396:403 404:407 408:411 416:418 419:421 420:421
mastodon/config/locales/sr-Latn.yml	2:1830 3:8 9:24 10:13 18:19 20:23 25:952 26:28 29:32 33:167 39:45 46:50 78:82 88:95 106:109 124:127 135:137 141:143 168:277 169:220 221:271 278:294 280:281 284:286 296:329 316:317 330:359 336:339 340:343 344:347 348:351 360:363 361:363 364:370 371:412 373:381 390:398 393:397 413:429 416:419 421:423 422:423 425:427 430:433 431:432 434:444 435:440 442:443 445:452 453:524 454:466 455:458 460:463 472:483 476:480 484:492 493:499 505:508 509:512 525:532 527:531 533:547 537:543 544:545 548:549 550:565 566:568 569:651 570:574 571:574 577:582 585:587 595:596 608:614 628:644 629:633 634:638 652:712 654:657 658:663 669:672 673:711 713:719 720:768 721:725 726:728 729:731 732:734 735:738 739:741 742:748 749:752 753:756 757:762 758:761 763:767 769:771 772:782 778:781 783:806 788:790 796:797 807:818 808:815 819:857 820:821 822:823 824:825 826:827 828:830 831:833 834:835 836:837 838:840 841:843 844:845 846:848 849:851 852:854 855:857 858:860 862:925 866:879 873:874 875:878 883:887 889:901 897:900 902:924 904:909 921:924 926:931 932:952 942:945 953:990 954:956 957:968 958:965 969:971 972:974 975:978 979:981 982:990 984:985 986:987 988:989 991:997 998:1005 1001:1004 1006:1011 1012:1019 1020:1089 1022:1025 1026:1033 1036:1039 1052:1055 1056:1058 1063:1070 1073:1075 1076:1078 1079:1081 1082:1087 1090:1094 1095:1097 1096:1097 1098:1101 1099:1101 1102:1115 1103:1115 1116:1129 1122:1129 1130:1159 1131:1159 1138:1139 1149:1156 1160:1161 1162:1176 1168:1170 1172:1174 1177:1179 1180:1194 1181:1187 1195:1197 1196:1197 1198:1242 1199:1204 1205:1210 1211:1213 1214:1232 1220:1223 1224:1227 1228:1231 1233:1235 1236:1242 1238:1239 1240:1242 1243:1270 1245:1248 1249:1252 1262:1265 1267:1270 1271:1313 1272:1276 1280:1284 1287:1291 1295:1301 1303:1305 1306:1312 1314:1337 1317:1323 1328:1331 1334:1336 1338:1340 1339:1340 1341:1350 1342:1345 1351:1355 1352:1355 1356:1384 1361:1366 1377:1384 1385:1386 1387:1390 1391:1392 1393:1426 1394:1398 1395:1396 1397:1398 1399:1402 1403:1406 1407:1411 1412:1416 1417:1418 1419:1422 1423:1424 1425:1426 1427:1428 1429:1438 1430:1438 1431:1438 1433:1438 1439:1446 1447:1451 1452:1463 1453:1463 1464:1467 1468:1476 1477:1478 1479:1482 1480:1482 1483:1485 1486:1506 1507:1508 1509:1511 1510:1511 1512:1516 1514:1516 1517:1519 1520:1565 1523:1542 1548:1561 1566:1587 1588:1598 1590:1593 1599:1632 1600:1613 1601:1604 1606:1609 1610:1613 1617:1620 1622:1623 1625:1629 1631:1632 1633:1665 1652:1660 1666:1667 1668:1670 1669:1670 1671:1672 1673:1678 1674:1678 1679:1682 1680:1682 1683:1697 1698:1799 1699:1704 1705:1709 1710:1714 1715:1720 1721:1727 1728:1758 1731:1733 1734:1740 1743:1750 1751:1758 1759:1799 1785:1788 1800:1806 1807:1813 1814:1830 1816:1818 1822:1824
mastodon/config/locales/th.yml	2:1989 3:8 9:23 10:11 12:13 18:19 20:21 24:1060 25:29 30:33 34:171 41:47 48:53 83:87 93:100 111:112 127:130 139:141 145:147 172:310 173:240 241:304 311:329 313:314 317:319 320:321 331:364 351:352 365:386 371:372 373:374 375:376 377:378 387:390 388:390 391:397 398:439 400:408 417:425 420:424 440:459 443:444 447:449 448:449 451:454 460:463 461:462 464:474 465:470 472:473 475:490 476:480 477:480 481:489 484:486 491:498 499:567 500:502 503:511 504:505 507:508 517:528 521:525 529:537 538:544 550:551 552:555 568:575 570:574 576:590 580:586 587:588 591:592 593:608 609:611 612:696 613:615 614:615 618:623 628:630 638:639 651:657 672:689 673:677 678:682 697:755 699:700 701:706 712:713 714:754 756:764 765:817 766:770 771:773 774:776 777:779 780:783 784:786 787:794 795:798 799:801 800:801 802:805 806:811 807:810 812:816 818:820 821:832 828:831 833:863 838:841 848:849 864:875 865:872 876:917 877:878 879:880 881:882 883:884 885:887 888:890 891:892 893:894 895:897 898:900 901:902 903:905 906:908 909:911 912:914 915:917 918:937 919:928 938:957 944:945 949:953 952:953 959:1027 965:980 976:977 978:979 984:988 990:1004 1002:1003 1005:1025 1007:1012 1024:1025 1028:1035 1030:1031 1032:1034 1036:1041 1042:1060 1052:1053 1061:1098 1062:1064 1065:1076 1066:1073 1077:1079 1080:1082 1083:1086 1087:1089 1090:1098 1092:1093 1094:1095 1096:1097 1099:1105 1106:1114 1110:1113 1115:1121 1122:1129 1130:1207 1132:1135 1136:1145 1148:1151 1164:1168 1169:1171 1176:1183 1186:1190 1191:1193 1194:1196 1197:1204 1208:1215 1216:1220 1221:1223 1222:1223 1224:1227 1225:1227 1228:1241 1229:1241 1242:1258 1248:1258 1259:1288 1260:1288 1267:1268 1278:1285 1289:1290 1291:1305 1297:1299 1301:1303 1306:1308 1309:1323 1310:1316 1324:1326 1325:1326 1327:1365 1328:1333 1334:1339 1340:1342 1343:1355 1349:1350 1351:1352 1353:1354 1356:1358 1359:1365 1361:1362 1363:1365 1366:1385 1368:1369 1370:1371 1381:1382 1384:1385 1386:1454 1387:1391 1395:1399 1400:1412 1401:1402 1403:1404 1405:1406 1407:1408 1409:1410 1411:1412 1413:1425 1414:1415 1416:1417 1418:1419 1420:1421 1422:1423 1424:1425 1428:1432 1436:1442 1444:1446 1447:1453 1455:1476 1458:1464 1469:1470 1473:1475 1477:1481 1479:1481 1482:1484 1483:1484 1485:1495 1486:1490 1496:1501 1497:1501 1502:1530 1507:1512 1523:1530 1531:1532 1533:1536 1537:1538 1539:1572 1540:1544 1541:1542 1543:1544 1545:1548 1549:1552 1553:1557 1558:1562 1563:1564 1565:1568 1569:1570 1571:1572 1573:1576 1577:1586 1578:1586 1579:1586 1581:1586 1587:1594 1595:1599 1600:1612 1601:1611 1613:1616 1617:1625 1626:1627 1628:1631 1629:1631 1632:1634 1635:1655 1656:1657 1658:1660 1659:1660 1661:1665 1663:1665 1666:1667 1668:1670 1671:1716 1674:1693 1699:1712 1717:1740 1741:1751 1743:1746 1752:1787 1753:1760 1754:1755 1757:1758 1759:1760 1763:1765 1767:1768 1770:1771 1773:1777 1778:1781 1783:1787 1788:1820 1807:1815 1821:1822 1823:1825 1824:1825 1826:1827 1828:1829 1830:1835 1831:1835 1836:1839 1837:1839 1840:1854 1855:1956 1856:1861 1862:1866 1867:1871 1872:1877 1878:1884 1885:1886 1887:1917 1890:1892 1893:1899 1902:1909 1910:1917 1918:1956 1944:1945 1957:1964 1965:1972 1973:1989 1975:1977 1981:1983
mastodon/config/locales/tok.yml	2:76 3:8 9:21 10:11 16:17 18:19 22:74 23:25 26:57 30:35 45:49 50:51 58:60 61:64 62:64 63:64 65:67 68:70 69:70 71:72 73:74 75:76
mastodon/crowdin.yml	8:20 9:10 11:12 13:14 15:16 17:18 19:20
nowinandroid/.github/ISSUE_TEMPLATE/bug_report.yml	5:46 6:9 7:9 8:9 10:16 11:16 14:16 15:16 17:23 18:23 21:23 22:23 24:32 26:30 31:32 33:38 35:38 39:46 41:46 44:46 45:46
outline/.github/actionlint.yaml	1:5 3:5
outline/.github/workflows/auto-close-prs.yml	3:5 4:5 7:65 8:65 10:12 14:65 15:65 17:65 18:65
outline/.github/workflows/ci.yml	3:6 4:5 8:17 19:171 20:62 25:31 32:62 34:62 36:62 37:62 64:71 68:71 73:81 77:81 79:81 80:81 83:92 87:92 89:91 94:101 98:101 103:113 107:109 108:109 110:113 115:136 119:121 120:121 123:136 124:126 127:132 128:132 135:136 138:161 142:161 145:146 148:161 150:151 153:161 162:171 166:171 167:171 169:171
outline/.github/workflows/docker-nightly.yml	3:7 4:6 9:21 10:21 13:21 16:17 18:21
outline/.yarnrc.yml	7:11 12:15
paperless-ngx/.github/workflows/cleanup-tags.yml	8:11 10:11 12:14 16:65 17:41 22:25 24:25 26:28 29:41 30:41 33:41 42:65 46:47 49:52 51:52 53:55 56:65 57:65 60:65
paperless-ngx/crowdin.yml	4:8 5:6 7:8
redis/deps/hiredis/.github/workflows/test.yml	3:7 4:5 6:7 9:100 10:29 13:15 17:29 18:19 21:22 23:24 25:29 26:28 31:45 34:45 35:36 38:41 40:41 42:45 43:44 47:77 50:58 51:58 52:58 53:55 56:58 60:77 61:63 64:66 68:72 70:72 73:77 74:76 79:100 82:100 85:86 87:88 89:90 91:92 93:96 97:98 99:100
ripgrep/.github/ISSUE_TEMPLATE/bug_report.yml	3:101 4:12 5:12 6:12 14:20 16:20 18:20 19:20 22:29 24:27 28:29 31:41 33:39 35:38 40:41 43:50 45:48 49:50 52:59 54:57 58:59 61:72 63:70 65:68 69:70 71:72 74:92 76:90 78:83 84:90 91:92 94:101 96:99 100:101
ripgrep/.github/workflows/ci.yml	2:25 4:6 5:6 7:25 8:25 26:28 30:271 31:206 33:48 50:117 52:117 53:117 54:56 57:59 60:62 63:65 66:69 70:73 74:77 78:81 82:85 86:89 90:93 94:97 98:101 102:105 106:108 109:111 112:114 115:117 118:206 119:120 122:125 124:125 127:130 129:130 132:146 134:146 148:152 149:152 154:155 157:161 162:172 164:172 174:175 177:179 181:187 189:196 198:200 202:206 207:219 209:219 210:211 212:215 214:215 216:217 218:219 221:232 223:232 224:225 226:230 228:230 231:232 234:246 236:246 237:238 239:242 241:242 243:246 244:245 248:271 251:271 252:253 255:258 256:258 260:263 262:263 265:267 269:271
